Tiempo_s,L_GTUB_X,L_GTUB_Y,L_GTUB_Z,L_LEPIRAD_X,L_LEPIRAD_Y,L_LEPIRAD_Z,L_METAR_X,L_METAR_Y,L_METAR_Z,LF_DPHAL_X,LF_DPHAL_Y,LF_DPHAL_Z,R_GTUB_X,R_GTUB_Y,R_GTUB_Z,R_LEPIRAD_X,R_LEPIRAD_Y,R_LEPIRAD_Z,R_METAR_X,R_METAR_Y,R_METAR_Z,RF_DPHAL_X,RF_DPHAL_Y,RF_DPHAL_Z,L_GTROC_X,L_GTROC_Y,L_GTROC_Z,L_LEPI_X,L_LEPI_Y,L_LEPI_Z,L_LMAL_X,L_LMAL_Y,L_LMAL_Z,LH_PPHAL_X,LH_PPHAL_Y,LH_PPHAL_Z,R_GTROC_X,R_GTROC_Y,R_GTROC_Z,R_LEPI_X,R_LEPI_Y,R_LEPI_Z,R_LMAL_X,R_LMAL_Y,R_LMAL_Z,RH_PPHAL_X,RH_PPHAL_Y,RH_PPHAL_Z,T13_X,T13_Y,T13_Z,fl_hip_angle,fl_knee_angle,fl_ankle_angle,fr_hip_angle,fr_knee_angle,fr_ankle_angle,bl_hip_angle,bl_knee_angle,bl_ankle_angle,br_hip_angle,br_knee_angle,br_ankle_angle
0.0,310.474853515625,-328.8194580078125,563.5538940429688,288.30322265625,-460.057373046875,415.4388427734375,298.4380187988281,-292.560302734375,251.61605834960938,274.8045349121094,-249.73873901367188,69.38689422607422,545.2967529296875,-419.0247802734375,554.7469482421875,522.1940307617188,-540.387939453125,427.0799560546875,493.76788330078125,-533.0515747070312,210.7164764404297,509.9211730957031,-518.36474609375,30.708730697631836,226.03817749023438,-1053.5894775390625,600.4136352539062,214.90438842773438,-961.371826171875,515.9376220703125,246.0196533203125,-1071.006591796875,235.1066436767578,262.9836120605469,-998.8566284179688,68.2672119140625,473.6325378417969,-1083.590087890625,625.5482788085938,512.7156982421875,-1002.0242309570312,535.3670043945312,508.2750244140625,-1231.8284912109375,284.234130859375,509.2800598144531,-1279.7384033203125,109.39552307128906,349.1912841796875,-696.5758056640625,740.5138549804688,41.54267230025653,92.82195242269677,141.94458878196684,43.54995104774858,134.50803103002204,93.7063496550607,-47.50874694462607,-111.16587131202796,-40.27098268774114,-42.12825692127112,-95.41103404713613,-68.60700733443355
0.005,310.21710205078125,-327.21710205078125,563.7871704101562,288.55078125,-457.97979736328125,415.63031005859375,298.443359375,-290.2857666015625,250.92845153808594,274.8782653808594,-245.588134765625,69.17205047607422,545.1660766601562,-417.52374267578125,554.54248046875,522.087646484375,-538.6683959960938,427.07940673828125,493.6480712890625,-532.663330078125,210.78590393066406,509.9383850097656,-518.458251953125,30.631431579589844,226.0374298095703,-1052.1934814453125,600.6412963867188,214.71543884277344,-959.9033813476562,516.2236328125,246.00119018554688,-1070.5411376953125,235.45681762695312,262.9591979980469,-998.7372436523438,68.3973617553711,473.78717041015625,-1081.337646484375,625.3842163085938,512.635986328125,-999.6484375,535.3810424804688,507.8061218261719,-1229.149658203125,285.0729064941406,508.6445007324219,-1275.1995849609375,109.99069213867188,348.9483642578125,-694.5490112304688,740.6466674804688,41.43150415302955,93.05274274647735,142.19480778561092,43.544128493157075,134.86554833004914,93.18699208911261,-47.5508745052083,-110.94192410887,-40.13251280167026,-42.22769708657273,-95.25537659570507,-67.76379264012874
0.01,309.8783874511719,-325.12896728515625,564.0641479492188,288.8641662597656,-455.2744140625,415.85076904296875,298.4447937011719,-287.3671875,250.03065490722656,274.9641418457031,-240.3327178955078,68.87042236328125,544.99267578125,-415.5722961425781,554.2835083007812,521.9387817382812,-536.4815063476562,427.07135009765625,493.49249267578125,-532.1453857421875,210.8747100830078,509.9580993652344,-518.5866088867188,30.538469314575195,226.03524780273438,-1050.3643798828125,600.9375610351562,214.4693603515625,-957.9864501953125,516.5951538085938,245.97897338867188,-1069.9183349609375,235.9120330810547,262.927978515625,-998.5797729492188,68.567626953125,473.9796142578125,-1078.411865234375,625.1834106445312,512.5372924804688,-996.558837890625,535.4027099609375,507.2062683105469,-1225.6087646484375,286.1283874511719,507.819091796875,-1269.2496337890625,110.76361083984375,348.6466979980469,-691.9199829101562,740.824462890625,41.286210517359564,93.35546950149705,142.485050453462,43.544846531955926,135.30616194972674,92.53844030460937,-47.603461626591184,-110.65522515090272,-39.963315814326165,-42.35541714971106,-95.06570770484393,-66.68491666334057
0.015,309.4578552246094,-322.55645751953125,564.3713989257812,289.23834228515625,-451.9446105957031,416.08587646484375,298.439697265625,-283.82965087890625,248.92282104492188,275.05706787109375,-234.05149841308594,68.47187042236328,544.7750244140625,-413.17401123046875,553.9739990234375,521.7424926757812,-533.8544311523438,427.0523986816406,493.3016357421875,-531.4915771484375,210.98196411132812,509.97882080078125,-518.7527465820312,30.434038162231445,226.03097534179688,-1048.0980224609375,601.302001953125,214.16641235351562,-955.6207275390625,517.0510864257812,245.95384216308594,-1069.13037109375,236.47137451171875,262.8902587890625,-998.3834228515625,68.77816772460938,474.2053527832031,-1074.8194580078125,624.9524536132812,512.4222412109375,-992.7608032226562,535.433837890625,506.4812927246094,-1221.1837158203125,287.3812561035156,506.80584716796875,-1261.8753662109375,111.71214294433594,348.2937316894531,-688.6965942382812,741.0491943359375,41.106679815610846,93.73064935688274,142.79777275558115,43.55607966642117,135.8173831302272,91.77459813166956,-47.66509144220598,-110.3089177802253,-39.769761860190016,-42.510420543180544,-94.84869668791393,-65.38014652385557
0.02,308.958251953125,-319.5213623046875,564.6912231445312,289.6645202636719,-448.0215148925781,416.317626953125,298.42523193359375,-279.73046875,247.6143798828125,275.1507873535156,-226.8833465576172,67.96856689453125,544.5133666992188,-410.3517761230469,553.6207885742188,521.4950561523438,-530.8380126953125,427.0192565917969,493.07763671875,-530.6992797851562,211.10565185546875,509.9984436035156,-518.95849609375,30.32415199279785,226.0238494873047,-1045.408447265625,601.7311401367188,213.809326171875,-952.82470703125,517.586669921875,245.92677307128906,-1068.1751708984375,237.12933349609375,262.84661865234375,-998.1488037109375,69.02748107910156,474.4573974609375,-1070.596923828125,624.7007446289062,512.2947387695312,-988.2909545898438,535.4766235351562,505.6436462402344,-1215.884765625,288.799560546875,505.6151428222656,-1253.1207275390625,112.82589721679688,347.9005126953125,-684.913330078125,741.3212890625,40.894464630660224,94.17561774808598,143.11135736235326,43.58224830215653,136.38093693044004,90.91714497383248,-47.73395806704616,-109.90896267578147,-39.5598072452936,-42.69039831385868,-94.61377079257367,-63.870904165224815
0.025,308.38470458984375,-316.05682373046875,565.0037841796875,290.1314697265625,-443.55230712890625,416.5264892578125,298.39849853515625,-275.14544677734375,246.1204376220703,275.23846435546875,-218.998779296875,67.35462188720703,544.2086791992188,-407.1391296386719,553.2322998046875,521.193359375,-527.4945678710938,426.9690246582031,492.8238220214844,-529.7669067382812,211.24310302734375,510.01446533203125,-519.20458984375,30.216217041015625,226.01303100585938,-1042.319091796875,602.2196044921875,213.4022216796875,-949.6273803710938,518.1948852539062,245.89869689941406,-1067.053955078125,237.8777618408203,262.7978210449219,-997.8773193359375,69.31304168701172,474.7276611328125,-1065.7967529296875,624.439208984375,512.1591186523438,-983.2034301757812,535.5335693359375,504.70916748046875,-1209.740966796875,290.3446350097656,504.26214599609375,-1243.0618896484375,114.08946990966797,347.4796142578125,-680.619384765625,741.6400146484375,40.652248970179016,94.68582519887462,143.4028554163931,43.62772216424895,136.97577791970548,89.99117662024105,-47.80780055190223,-109.46308840335558,-39.34271776494231,-42.89208096340485,-94.37213375954187,-62.185439808331594
0.03,307.7440185546875,-312.2008056640625,565.2887573242188,290.6268615722656,-438.5925598144531,416.69287109375,298.3568420410156,-270.1590881347656,244.45928955078125,275.3133850097656,-210.57989501953125,66.6259536743164,543.8623657226562,-403.5740051269531,552.817626953125,520.8350219726562,-523.8894653320312,426.8995666503906,492.54412841796875,-528.6925048828125,211.39126586914062,510.02386474609375,-519.4908447265625,30.1187801361084,225.99749755859375,-1038.85791015625,602.76123046875,212.94992065429688,-946.0625610351562,518.867431640625,245.8703155517578,-1065.7694091796875,238.70733642578125,262.7445068359375,-997.5706787109375,69.6318130493164,475.0076599121094,-1060.4793701171875,624.1795654296875,512.02001953125,-977.560546875,535.6077880859375,503.69500732421875,-1202.7904052734375,291.9750671386719,502.7640380859375,-1231.7900390625,115.48467254638672,347.04400634765625,-675.8704833984375,742.0038452148438,40.38361455380826,95.25548812605791,143.65043170193474,43.696562674514325,137.5801786095538,89.02230857483778,-47.88410707144408,-108.97983592677754,-39.128427148110745,-43.11200629156198,-94.13570005433272,-60.354745421957716
0.035,307.0440368652344,-307.9919738769531,565.5263061523438,291.1378479003906,-433.20086669921875,416.79827880859375,298.2978515625,-264.85833740234375,242.65078735351562,275.36920166015625,-201.80709838867188,65.78031921386719,543.47607421875,-399.69488525390625,552.3857421875,520.4183959960938,-520.0857543945312,426.8095397949219,492.2429504394531,-527.4721069335938,211.54684448242188,510.0231628417969,-519.816162109375,30.04141616821289,225.97618103027344,-1035.053955078125,603.3493041992188,212.45741271972656,-942.1651000976562,519.5958862304688,245.8419647216797,-1064.32568359375,239.6083526611328,262.6873474121094,-997.2308349609375,69.9805679321289,475.2891540527344,-1054.7061767578125,623.9332275390625,511.8817443847656,-971.4264526367188,535.7030029296875,502.6182556152344,-1195.0740966796875,293.6493225097656,501.13861083984375,-1219.400390625,116.99185943603516,346.60577392578125,-670.7230834960938,742.4107055664062,40.092845923521736,95.87818379312955,143.83492710001747,43.79230293736899,138.1729277270211,88.03469392129296,-47.96053749794706,-108.46747154497524,-38.9260749578782,-43.34666120399501,-93.91667699302005,-58.41051717552517
0.04,306.2936096191406,-303.46728515625,565.6978149414062,291.6515808105469,-427.436279296875,416.82623291015625,298.219482421875,-259.3287658691406,240.71539306640625,275.40045166015625,-192.85081481933594,64.81739807128906,543.0513916015625,-395.5382995605469,551.9451293945312,519.9420776367188,-516.140625,426.6986389160156,491.9250183105469,-526.09912109375,211.70639038085938,510.00848388671875,-520.1780395507812,29.99467658996582,225.94784545898438,-1030.9354248046875,603.9771728515625,211.92970275878906,-937.9685668945312,520.3714599609375,245.8135528564453,-1062.7269287109375,240.57139587402344,262.6268310546875,-996.859375,70.35602569580078,475.56451416015625,-1048.536865234375,623.71142578125,511.748291015625,-964.8636474609375,535.8233642578125,501.4949035644531,-1186.6326904296875,295.32757568359375,499.4031677246094,-1205.9862060546875,118.59068298339844,346.17572021484375,-665.2314453125,742.85791015625,39.78497344812149,96.5469550117457,143.94133543991165,43.917792583886126,138.7342669793943,87.04984990896219,-48.03474337876162,-107.93393072544463,-38.7444463029577,-43.59266501629571,-93.72716775897743,-56.38375886710274
0.045,305.5021667480469,-298.6607971191406,565.786376953125,292.155517578125,-421.3565673828125,416.7627868652344,298.1200256347656,-253.65232849121094,238.6737518310547,275.4024963378906,-183.86685180664062,63.73898696899414,542.5897827148438,-391.1376953125,551.5035400390625,519.4057006835938,-512.1035766601562,426.5675048828125,491.5954284667969,-524.5639038085938,211.8663330078125,509.9754333496094,-520.57275390625,29.990102767944336,225.9112091064453,-1026.528564453125,604.63818359375,211.37156677246094,-933.504638671875,521.1858520507812,245.7845001220703,-1060.97802734375,241.5874786376953,262.5633239746094,-996.4580688476562,70.7549819946289,475.82684326171875,-1042.0272216796875,623.5244140625,511.6230773925781,-957.9312133789062,535.9735107421875,500.3394775390625,-1177.5048828125,296.97235107421875,497.5740966796875,-1191.6353759765625,120.26043701171875,345.7627868652344,-659.44580078125,743.3424682617188,39.465691776048914,97.254486872538,143.95939154621772,44.07502430867328,139.24644913562372,86.0856902372633,-48.104526110192126,-107.38646973788794,-38.59141289933402,-43.84691093039379,-93.57897010097783,-54.303899213665275
0.05,304.6799011230469,-293.6032409667969,565.77734375,292.6376647949219,-415.0178527832031,416.59710693359375,297.9981384277344,-247.9064178466797,236.54638671875,275.3717956542969,-174.99412536621094,62.549102783203125,542.0928955078125,-386.5228576660156,551.0677490234375,518.8091430664062,-508.0155334472656,426.417724609375,491.25946044921875,-522.8532104492188,212.02305603027344,509.9192199707031,-520.9947509765625,30.040224075317383,225.86492919921875,-1021.8577270507812,605.3258666992188,210.78762817382812,-928.8021850585938,522.03076171875,245.7537841796875,-1059.0841064453125,242.6482391357422,262.4969787597656,-996.0283203125,71.17427825927734,476.0702819824219,-1035.228515625,623.381591796875,511.5088195800781,-950.6837768554688,536.1585693359375,499.16461181640625,-1167.7266845703125,298.5491638183594,495.6666259765625,-1176.4296875,121.9801025390625,345.37384033203125,-653.4116821289062,743.8606567382812,39.1414076279537,97.99310909920649,143.88406390089006,44.26508960029196,139.69388418179983,85.15630557095687,-48.16790371278037,-106.83147107405519,-38.473676289301295,-44.1066896583616,-93.48335710865604,-52.19846481757594
0.055,303.83758544921875,-288.3220520019531,565.658203125,293.0866394042969,-408.47442626953125,416.32183837890625,297.8527526855469,-242.1631317138672,234.3536834716797,275.3058776855469,-166.35379028320312,61.25410842895508,541.5620727539062,-381.7200622558594,550.6436157226562,518.1533203125,-503.9089660644531,426.2517395019531,490.9228820800781,-520.9505615234375,212.1728057861328,509.83453369140625,-521.4365234375,30.158554077148438,225.8076171875,-1016.9451293945312,606.0338134765625,210.182373046875,-923.8876342773438,522.8983764648438,245.7198944091797,-1057.050537109375,243.7458953857422,262.42779541015625,-995.571533203125,71.61087799072266,476.28997802734375,-1028.1875,623.2913208007812,511.4075622558594,-943.171630859375,536.3837280273438,497.9811096191406,-1157.331787109375,300.02642822265625,493.69482421875,-1160.445068359375,123.72830963134766,345.01361083984375,-647.1696166992188,744.4085083007812,38.81930217375373,98.75468960714494,143.7157338614993,44.48812854142167,140.06326206680296,84.27189218684481,-48.223127338010954,-106.27453188185504,-38.39692751083601,-44.369583388905454,-93.45111754998209,-50.09322582723436
0.06,302.986328125,-282.8417053222656,565.4190063476562,293.491943359375,-401.7789306640625,415.9332275390625,297.6831970214844,-236.48912048339844,232.11578369140625,275.2033386230469,-158.04934692382812,59.86269760131836,540.998779296875,-376.75201416015625,550.2359008789062,517.4397583007812,-499.80804443359375,426.0726318359375,490.5916748046875,-518.8358154296875,212.31178283691406,509.7158508300781,-521.8883666992188,30.35951805114746,225.7378692626953,-1011.8113403320312,606.7556762695312,209.56015014648438,-918.7850341796875,523.78076171875,245.68093872070312,-1054.88330078125,244.87322998046875,262.3556213378906,-995.0889892578125,72.06178283691406,476.48199462890625,-1020.9466552734375,623.2604370117188,511.3205261230469,-935.4408569335938,536.6543579101562,496.7977600097656,-1146.3519287109375,301.3754577636719,491.67169189453125,-1143.752685546875,125.48323822021484,344.6845703125,-640.7554931640625,744.9812622070312,38.50724559631726,99.53067535851505,143.4599102991573,44.74338700741461,140.34334961395416,83.43889575159352,-48.26859910426123,-105.72045336278214,-38.36577498118646,-44.633723214878245,-93.49227291940849,-48.01192428501349
0.065,302.1376647949219,-277.18408203125,565.0523071289062,293.84393310546875,-394.9822082519531,415.4313659667969,297.489013671875,-230.94528198242188,229.85260009765625,275.0639343261719,-150.16708374023438,58.385799407958984,540.404541015625,-371.6383056640625,549.8484497070312,516.6707153320312,-495.729248046875,425.8840026855469,490.2723388671875,-516.48583984375,212.43612670898438,509.5572814941406,-522.3378295898438,30.65835952758789,225.65438842773438,-1006.4755249023438,607.4853515625,208.9252471923828,-913.516357421875,524.6705322265625,245.63465881347656,-1052.589111328125,246.0235137939453,262.2801818847656,-994.5821533203125,72.5240478515625,476.6435241699219,-1013.5444946289062,623.2947387695312,511.24822998046875,-927.5336303710938,536.9755249023438,495.6214599609375,-1134.8175048828125,302.5704650878906,489.6092834472656,-1126.4195556640625,127.22254180908203,344.38690185546875,-634.2007446289062,745.57373046875,38.213727108516025,100.31213890744402,143.12676443846675,45.02921786832064,140.52500694858475,82.66031901340222,-48.30301614747708,-105.17319604027894,-38.38359027855847,-44.89748097041621,-93.61626088353378,-45.976804692062444
0.07,301.3031311035156,-271.3688049316406,564.5535278320312,294.1341857910156,-388.1333923339844,414.8201904296875,297.2698974609375,-225.58633422851562,227.58370971679688,274.8883056640625,-142.77674865722656,56.83637619018555,539.7810668945312,-366.395751953125,549.484130859375,515.8493041992188,-491.6820373535156,425.68975830078125,489.9716491699219,-513.8743896484375,212.54196166992188,509.3528137207031,-522.7698364257812,31.070955276489258,225.55592346191406,-1000.9557495117188,608.2166748046875,208.28195190429688,-908.1016845703125,525.5599975585938,245.57855224609375,-1050.1749267578125,247.19046020507812,262.2010803222656,-994.0524291992188,72.9947738647461,476.7726135253906,-1006.0159912109375,623.3983154296875,511.1903381347656,-919.4884643554688,537.3521118164062,494.4572448730469,-1122.7576904296875,303.5882263183594,487.5187072753906,-1108.5101318359375,128.92332458496094,344.11865234375,-627.532470703125,746.1802978515625,37.947707849316856,101.08981042013869,142.73050266858723,45.34317914414336,140.60088022680122,81.93598875952182,-48.32521617266147,-104.63609025009384,-38.45293250515067,-45.159802530634465,-93.83162946215893,-44.008488115782455
0.075,300.4939270019531,-265.4136962890625,563.9205322265625,294.3553771972656,-381.27960205078125,414.1073913574219,297.0258483886719,-220.46051025390625,225.32827758789062,274.67803955078125,-135.93226623535156,55.22914505004883,539.1300048828125,-361.03839111328125,549.1446533203125,514.9793090820312,-487.6694030761719,425.4937744140625,489.6966857910156,-510.9728698730469,212.62547302246094,509.0965576171875,-523.1661376953125,31.613574981689453,225.44139099121094,-995.269287109375,608.9434814453125,207.63455200195312,-902.5595703125,526.4419555664062,245.50997924804688,-1047.6485595703125,248.36813354492188,262.1178894042969,-993.5014038085938,73.47107696533203,476.8682556152344,-998.392822265625,623.5739135742188,511.1457824707031,-911.3402099609375,537.7881469726562,493.3083801269531,-1110.2010498046875,304.4081726074219,485.4101867675781,-1090.08642578125,130.56222534179688,343.8758239746094,-620.7741088867188,746.794677734375,37.718467648369,101.85417777993894,142.28868815913768,45.68219469284503,140.5653041746187,81.26317167349168,-48.334408205117256,-104.11164730588497,-38.57500509354503,-45.41995078140482,-94.14605045118967,-42.12611214619241
0.08,299.7207946777344,-259.3350524902344,563.1542358398438,294.50164794921875,-374.46533203125,413.30419921875,296.7569580078125,-215.6089630126953,223.10487365722656,274.4356384277344,-129.672607421875,53.580177307128906,538.4533081054688,-355.5780334472656,548.8310546875,514.065185546875,-483.6888122558594,425.2998046875,489.4546813964844,-507.750732421875,212.68295288085938,508.78271484375,-523.50537109375,32.30257797241211,225.3098907470703,-989.4328002929688,609.6597900390625,206.98739624023438,-896.9069213867188,527.30908203125,245.42625427246094,-1045.01806640625,249.55091857910156,262.0300598144531,-992.9308471679688,73.95013427734375,476.9302673339844,-990.70361328125,623.8225708007812,511.1126708984375,-903.12060546875,538.2869262695312,492.1763916015625,-1097.17578125,305.0121765136719,483.2931823730469,-1071.2091064453125,132.115478515625,343.65240478515625,-613.9452514648438,747.4104614257812,37.53519211997511,102.5958396221157,141.82095539884773,46.04258701654663,140.41412418448192,80.63684771169125,-48.32999280673573,-103.6017830469136,-38.7502260248537,-45.67756885313432,-94.56624463514973,-40.34748427973369
0.085,298.9933776855469,-253.14793395996094,562.2581787109375,294.568603515625,-367.732177734375,412.4250793457031,296.4634094238281,-211.06532287597656,220.93141174316406,274.1641540527344,-124.02262115478516,51.90646743774414,537.7529907226562,-350.0242614746094,548.5433959960938,513.1121215820312,-479.7326965332031,425.1112976074219,489.2529296875,-504.1759948730469,212.7109832763672,508.4060363769531,-523.7628784179688,33.15402603149414,225.16073608398438,-983.4623413085938,610.3597412109375,206.3448028564453,-891.1594848632812,528.1541137695312,245.32473754882812,-1042.292236328125,250.7334442138672,261.9371032714844,-992.3427734375,74.42913818359375,476.9591369628906,-982.9739990234375,624.143798828125,511.08837890625,-894.8578491210938,538.8507690429688,491.06121826171875,-1083.7099609375,305.38458251953125,481.1763000488281,-1051.9378662109375,133.55918884277344,343.44073486328125,-607.0621337890625,748.0208740234375,37.406802275123255,103.30554414842544,141.3483471994698,46.42029384340091,140.14449827663685,80.05032856445274,-48.311496786216935,-103.10791508961444,-38.97825435571366,-45.932699064187034,-95.0977104974831,-38.68882410361576
0.09,298.32000732421875,-246.86634826660156,561.2384643554688,294.55340576171875,-361.1179504394531,411.4871826171875,296.14569091796875,-206.8551483154297,218.8248748779297,273.8673095703125,-118.99400329589844,50.225460052490234,537.03125,-344.38470458984375,548.281005859375,512.1258544921875,-475.7891540527344,424.9310302734375,489.09857177734375,-500.21612548828125,212.70652770996094,507.9619140625,-523.9105834960938,34.183265686035156,224.9935302734375,-977.37353515625,611.0375366210938,205.71109008789062,-885.3316040039062,528.9700927734375,245.2030029296875,-1039.4798583984375,251.9105682373047,261.8385314941406,-991.7396850585938,74.90534210205078,476.9560546875,-975.2268676757812,624.535400390625,511.06964111328125,-886.5769653320312,539.4806518554688,489.96136474609375,-1069.8314208984375,305.51226806640625,479.06732177734375,-1032.331787109375,134.8695526123047,343.23150634765625,-600.1377563476562,748.619140625,37.341545587778626,103.97454468723669,140.89208717425242,46.81089565839795,139.75493713717447,79.4955772194416,-48.27881275483526,-102.6308348315153,-39.2579065700142,-46.18567772375519,-95.74469393571148,-37.16497374442733
0.095,297.70721435546875,-240.50357055664062,560.1039428710938,294.4547424316406,-354.6560974121094,410.5099182128906,295.80426025390625,-202.99563598632812,216.80125427246094,273.54913330078125,-114.58631134033203,48.554542541503906,536.29052734375,-338.6651916503906,548.0424194335938,511.1127014160156,-471.84271240234375,424.7611389160156,488.9983825683594,-495.83868408203125,212.6670379638672,507.4466857910156,-523.9171752929688,35.40442657470703,224.80816650390625,-971.1815795898438,611.687744140625,205.09056091308594,-879.4364013671875,529.7500610351562,245.0589141845703,-1036.590087890625,253.0773162841797,261.73394775390625,-991.1241455078125,75.37605285644531,476.92266845703125,-967.482421875,624.9937744140625,511.0524597167969,-878.2997436523438,540.1760864257812,488.8739318847656,-1055.568359375,305.38458251953125,476.9732360839844,-1012.4498901367188,136.0231475830078,343.01434326171875,-593.1820678710938,749.198486328125,37.34660563251603,104.59491162370227,140.47246666466032,47.20983492341992,139.2450655683046,78.96387016717136,-48.23193639193141,-102.17092999485403,-39.58739806556406,-46.4370261428831,-96.5100091815702,-35.78925478002694
0.1,297.1595153808594,-234.0723114013672,558.8657836914062,294.2730407714844,-348.3751525878906,409.5140686035156,295.43994140625,-199.49542236328125,214.87533569335938,273.2139892578125,-110.78817749023438,46.91058349609375,535.5333251953125,-332.8699951171875,547.8257446289062,510.0793151855469,-467.87493896484375,424.602783203125,488.9585876464844,-491.0123291015625,212.59071350097656,506.8577880859375,-523.7479858398438,36.82991409301758,224.60487365722656,-964.901123046875,612.3049926757812,204.4873809814453,-873.48583984375,530.4873046875,244.89071655273438,-1033.6318359375,254.2288360595703,261.6230163574219,-990.499267578125,75.8386459350586,476.8610534667969,-959.7581787109375,625.5134887695312,511.03228759765625,-870.0445556640625,540.9353637695312,487.79486083984375,-1040.949462890625,304.9935302734375,474.900146484375,-992.3508911132812,136.99737548828125,342.77777099609375,-586.2024536132812,749.7523193359375,37.427791477910034,105.15972980546553,140.10794534953334,47.61238232451626,138.61579713078777,78.44606742455329,-48.17110590083547,-101.72818574901652,-39.96453235344447,-46.68772910533977,-97.39450761113923,-34.5724768257314
0.105,296.678955078125,-227.58494567871094,557.5374145507812,294.0101623535156,-342.2980041503906,408.5213623046875,295.05364990234375,-196.35458374023438,213.06053161621094,272.86639404296875,-107.57854461669922,45.30947494506836,534.76220703125,-327.0019226074219,547.6287231445312,509.0326843261719,-463.8651123046875,424.4562683105469,488.98455810546875,-485.70751953125,212.4766082763672,506.1941223144531,-523.3655395507812,38.4698600769043,224.3841552734375,-958.5465698242188,612.8844604492188,203.90557861328125,-867.4908447265625,531.1754150390625,244.69715881347656,-1030.614013671875,255.36033630371094,261.505615234375,-989.8684692382812,76.29058074951172,476.77362060546875,-952.0690307617188,626.087890625,511.004150390625,-861.8269653320312,541.7548828125,486.71917724609375,-1026.0042724609375,304.3338317871094,472.8533630371094,-972.0938720703125,137.7707977294922,342.5098571777344,-579.2037353515625,750.2743530273438,37.589197620119904,105.66345686675692,139.81411558439265,48.013808873869266,137.86919264177448,77.93315718500708,-48.09671781186691,-101.30226857140599,-40.386720349690194,-46.93862071459887,-98.39741490148721,-33.52391192988728
0.11,296.2650451660156,-221.05364990234375,556.1342163085938,293.66949462890625,-336.4415588378906,407.5533752441406,294.64654541015625,-193.56491088867188,211.3687744140625,272.5107116699219,-104.9280776977539,43.7657470703125,533.9798583984375,-321.062744140625,547.4486694335938,507.98004150390625,-459.79083251953125,424.3206787109375,489.08056640625,-479.89752197265625,212.3248291015625,505.4561462402344,-522.7294921875,40.33157730102539,224.1468963623047,-952.131591796875,613.42138671875,203.34896850585938,-861.46142578125,531.8080444335938,244.47752380371094,-1027.5455322265625,256.4671325683594,261.3817443847656,-989.235595703125,76.72940063476562,476.6629333496094,-944.4275512695312,626.708740234375,510.9626159667969,-853.6593627929688,542.6295776367188,485.6409912109375,-1010.7635498046875,303.4030456542969,470.8373107910156,-951.7384643554688,138.32357788085938,342.19842529296875,-572.1889038085938,750.7589111328125,37.832920037517056,106.10210603981261,139.60293129813653,48.40937113003588,137.00862458509772,77.41666875374267,-48.009229127642556,-100.89262473010851,-40.85122183777551,-47.19086044821239,-99.51554350664917,-32.64988931051164
0.115,295.91461181640625,-214.49061584472656,554.6731567382812,293.25567626953125,-330.8165283203125,406.63104248046875,294.2200927734375,-191.1104278564453,209.8103790283203,272.15130615234375,-102.80057525634766,42.29224395751953,533.18896484375,-315.0531311035156,547.2827758789062,506.9287109375,-455.6287536621094,424.1941833496094,489.24951171875,-473.5592041015625,212.13671875,504.6460876464844,-521.7970581054688,42.419010162353516,223.89425659179688,-945.6695556640625,613.9116821289062,202.82106018066406,-855.4065551757812,532.37939453125,244.231689453125,-1024.4344482421875,257.5445251464844,261.2515869140625,-988.6048583984375,77.15277862548828,476.53167724609375,-936.8438720703125,627.3667602539062,510.9019470214844,-845.55126953125,543.5527954101562,484.5539855957031,-995.2600708007812,302.2016296386719,468.85565185546875,-931.3449096679688,138.63790893554688,341.8313903808594,-565.1591186523438,751.2008666992188,38.15892755817703,106.47339916342656,139.4821988180314,48.79447698619987,136.03865288244526,76.88939951698939,-47.90929407288587,-100.49851735654431,-41.3552826859451,-47.44556291557893,-100.7433373794609,-31.95390016592131
0.12,295.6217041015625,-207.90818786621094,553.1727294921875,292.7745056152344,-325.4271545410156,405.7738342285156,293.7759704589844,-188.96815490722656,208.3938751220703,271.7922668457031,-101.15450286865234,40.89987564086914,532.3922119140625,-308.9731750488281,547.1283569335938,505.8860168457031,-451.3551330566406,424.07379150390625,489.4927978515625,-466.6739196777344,211.9150390625,503.7679443359375,-520.5236206054688,44.73225784301758,223.62771606445312,-939.1732177734375,614.3515014648438,202.32498168945312,-849.3346557617188,532.8837890625,243.9601593017578,-1021.2888793945312,258.58782958984375,261.1155700683594,-987.9806518554688,77.55848693847656,476.382568359375,-929.3258666992188,628.051513671875,510.8163146972656,-837.509765625,544.5162963867188,483.4514465332031,-979.52880859375,300.733154296875,466.91131591796875,-910.974609375,138.69850158691406,341.3973083496094,-558.1146240234375,751.5958251953125,38.56483922958017,106.77704548462219,139.4548901880837,49.16456322934681,134.96527479798237,76.34549924849023,-47.79752253597613,-100.11916523509655,-41.89619281400442,-47.70375758198776,-102.07274665020758,-31.436565643766926
0.125,295.37786865234375,-201.31884765625,551.6522216796875,292.23260498046875,-320.27154541015625,404.99908447265625,293.316162109375,-187.1090545654297,207.12596130371094,271.4372863769531,-99.94445037841797,39.59745407104492,531.5922241210938,-302.8223876953125,546.9827270507812,504.8591613769531,-446.9465026855469,423.9554138183594,489.8100280761719,-459.22808837890625,211.66404724121094,502.8276062011719,-518.8632202148438,47.26713562011719,223.34896850585938,-932.65478515625,614.7376708984375,201.86343383789062,-843.2533569335938,533.3161010742188,243.66407775878906,-1018.1160278320312,259.5923767089844,260.9743347167969,-987.3679809570312,77.9444580078125,476.2182922363281,-921.8795166015625,628.7515869140625,510.6998596191406,-829.5394897460938,545.5104370117188,482.3265686035156,-963.6079711914062,299.0043640136719,465.0065002441406,-890.6900634765625,138.4929656982422,340.88555908203125,-551.0546875,751.9404907226562,39.046059572281735,107.01460663401275,139.51928439214032,49.515245886650064,133.79576743958899,75.78119164132767,-47.67458169438663,-99.75379534356654,-42.471669886720804,-47.96649868142654,-103.49283897924997,-31.09475818581447
0.13,295.1721496582031,-194.7353973388672,550.131591796875,291.6372375488281,-315.341796875,404.321533203125,292.8429260253906,-185.49917602539062,206.0113983154297,271.0897521972656,-99.12260437011719,38.39162826538086,530.79150390625,-296.60009765625,546.8434448242188,503.8550720214844,-442.38018798828125,423.8341064453125,490.19891357421875,-451.2138977050781,211.38973999023438,501.832763671875,-516.76904296875,50.01481628417969,223.05999755859375,-926.1260375976562,615.0674438476562,201.43862915039062,-837.169921875,533.671630859375,243.34515380859375,-1014.9226684570312,260.5535583496094,260.82879638671875,-986.771728515625,78.30878448486328,476.04144287109375,-914.5086669921875,629.4549560546875,510.5467529296875,-821.64306640625,546.5241088867188,481.1727600097656,-947.5391845703125,297.025146484375,463.1427917480469,-870.5549926757812,138.0122528076172,340.28680419921875,-543.978515625,752.232177734375,39.59576054691726,107.18965546600737,139.66872469028203,49.842304440129,132.5387560336742,75.19514155676472,-47.541147497061615,-99.40166816314803,-43.079570355546934,-48.23450578939668,-104.99017646301196,-30.922280544638284
0.135,294.99163818359375,-188.17079162597656,548.6310424804688,290.99603271484375,-310.6244812011719,403.7527770996094,292.358642578125,-184.10096740722656,205.05294799804688,270.7525634765625,-98.64006805419922,37.286865234375,529.9923095703125,-290.30548095703125,546.7085571289062,502.8803405761719,-437.634765625,423.7041320800781,490.6551513671875,-442.62957763671875,211.09982299804688,500.792724609375,-514.1942138671875,52.96162033081055,222.7628936767578,-919.597900390625,615.338623046875,201.0521697998047,-831.091064453125,533.946044921875,243.0056610107422,-1011.71484375,261.4667663574219,260.679931640625,-986.1971435546875,78.64976501464844,475.85455322265625,-907.2153930664062,630.1489868164062,510.35150146484375,-813.8214111328125,547.545166015625,479.9838562011719,-931.3684692382812,294.80865478515625,461.3213195800781,-850.6344604492188,137.2509765625,339.5932922363281,-536.8851318359375,752.469482421875,40.205089858559745,107.30767752388101,139.8919380888546,50.1416767118954,131.204152139925,74.58863766492351,-47.397765549242195,-99.06223600101663,-43.71843134334543,-48.50832702422801,-106.54866376197299,-30.909316093414247
0.14,294.82171630859375,-181.6381072998047,547.1703491210938,290.3167724609375,-306.1014099121094,403.3011169433594,291.8659362792969,-182.87460327148438,204.2514190673828,270.4281311035156,-98.44815063476562,36.28553771972656,529.19677734375,-283.9378356933594,546.5765380859375,501.94097900390625,-432.6907043457031,423.5589904785156,491.1725158691406,-433.4796142578125,210.8037872314453,499.7183532714844,-511.0926513671875,56.08888626098633,222.45994567871094,-913.0807495117188,615.5496826171875,200.70504760742188,-825.0233764648438,534.1356811523438,242.64828491210938,-1008.497802734375,262.3274841308594,260.5290832519531,-985.6494750976562,78.96592712402344,475.6599426269531,-900.000244140625,630.8208618164062,510.1089782714844,-806.0737915039062,548.5606079101562,478.7543640136719,-915.1463012695312,292.37127685546875,459.54266357421875,-830.9948120117188,136.20782470703125,338.7990417480469,-529.7744750976562,752.6519775390625,40.86354499423737,107.37581684438243,140.1736825232705,50.409497579839126,129.80295786436852,73.96581719211474,-47.24487681845096,-98.73520939397802,-44.38742839542368,-48.788308667826755,-108.14983016305149,-31.04271423547084
0.145,294.6465759277344,-175.1503143310547,545.768798828125,289.6069030761719,-301.7502746582031,402.9713439941406,291.3675537109375,-181.77931213378906,203.60560607910156,270.118408203125,-98.49945068359375,35.388031005859375,528.4066772460938,-277.4967041015625,546.4463500976562,501.0424499511719,-427.5306701660156,423.3918762207031,491.7427978515625,-423.77496337890625,210.51292419433594,498.6214904785156,-507.419677734375,59.37303924560547,222.1534423828125,-906.5844116210938,615.69970703125,200.39761352539062,-818.9732055664062,534.2374877929688,242.276123046875,-1005.27587890625,263.1313171386719,260.3775634765625,-985.1339111328125,79.25606536865234,475.4599304199219,-892.8621215820312,631.4575805664062,509.8146667480469,-798.3983154296875,549.5565795898438,477.479736328125,-898.9281005859375,289.732421875,457.8072204589844,-811.7032470703125,134.8856964111328,337.9001770019531,-522.64697265625,752.7803344726562,41.55923872386634,107.40278063013227,140.49519513875123,50.642168950279626,128.347097841444,73.33379683885073,-47.0828570974754,-98.42050695373112,-45.086309665284574,-49.07440695523988,-109.77340656034539,-31.30652466833814
0.15,294.4497985839844,-168.72015380859375,544.4446411132812,288.8736572265625,-297.54559326171875,402.7647399902344,290.8662109375,-180.77471923828125,203.11244201660156,269.8248596191406,-98.74876403808594,34.59295654296875,527.6235961914062,-270.98193359375,546.3174438476562,500.1894836425781,-422.1398620605469,423.19573974609375,492.3559875488281,-413.5325622558594,210.2401580810547,497.51483154296875,-503.1329040527344,62.78578186035156,221.8457489013672,-900.1177978515625,615.7884521484375,200.1294708251953,-812.9466552734375,534.2490844726562,241.8925323486328,-1002.0525512695312,263.87408447265625,260.2269592285156,-984.6552734375,79.51930236816406,475.2566223144531,-885.7986450195312,632.04638671875,509.46466064453125,-790.7923583984375,550.5187377929688,476.1565246582031,-882.7742309570312,286.9143981933594,456.11505126953125,-792.82763671875,133.29193115234375,336.89501953125,-515.50439453125,752.856201171875,42.27934108403829,107.39852429750374,140.83507120237812,50.836370273943345,126.84909229283062,72.7024080682088,-46.91189724064395,-98.1183613130542,-45.815514340232085,-49.36614986238814,-111.39797111467456,-31.68267050221411
0.155,294.2149658203125,-162.35972595214844,543.2146606445312,288.12347412109375,-293.4595947265625,402.6792907714844,290.3645935058594,-179.82199096679688,202.76705932617188,269.54852294921875,-99.15386199951172,33.8973274230957,526.8487548828125,-264.3936767578125,546.1900024414062,499.385986328125,-416.5062561035156,422.9635314941406,493.0005798339844,-402.7752990722656,209.99998474121094,496.411376953125,-498.19293212890625,66.29447937011719,221.5391387939453,-893.6890869140625,615.81640625,199.89956665039062,-806.9497680664062,534.1688232421875,241.50094604492188,-998.830078125,264.5518798828125,260.0788269042969,-984.21826171875,79.75509643554688,475.05206298828125,-878.80615234375,632.574951171875,509.0558776855469,-783.25244140625,551.4326782226562,474.7827453613281,-866.7498779296875,283.9422607421875,454.4662780761719,-774.4359130859375,131.43832397460938,335.7841491699219,-508.3497619628906,752.8823852539062,43.01057801556115,107.3738992530017,141.17022468778953,50.98905192118988,125.32187338932175,72.08379906515984,-46.73199995399972,-97.8293979748783,-46.576446987754366,-49.66275976374993,-113.00142773935794,-32.15123228671166
0.16,293.92608642578125,-156.08030700683594,542.0938110351562,287.36212158203125,-289.4632873535156,402.7099304199219,289.86517333984375,-178.88491821289062,202.56298828125,269.2899475097656,-99.67607116699219,33.29683303833008,526.0829467773438,-257.7325134277344,546.0646362304688,498.635009765625,-410.6209411621094,422.68865966796875,493.663818359375,-391.5311279296875,209.8081817626953,495.323974609375,-492.5642395019531,69.8626937866211,221.23580932617188,-887.3055419921875,615.7846069335938,199.70611572265625,-800.98828125,533.9959106445312,241.10482788085938,-995.6096801757812,265.1610412597656,259.9346923828125,-983.8267211914062,79.96331024169922,474.84820556640625,-871.8800659179688,633.031494140625,508.5862121582031,-775.7748413085938,552.2838745117188,473.3579406738281,-850.9246826171875,280.8433532714844,452.8609313964844,-756.5953369140625,129.3411407470703,334.5705871582031,-501.1876220703125,752.8626098632812,43.739689996139475,107.34027735576888,141.4768647313507,51.097601575148246,123.77817095851708,71.492173046667,-46.54310351289422,-97.55446209393621,-47.37089778651449,-49.96301937758372,-114.56193076213131,-32.691409628033
0.165,293.5683898925781,-149.89193725585938,541.0951538085938,286.5943603515625,-285.5272521972656,402.848876953125,289.37030029296875,-177.93080139160156,202.4922637939453,269.04937744140625,-100.2806167602539,32.78605651855469,525.3269653320312,-250.99940490722656,545.9423828125,497.93853759765625,-404.47808837890625,422.3651123046875,494.3319396972656,-379.8326416015625,209.6815185546875,494.26483154296875,-486.2157287597656,73.45086669921875,220.93777465820312,-880.9736328125,615.6951293945312,199.54664611816406,-795.06787109375,533.73046875,240.70751953125,-992.3912963867188,265.6983947753906,259.7961120605469,-983.48388671875,80.14425659179688,474.64691162109375,-865.0148315429688,633.4052124023438,508.0544738769531,-768.355712890625,553.0582885742188,471.8833312988281,-835.3718872070312,277.6470031738281,451.29925537109375,-739.3719482421875,127.02084350585938,333.2596130371094,-494.0240783691406,752.8013916015625,44.45380569193307,107.30929724085138,141.7312817928347,51.15983525527636,122.23029835347688,70.9431102467725,-46.344888410507565,-97.29485899202125,-48.20163254411901,-50.26528627598901,-116.05864556402193,-33.282404639642124
0.17,293.12860107421875,-143.80311584472656,540.229248046875,285.823974609375,-281.62261962890625,403.08624267578125,288.8819274902344,-176.93099975585938,202.54571533203125,268.82659912109375,-100.9369125366211,32.35873794555664,524.5809326171875,-244.19557189941406,545.8248901367188,497.2977294921875,-398.07501220703125,421.98779296875,494.99078369140625,-367.71600341796875,209.6374053955078,493.2450866699219,-479.1213073730469,77.01716613769531,220.6468505859375,-874.6986083984375,615.550537109375,199.41807556152344,-789.1937866210938,533.3736572265625,240.3120880126953,-989.1734619140625,266.1612548828125,259.6644287109375,-983.1919555664062,80.29871368408203,474.45001220703125,-858.2042846679688,633.6864013671875,507.4606018066406,-760.9911499023438,553.7426147460938,470.362060546875,-820.1676635742188,274.384033203125,449.7817077636719,-722.8292846679688,124.50186920166016,331.8587646484375,-486.86669921875,752.7041015625,45.14096622055072,107.29234983021138,141.9109506309112,51.17403615456544,120.68971667408522,70.45297028042427,-46.13698747980965,-97.0521176119758,-49.07184948768489,-50.56763124844926,-117.4722069208297,-33.903563756075755
0.175,292.5955810546875,-137.82049560546875,539.50439453125,285.0537109375,-277.72198486328125,403.4103088378906,288.4017028808594,-175.86148071289062,202.7131805419922,268.6211853027344,-101.61859893798828,32.008018493652344,523.8450927734375,-237.322509765625,545.7139892578125,496.7125549316406,-391.4122009277344,421.5528259277344,495.6260681152344,-355.2203063964844,209.69346618652344,492.2742614746094,-471.2603759765625,80.5184097290039,220.3645782470703,-868.48486328125,615.3543090820312,199.3166961669922,-783.3706665039062,532.9276123046875,239.9212188720703,-985.9532470703125,266.5474853515625,259.5409240722656,-982.9518432617188,80.42798614501953,474.2591247558594,-851.4417724609375,633.8668212890625,506.80560302734375,-753.6777954101562,554.32421875,468.7991027832031,-805.3892822265625,271.0863342285156,448.30902099609375,-707.0274658203125,121.81216430664062,330.377685546875,-479.7245178222656,752.576904296875,45.790354404879736,107.30032847059232,141.99515320660976,51.13910449905177,119.16664726903508,70.038584460273,-45.918994755154756,-96.8279491554497,-49.98507019212357,-50.86755243213429,-118.78576296037676,-34.53596752503603
0.18,291.9605712890625,-131.94866943359375,538.926025390625,284.2852478027344,-273.79986572265625,403.8083801269531,287.93084716796875,-174.7029571533203,202.98370361328125,268.4324645996094,-102.30350494384766,31.726652145385742,523.1192626953125,-230.3818817138672,545.6117553710938,496.1820068359375,-384.4931335449219,421.0577697753906,496.2237854003906,-342.3863525390625,209.86703491210938,491.36004638671875,-462.6181640625,83.91109466552734,220.0922393798828,-862.3356323242188,615.1106567382812,199.2383575439453,-777.602783203125,532.3956298828125,239.5371551513672,-982.726318359375,266.8555908203125,259.4264831542969,-982.7631225585938,80.53392028808594,474.0758361816406,-844.7203979492188,633.9396362304688,506.091552734375,-746.41259765625,554.7919921875,467.2012939453125,-791.1140747070312,267.7861633300781,446.8823547363281,-692.0221557617188,118.98267364501953,328.8280334472656,-472.60784912109375,752.4262084960938,46.39267676987862,107.34329427391532,141.96574501497957,51.05457053121873,117.66976976423797,69.71674897635,-45.69040651171085,-96.62433765329781,-50.94524880125664,-51.162446550709944,-119.98479936151638,-35.16172651850394
0.185,291.21759033203125,-126.18988037109375,538.4970703125,283.519287109375,-269.8335876464844,404.2671203613281,287.4701232910156,-173.44093322753906,203.3457794189453,268.25946044921875,-102.97348022460938,31.507225036621094,522.4032592773438,-223.37539672851562,545.5205078125,495.7041015625,-377.3241882324219,420.5017395019531,496.7706604003906,-329.2559814453125,210.17462158203125,490.5078430175781,-453.1857604980469,87.1524658203125,219.83070373535156,-856.2528076171875,614.8246459960938,199.17843627929688,-771.893310546875,531.7822265625,239.1615753173828,-979.4867553710938,267.0848083496094,259.32177734375,-982.6235961914062,80.61892700195312,473.9015808105469,-838.0331420898438,633.9000244140625,505.3216857910156,-739.1934814453125,555.1361083984375,465.577392578125,-777.41748046875,264.5157165527344,445.5032653808594,-677.8634033203125,116.04667663574219,327.2230224609375,-465.52801513671875,752.2589721679688,46.94031476608734,107.43017362810576,141.80766528374056,50.9206316924064,116.20606584200863,69.50398742405605,-45.45077998158854,-96.44330142476477,-51.95629447918617,-51.44915837802475,-121.05799290241667,-35.76549464180266
0.19,290.3633728027344,-120.54401397705078,538.2177124023438,282.755615234375,-265.8035583496094,404.773193359375,287.0199279785156,-172.0655517578125,203.78762817382812,268.1011657714844,-103.61417388916016,31.34233283996582,521.6967163085938,-216.30484008789062,545.4425659179688,495.27581787109375,-369.9143371582031,419.88568115234375,497.2545166015625,-315.8711242675781,210.63140869140625,489.720703125,-442.96026611328125,90.20158386230469,219.5805206298828,-850.2373046875,614.5020141601562,199.1320343017578,-766.2445678710938,531.0930786132812,238.7956085205078,-976.22705078125,267.23516845703125,259.2271423339844,-982.5291748046875,80.68598175048828,473.73748779296875,-831.3733520507812,633.7450561523438,504.5001220703125,-732.0189819335938,555.3486328125,463.9378356933594,-764.37109375,261.30657958984375,444.1737365722656,-664.5943603515625,113.03907012939453,325.5774841308594,-458.4971923828125,752.0823364257812,47.42747087576109,107.56857236209618,141.50927686611692,50.73822266284148,114.78067349798403,69.41641983628563,-45.199814092308145,-96.2868322748614,-53.02188503486785,-51.724489684989635,-121.99677058585954,-36.333668957457576
0.195,289.3977355957031,-115.00846099853516,538.0855102539062,281.9932556152344,-261.6936340332031,405.313720703125,286.5802307128906,-170.5712890625,204.29739379882812,267.9564208984375,-104.21468353271484,31.2247314453125,520.999267578125,-209.171875,545.3800659179688,494.89312744140625,-362.27490234375,419.2123718261719,497.6644287109375,-302.27288818359375,211.2506561279297,488.9991149902344,-431.944580078125,93.02039337158203,219.34185791015625,-844.2886352539062,614.1491088867188,199.09405517578125,-760.6576538085938,530.3352661132812,238.43975830078125,-972.9384155273438,267.3075866699219,259.1424560546875,-982.4736938476562,80.7386703491211,473.58447265625,-824.7347412109375,633.4739379882812,503.6319885253906,-724.888916015625,555.423583984375,462.2945251464844,-752.040771484375,258.1889343261719,442.8961486816406,-652.2503662109375,109.99555206298828,323.9073181152344,-451.52801513671875,751.9034423828125,47.85024373707529,107.76458074290872,141.06264449913476,50.509070364338584,113.39679215378413,69.46977893623341,-44.93742907120884,-96.15674267016104,-54.145075673058315,-51.98494944372223,-122.79566875982368,-36.85519757736972
0.2,288.3232116699219,-109.57823944091797,538.0955200195312,281.2305603027344,-257.4913024902344,405.87677001953125,286.1507263183594,-168.9564971923828,204.8633270263672,267.8239440917969,-104.76724243164062,31.147472381591797,520.3106079101562,-201.97816467285156,545.3352661132812,494.5512390136719,-354.4193115234375,418.4862976074219,497.9910888671875,-288.5011291503906,212.04318237304688,488.34124755859375,-420.1470031738281,95.57466125488281,219.1144256591797,-838.4049072265625,613.7730712890625,199.059326171875,-755.1322021484375,529.5169067382812,238.09388732910156,-969.6104736328125,267.3039245605469,259.0672302246094,-982.4486694335938,80.7811050415039,473.44305419921875,-818.1116943359375,633.0883178710938,502.7231750488281,-717.8040161132812,555.3571166992188,460.66064453125,-740.4845581054688,255.1912384033203,441.6732482910156,-640.8577880859375,106.95182800292969,322.2293701171875,-444.63323974609375,751.7294921875,48.206629210886405,108.02265251909188,140.46360978153666,50.235560573431485,112.05593117778704,69.67916319344693,-44.66365540479893,-96.05474258781746,-55.328493596230146,-52.22690282942803,-123.4520374515291,-37.32140157950701
0.205,287.1450500488281,-104.24610137939453,538.2406616210938,280.4654235839844,-253.187744140625,406.45172119140625,285.730712890625,-167.2229461669922,205.4739990234375,267.7024841308594,-105.26683807373047,31.104001998901367,519.6304931640625,-194.72520446777344,545.3099975585938,494.24444580078125,-346.3627624511719,417.71380615234375,498.2267761230469,-274.5937194824219,213.01693725585938,487.7427978515625,-407.5810852050781,97.83488464355469,218.89759826660156,-832.5831909179688,613.3814697265625,199.02267456054688,-749.6663818359375,528.6475830078125,237.75738525390625,-966.231689453125,267.2270812988281,259.00048828125,-982.44287109375,80.81798553466797,473.31329345703125,-811.4996337890625,632.5922241210938,501.7802734375,-710.7664794921875,555.1478881835938,459.05023193359375,-729.7506713867188,252.33961486816406,440.508056640625,-630.433349609375,103.9427719116211,320.5610656738281,-437.82537841796875,751.5671997070312,48.496438439974554,108.34556900563672,139.71170954426987,49.92089607698364,110.75785915161146,70.05929109928991,-44.37902552268247,-95.9820306759992,-56.57326297220523,-52.44667170422588,-123.96593511572418,-37.72611751355316
0.21,285.8710021972656,-99.0028076171875,538.5115966796875,279.6953430175781,-248.7777862548828,407.0294189453125,285.3193359375,-165.37522888183594,206.11842346191406,267.59075927734375,-105.71080017089844,31.08823585510254,518.9588012695312,-187.41445922851562,545.3060302734375,493.9664001464844,-338.1217956542969,416.9028015136719,498.3655700683594,-260.5863342285156,214.176513671875,487.197509765625,-394.2648010253906,99.77700805664062,218.6903076171875,-826.8190307617188,612.9824829101562,198.97909545898438,-744.256591796875,527.7378540039062,237.4290771484375,-962.7894287109375,267.08099365234375,258.94085693359375,-982.4426879882812,80.8544921875,473.1947326660156,-804.8952026367188,631.9921264648438,500.8104248046875,-703.7796630859375,554.7970581054688,457.47784423828125,-719.8761596679688,249.6573486328125,439.40386962890625,-620.9835205078125,101.00160217285156,318.92010498046875,-431.1164245605469,751.4231567382812,48.72124277696901,108.73434845775989,138.8101516578198,49.56887539694296,109.50108269555699,70.62407920537595,-44.08427529204795,-95.93949819458821,-57.879586112005114,-52.64064522990685,-124.33973044950918,-38.06540766642246
0.215,284.51092529296875,-93.8373794555664,538.8972778320312,278.917724609375,-244.25967407226562,407.6026611328125,284.9156799316406,-163.4202423095703,206.7862548828125,267.4875793457031,-106.09844207763672,31.094621658325195,518.2955322265625,-180.04737854003906,545.3248291015625,493.7101135253906,-329.7140808105469,416.0625305175781,498.403076171875,-246.5121307373047,215.52284240722656,486.6974182128906,-380.2202453613281,101.38301086425781,218.4911346435547,-821.1068725585938,612.58447265625,198.92379760742188,-738.8973999023438,526.7993774414062,237.10739135742188,-959.2704467773438,266.8707580566406,258.886474609375,-982.4315185546875,80.89629364013672,473.0863037109375,-798.2962036132812,631.2969360351562,499.8211669921875,-696.848388671875,554.3084106445312,455.95806884765625,-710.8849487304688,247.16458129882812,438.364013671875,-612.5038452148438,98.1591567993164,317.32415771484375,-424.5173645019531,751.3031005859375,48.88423888346381,109.18831722239895,137.7655458608872,49.183887292914335,108.28302995832962,71.38656103209524,-43.7806918008327,-95.92731656773014,-59.2456320259453,-52.805216678021964,-124.57817055723777,-38.33809333718344
0.22,283.07635498046875,-88.73750305175781,539.3851318359375,278.13006591796875,-239.63487243652344,408.16595458984375,284.5186462402344,-161.36654663085938,207.46788024902344,267.3917541503906,-106.43070220947266,31.1181583404541,517.640869140625,-172.62542724609375,545.3674926757812,493.4681701660156,-321.15789794921875,415.2033996582031,498.3365478515625,-232.40164184570312,217.05291748046875,486.233154296875,-365.47296142578125,102.64130401611328,218.2982635498047,-815.4400024414062,612.1959228515625,198.852294921875,-733.581787109375,525.8447875976562,236.7904510498047,-955.6608276367188,266.6026611328125,258.8350524902344,-982.3898315429688,80.9494400024414,472.9862365722656,-791.7022094726562,630.5181274414062,498.82025146484375,-689.9785766601562,553.6883544921875,454.5051574707031,-702.7872924804688,244.8779296875,437.3917541503906,-604.9793701171875,95.44322967529297,315.7906188964844,-418.0378723144531,751.21240234375,48.990032382764525,109.70515614466393,136.58754838851695,48.77080572530082,107.10046558587084,72.35851409663445,-43.469977112563214,-95.94510363357489,-60.66785998944056,-52.93699745038626,-124.68787245113195,-38.545346505324545
0.225,281.5802307128906,-83.68994903564453,539.9613037109375,277.33001708984375,-234.90771484375,408.71575927734375,284.1273498535156,-159.2239227294922,208.15447998046875,267.3022155761719,-106.70977783203125,31.154415130615234,516.9951782226562,-165.1502227783203,545.4349365234375,493.2327575683594,-312.4720153808594,414.33648681640625,498.1645812988281,-218.28286743164062,218.7596893310547,485.7945251464844,-350.0513610839844,103.54692840576172,218.10958862304688,-809.8104248046875,611.8253784179688,198.760498046875,-728.3005981445312,524.8873901367188,236.47621154785156,-951.9464721679688,266.2842712402344,258.7839660644531,-982.2952270507812,81.02032470703125,472.8920593261719,-785.1141967773438,629.669189453125,497.8154602050781,-683.1775512695312,552.9458618164062,453.1324157714844,-695.5786743164062,242.81027221679688,436.49017333984375,-598.38427734375,92.87801361083984,314.3363037109375,-411.6860656738281,751.1556396484375,49.04449932415531,110.28100327214639,135.2885909433037,48.33481213683041,105.94987334406358,73.55000533343997,-43.15430574243331,-95.99169674999112,-62.14058965439946,-53.03279699651,-124.67738619179968,-38.69104687550893
0.23,280.0364074707031,-78.68098449707031,540.6112060546875,276.5156555175781,-230.0850372314453,409.250244140625,283.7408752441406,-157.0028533935547,208.83815002441406,267.2179260253906,-106.93885803222656,31.19952392578125,516.3589477539062,-157.6236114501953,545.52783203125,492.995849609375,-303.6751403808594,413.4732666015625,497.88702392578125,-204.1813201904297,220.6320343017578,485.3709411621094,-333.9862060546875,104.1015853881836,217.92266845703125,-804.2093505859375,611.481201171875,198.6446990966797,-723.0432739257812,523.941162109375,236.1625518798828,-948.113525390625,265.9244079589844,258.7301940917969,-982.122314453125,81.11559295654297,472.80047607421875,-778.5349731445312,628.7659912109375,496.8146057128906,-676.45361328125,552.0925903320312,451.8519592285156,-689.2400512695312,240.97064208984375,435.66204833984375,-592.6828002929688,90.48372650146484,312.9771728515625,-405.4681091308594,751.136474609375,49.05448674041398,110.91064618448854,133.8832995909811,47.88124148613511,104.82790021123088,74.96878869689544,-42.836311243526296,-96.06521574743984,-63.655902658985255,-53.08975458990139,-124.5568374080325,-38.78154507101729
0.235,278.45916748046875,-73.69686126708984,541.3193969726562,275.68560791015625,-225.17578125,409.7693176269531,283.3585510253906,-154.7141876220703,209.5119171142578,267.1380310058594,-107.12183380126953,31.250165939331055,515.7328491210938,-150.04776000976562,545.6465454101562,492.74932861328125,-294.7856750488281,412.6253356933594,497.5045471191406,-190.12022399902344,222.65475463867188,484.9518127441406,-317.3101806640625,104.31340789794922,217.73483276367188,-798.6270141601562,611.1710815429688,198.5016632080078,-717.7974243164062,523.020263671875,235.84739685058594,-944.1486206054688,265.5332336425781,258.6705017089844,-981.8427124023438,81.24201965332031,472.70745849609375,-771.9689331054688,627.8258666992188,495.8252258300781,-669.8159790039062,551.1424560546875,450.67413330078125,-683.738037109375,239.3641815185547,434.9096374511719,-587.829833984375,88.27631378173828,311.7281799316406,-399.3879699707031,751.15771484375,49.027703860754855,111.58761334304927,132.38827663508187,47.41547422894092,103.73169090910903,76.61981559735136,-42.519160373532145,-96.16284599347878,-65.2032678297007,-53.105451211926834,-124.33777785776022,-38.82558840428811
0.24,276.8629455566406,-68.72420501708984,542.0704956054688,274.83929443359375,-220.19058227539062,410.27410888671875,282.97991943359375,-152.36868286132812,210.1697235107422,267.06170654296875,-107.2630386352539,31.303525924682617,515.1177368164062,-142.42527770996094,545.7911987304688,492.4850769042969,-285.8214111328125,411.8038024902344,497.0187072753906,-176.1206817626953,224.80889892578125,484.5270690917969,-300.057373046875,104.19661712646484,217.54315185546875,-793.0527954101562,610.9022827148438,198.3285675048828,-712.549560546875,522.1387329101562,235.52886962890625,-940.0391235351562,265.1221618652344,258.6013488769531,-981.4252319335938,81.40641784667969,472.6082763671875,-765.4222412109375,626.8678588867188,494.85443115234375,-663.2744750976562,550.1114501953125,449.6073303222656,-679.0259399414062,237.99215698242188,434.2345886230469,-583.7722778320312,86.26734924316406,310.60302734375,-393.4473571777344,751.2213745117188,48.972287648211676,112.30451729109598,130.82125982584932,46.94270485284187,102.65923928930863,78.50463219268391,-42.20614995541345,-96.2812840977522,-66.77037856508498,-53.07787589602752,-124.03307661876325,-38.83437434935951
0.245,275.2617492675781,-63.750465393066406,542.8488159179688,273.976806640625,-215.141357421875,410.7669982910156,282.604736328125,-149.9768829345703,210.8065185546875,266.9883117675781,-107.3670883178711,31.357269287109375,514.5145874023438,-134.75921630859375,545.9616088867188,492.19512939453125,-276.7992248535156,411.0191650390625,496.43145751953125,-162.20196533203125,227.07188415527344,484.08746337890625,-282.2632751464844,103.77095031738281,217.34457397460938,-787.475830078125,610.6810302734375,198.123046875,-707.2848510742188,521.310546875,235.20538330078125,-935.7737426757812,264.70391845703125,258.51910400390625,-980.8361206054688,81.61556243896484,472.49749755859375,-758.9022827148438,625.911865234375,493.908935546875,-656.8394165039062,549.017578125,448.65771484375,-675.0451049804688,236.85226440429688,433.6378173828125,-580.4498901367188,84.46407318115234,309.614013671875,-387.6454772949219,751.328369140625,48.89674958979606,113.05314662891931,129.20097969873262,46.46786024295773,101.60965909420997,80.62087418251542,-41.90121834646277,-96.41612225433059,-68.3419246231,-53.005585772490065,-123.65666710314193,-38.82107235671819
0.25,273.6690368652344,-58.76424789428711,543.6392211914062,273.09930419921875,-210.0409393310547,411.2510070800781,282.23309326171875,-147.5488739013672,211.41815185546875,266.91729736328125,-107.43871307373047,31.40947914123535,513.9244995117188,-127.05322265625,546.1574096679688,491.8718566894531,-267.73480224609375,410.28082275390625,495.7451477050781,-148.38160705566406,229.41793823242188,483.6249694824219,-263.96435546875,103.06096649169922,217.13589477539062,-781.8844604492188,610.5125122070312,197.8831024169922,-701.98779296875,520.5487060546875,234.87570190429688,-931.3425903320312,264.29241943359375,258.4200134277344,-980.0389404296875,81.87602233886719,472.3691101074219,-752.4178466796875,624.978271484375,492.9948425292969,-650.52099609375,547.8800048828125,447.8289489746094,-671.726806640625,235.93873596191406,433.1194152832031,-577.7974243164062,82.86956024169922,308.7718505859375,-381.97894287109375,751.4788818359375,48.80954698549107,113.82485799416924,127.54632148537883,45.99537145367552,100.58341630074938,82.961804880111,-41.60821257666032,-96.56257167820104,-69.90101712761698,-52.887738802065456,-123.22326955933633,-38.80058387074351
0.255,272.0972900390625,-53.755638122558594,544.4268188476562,272.2088623046875,-204.90261840820312,411.72967529296875,281.86529541015625,-145.09413146972656,212.0013427734375,266.84820556640625,-107.48260498046875,31.4586181640625,513.3485717773438,-119.31149291992188,546.3779296875,491.50787353515625,-258.64239501953125,409.5970153808594,494.9622802734375,-134.67564392089844,231.81854248046875,483.13299560546875,-245.1981201171875,102.09518432617188,216.91383361816406,-776.2671508789062,610.4005737304688,197.6071014404297,-696.6424560546875,519.8655395507812,234.5390625,-926.7373046875,263.9027404785156,258.3004455566406,-978.995361328125,82.19408416748047,472.2167053222656,-745.9786376953125,624.0875854492188,492.1175842285156,-644.3292846679688,546.7191772460938,447.1222839355469,-668.994384765625,235.24282836914062,432.6786193847656,-575.7456665039062,81.48301696777344,308.0856018066406,-376.44183349609375,751.672119140625,48.71898767787974,114.61072588731497,125.87608198170108,45.52913122900725,99.58240980363485,85.51619119753053,-41.331318459876684,-96.71508449595457,-71.4286073428091,-52.724135757960624,-122.74819054055246,-38.7890432557557
0.26,270.557861328125,-48.71641540527344,545.1976318359375,271.30853271484375,-199.7399444580078,412.20660400390625,281.501953125,-142.62149047851562,212.55369567871094,266.7806091308594,-107.50334930419922,31.503461837768555,512.7880859375,-111.53875732421875,546.6221313476562,491.09637451171875,-249.53468322753906,408.97442626953125,494.08538818359375,-121.09868621826172,234.24285888671875,482.6065979003906,-226.00318908691406,100.90518188476562,216.6750946044922,-770.6121826171875,610.3475952148438,197.29371643066406,-691.2327880859375,519.2719116210938,234.19512939453125,-921.951416015625,263.5507507324219,258.1567077636719,-977.6649780273438,82.57563781738281,472.0335693359375,-739.5951538085938,623.2597045898438,491.28173828125,-638.2735595703125,545.555908203125,446.53656005859375,-666.7660522460938,234.75320434570312,432.313720703125,-574.2235717773438,80.3001937866211,307.5626525878906,-371.0257263183594,751.9063720703125,48.632916771504824,115.40185253266185,124.2083567672097,45.072381766766966,98.60996588228079,88.26822865979995,-41.07463041926647,-96.86772775402392,-72.90418763913664,-52.51530680318706,-122.24680675067698,-38.803031911370624
0.265,269.0606994628906,-43.640235900878906,545.9385375976562,270.40240478515625,-194.56629943847656,412.6852722167969,281.1438293457031,-140.13917541503906,213.07351684570312,266.7142639160156,-107.50533294677734,31.543052673339844,512.2443237304688,-103.74027252197266,546.8888549804688,490.63116455078125,-240.42250061035156,408.41815185546875,493.1170959472656,-107.66398620605469,236.6583251953125,482.04241943359375,-206.41934204101562,99.52458190917969,216.41641235351562,-764.9080200195312,610.3544921875,196.94190979003906,-685.7431640625,518.7771606445312,233.8440704345703,-916.9803466796875,263.2532043457031,257.98541259765625,-976.0062255859375,83.02606201171875,471.8128967285156,-733.2779541015625,622.5133666992188,490.49114990234375,-632.362060546875,544.4111328125,446.0682067871094,-664.95703125,234.45645141601562,432.02203369140625,-573.1597290039062,79.31380462646484,307.20849609375,-365.71978759765625,752.1793212890625,48.55857832781243,116.18962804882517,122.5601929427836,44.627586637620226,97.67086081779615,91.19759409520083,-40.84207280869916,-97.01431097838523,-74.30628733949048,-52.26249638460585,-121.73431852050624,-38.85918374541174
0.27,267.6143798828125,-38.52268981933594,546.637451171875,269.4954833984375,-189.39463806152344,413.1684875488281,280.7920227050781,-137.65467834472656,213.55982971191406,266.64898681640625,-107.49273681640625,31.57663917541504,511.7185974121094,-95.92169189453125,547.1764526367188,490.10675048828125,-231.3148956298828,407.9316711425781,492.0599060058594,-94.38347625732422,239.03115844726562,481.4388732910156,-186.48777770996094,97.98802947998047,216.13458251953125,-759.1435546875,610.42041015625,196.55079650878906,-680.1585083007812,518.388671875,233.4864501953125,-911.8212890625,263.0272216796875,257.7832946777344,-973.9765625,83.55015563964844,471.5480651855469,-727.03759765625,621.86572265625,489.7487487792969,-626.6016235351562,543.3053588867188,445.71160888671875,-663.4825439453125,234.33763122558594,431.8000793457031,-572.4839477539062,78.51408386230469,307.02691650390625,-360.510986328125,752.4877319335938,48.502398876433915,116.96595217589538,120.9471166088855,44.19652525859394,96.77102025514972,94.28007462493781,-40.63741514611553,-97.14840838190239,-75.61263714841104,-51.96771433328621,-121.22520071855348,-38.973203872739305
0.275,266.2259216308594,-33.361324310302734,547.283447265625,268.5935974121094,-184.23733520507812,413.658447265625,280.4476623535156,-135.17495727539062,214.01226806640625,266.5845947265625,-107.46946716308594,31.6036319732666,511.2122497558594,-88.08897399902344,547.48291015625,489.5184020996094,-222.2189483642578,407.5169372558594,490.9164733886719,-81.26773071289062,241.32701110839844,480.7959899902344,-166.25128173828125,96.33016204833984,215.8264923095703,-753.3082275390625,610.54296875,196.11972045898438,-674.4649047851562,518.1118774414062,233.1232452392578,-906.4732055664062,262.8901672363281,257.5474548339844,-971.5330200195312,84.15204620361328,471.23272705078125,-720.88427734375,621.331787109375,489.0565185546875,-620.997314453125,542.258056640625,445.4591369628906,-662.26025390625,234.38082885742188,431.6434020996094,-572.128662109375,77.8892822265625,307.01983642578125,-355.3843078613281,752.8280029296875,48.46993990356086,117.72340942791067,119.38300154103143,43.7802535087759,95.9173580334305,97.48806393062694,-40.464035566036415,-97.26368106482855,-76.800907555251,-51.633730612189765,-120.73274813365035,-39.15914764589968
0.28,264.9008483886719,-28.15556526184082,547.8668823242188,267.7032470703125,-179.1058807373047,414.1564025878906,280.1121520996094,-132.70635986328125,214.43096923828125,266.52099609375,-107.43920135498047,31.62355613708496,510.7265319824219,-80.24822998046875,547.805908203125,488.8624267578125,-213.13987731933594,407.1742248535156,489.6894226074219,-68.3259506225586,243.51156616210938,480.1153259277344,-145.75453186035156,94.58466339111328,215.48922729492188,-747.3921508789062,610.71826171875,195.64813232421875,-668.6497802734375,517.949951171875,232.75572204589844,-900.9364624023438,262.8591003417969,257.2753601074219,-968.6329956054688,84.83512878417969,470.861083984375,-714.8270263671875,620.9240112304688,488.41558837890625,-615.5521240234375,541.2871704101562,445.3016662597656,-661.21240234375,234.5697021484375,431.5469055175781,-572.030029296875,77.42623901367188,307.18743896484375,-350.322998046875,753.19580078125,48.465755849163315,118.45548438171409,117.87968325447815,43.379103228822714,95.11747263319785,100.79125961950274,-40.32482280928323,-97.35406634904092,-77.84937057008838,-51.26393576907512,-120.26876591492704,-39.42896605842938
0.285,263.6431884765625,-22.906597137451172,548.3794555664062,266.83154296875,-174.01075744628906,414.6625061035156,279.786865234375,-130.25474548339844,214.81651306152344,266.4581604003906,-107.40534973144531,31.636005401611328,510.2627258300781,-72.40557098388672,548.1427001953125,488.1361083984375,-204.0810546875,406.902587890625,488.3817138671875,-55.56589126586914,245.55111694335938,479.3996887207031,-125.0443115234375,92.7833023071289,215.1200408935547,-741.3864135742188,610.9408569335938,195.13560485839844,-662.7023315429688,517.9037475585938,232.38526916503906,-895.2128295898438,262.9505615234375,256.96484375,-965.2346801757812,85.60200500488281,470.42803955078125,-708.8737182617188,620.6517944335938,487.826171875,-610.2667846679688,540.4089965820312,445.228759765625,-660.2680053710938,234.8880615234375,431.5047607421875,-572.129150390625,77.1108627319336,307.5281066894531,-345.3089904785156,753.5865478515625,48.49334729769916,119.15670340173403,116.44682550290759,42.99282758913276,94.3793089924485,104.15759658496961,-40.22213418634868,-97.41388561115188,-78.73715513390762,-50.86253577917728,-119.84289796161632,-39.791387871174265
0.29,262.45556640625,-17.61716079711914,548.8140258789062,265.9858093261719,-168.9613037109375,415.17584228515625,279.47332763671875,-127.82545471191406,215.1697998046875,266.3960876464844,-107.37110900878906,31.64061737060547,509.82208251953125,-64.56692504882812,548.4901123046875,487.33795166015625,-195.04408264160156,406.6998291015625,486.9965515136719,-42.99385452270508,247.41319274902344,478.6531066894531,-104.16973114013672,90.95515441894531,214.7164306640625,-735.2828979492188,611.2041015625,194.58180236816406,-656.6134643554688,517.971923828125,232.01333618164062,-889.3048095703125,263.1800231933594,256.61419677734375,-961.2979736328125,86.45447540283203,469.92950439453125,-703.030517578125,620.5215454101562,487.2875671386719,-605.1395263671875,539.6372680664062,445.2290954589844,-659.3641967773438,235.32034301757812,431.5106506347656,-572.3724365234375,76.92859649658203,308.0386047363281,-340.3232116699219,753.9952392578125,48.555218416055084,119.82265362492404,115.09194158389482,42.62064206943924,93.71084500590507,107.55404976966531,-40.15771682727734,-97.43806894678062,-79.4449925533433,-50.43413788372217,-119.46265588045404,-40.252090050186325
0.295,261.33929443359375,-12.291325569152832,549.1649780273438,265.17364501953125,-163.96554565429688,415.6944274902344,279.1729736328125,-125.42346954345703,215.49203491210938,266.3348388671875,-107.33946990966797,31.637039184570312,509.4056701660156,-56.73784637451172,548.8446655273438,486.46759033203125,-186.02903747558594,406.562744140625,485.53765869140625,-30.614646911621094,249.06716918945312,477.88037109375,-83.18236541748047,89.12588500976562,214.27618408203125,-729.0750122070312,611.5003662109375,193.98651123046875,-650.376220703125,518.15087890625,231.6411895751953,-883.2154541015625,263.56134033203125,256.2221984863281,-956.7850341796875,87.39351654052734,469.36236572265625,-697.3016967773438,620.5362548828125,486.7983703613281,-600.166015625,538.9832763671875,445.290771484375,-658.4474487304688,235.85195922851562,431.5578308105469,-572.7124633789062,76.86485290527344,308.714111328125,-335.3458557128906,754.416748046875,48.652811035545426,120.45017705176338,113.8201842316102,42.26133755696705,93.11973475346775,110.94751912176002,-40.13274497721889,-97.42224277793986,-79.95543835942904,-49.98392064009866,-119.13293115173836,-40.81291312952186
0.3,260.29449462890625,-6.93422269821167,549.427734375,264.4024353027344,-159.0301513671875,416.2151794433594,278.8872985839844,-123.05330657958984,215.7846221923828,266.27447509765625,-107.31324768066406,31.624919891357422,509.01446533203125,-48.92335891723633,549.2024536132812,485.526123046875,-177.03460693359375,406.4874267578125,484.00927734375,-18.431631088256836,250.48480224609375,477.0869140625,-62.136322021484375,87.3172378540039,213.79736328125,-722.7569580078125,611.8214721679688,193.34959411621094,-643.9857788085938,518.4348754882812,231.26980590820312,-876.9478759765625,264.1065368652344,255.78802490234375,-951.660888671875,88.41925048828125,468.7247314453125,-691.6892700195312,620.6958618164062,486.3562927246094,-595.33935546875,538.4556274414062,445.4017333984375,-657.4740600585938,236.4696502685547,431.6393737792969,-573.1078491210938,76.90534973144531,309.5482482910156,-330.35699462890625,754.845703125,48.78664494076827,121.03725450229757,112.63456625994479,41.913426089467094,92.61301030013237,114.305633722126,-40.147482578825986,-97.36315941723856,-80.25385101093269,-49.51732279027101,-118.85611993325729,-41.47210770073292
0.305,259.32025146484375,-1.5517451763153076,549.5992431640625,263.6792907714844,-154.16033935546875,416.734130859375,278.61773681640625,-120.7190933227539,216.04910278320312,266.2151794433594,-107.29512023925781,31.603899002075195,508.6492919921875,-41.12778854370117,549.5592041015625,484.5158386230469,-168.05825805664062,406.46929931640625,482.4163818359375,-6.446808815002441,251.6408233642578,476.2785949707031,-41.08823013305664,85.54659271240234,213.27838134765625,-716.3246459960938,612.1587524414062,192.67108154296875,-637.4395141601562,518.8164672851562,230.8997344970703,-870.5048217773438,264.8251037597656,255.31134033203125,-945.894287109375,89.5309829711914,468.0158996582031,-686.19287109375,620.9968872070312,485.95849609375,-590.650146484375,538.0598754882812,445.5500793457031,-656.410400390625,237.1616973876953,431.7483215332031,-573.5234375,77.0363998413086,310.5332336425781,-325.3368225097656,755.2769775390625,48.956300410569156,121.58311594693407,111.5358477071893,41.5752047601888,92.19683313616918,117.59736914053883,-40.20171349424868,-97.25844736663534,-80.32802281837523,-49.039992385492155,-118.63204618587497,-42.22424591139492
0.31,258.4147644042969,3.8497474193573,549.6773681640625,263.01068115234375,-149.35983276367188,417.2466125488281,278.3656311035156,-118.4245376586914,216.28707885742188,266.1571044921875,-107.28765869140625,31.573612213134766,508.3106994628906,-33.35460662841797,549.9103393554688,483.4405517578125,-159.09654235839844,406.5034484863281,480.76483154296875,5.339040756225586,252.51336669921875,475.4613037109375,-20.097108840942383,83.8268051147461,212.71803283691406,-709.7750854492188,612.5036010742188,191.95111083984375,-630.7367553710938,519.2865600585938,230.53085327148438,-863.8883056640625,265.7236633300781,254.792236328125,-939.4583740234375,90.72723388671875,467.2364807128906,-680.8099365234375,621.43310546875,485.6015319824219,-586.0864868164062,537.798828125,445.7242736816406,-655.2325439453125,237.9180145263672,431.87774658203125,-573.9301147460938,77.24513244628906,311.6600036621094,-320.2660217285156,755.7052612304688,49.16063635261281,122.08806451838069,110.52291387077594,41.2449109052273,91.87625621622641,120.79365879611379,-40.29446885344015,-97.10693743167948,-80.16897950629186,-48.55771514576324,-118.4580460256948,-43.060366660862
0.315,257.5755310058594,9.26373291015625,549.6612548828125,262.4024658203125,-144.63084411621094,417.7473449707031,278.1322937011719,-116.17288970947266,216.50021362304688,266.1005554199219,-107.2933349609375,31.533708572387695,507.9989929199219,-25.6063289642334,550.2510986328125,482.3053283691406,-150.14532470703125,406.5846862792969,479.0613098144531,16.926145553588867,253.08447265625,474.6410217285156,0.7758833765983582,82.16608428955078,212.11546325683594,-703.1067504882812,612.8477172851562,191.1899871826172,-623.8790283203125,519.8350219726562,230.16233825683594,-857.0991821289062,266.8056640625,254.23118591308594,-932.3308715820312,92.00572967529297,466.3883361816406,-675.5353393554688,621.9955444335938,485.2815246582031,-581.634521484375,537.6722412109375,445.9136657714844,-653.9257202148438,238.73008728027344,432.02105712890625,-574.3043212890625,77.51963806152344,312.918212890625,-315.12628173828125,756.1256103515625,49.397788398748645,122.5534948621742,109.59274099013186,40.92078345304418,91.65507324715065,123.86779756132967,-40.424181560414894,-96.90868767014868,-79.770941040878,-48.076036189441766,-118.32948996451637,-43.968813936607745
0.32,256.7994384765625,14.683815002441406,549.55078125,261.859375,-139.97406005859375,418.2307434082031,277.91888427734375,-113.96687316894531,216.6901397705078,266.0458984375,-107.3145523071289,31.483871459960938,507.7140808105469,-17.884428024291992,550.5763549804688,481.1165771484375,-141.1999969482422,406.7076110839844,477.3133239746094,28.315471649169922,253.34046936035156,473.8233337402344,21.467802047729492,80.56816864013672,211.47027587890625,-696.3195190429688,613.1835327148438,190.38818359375,-616.8695068359375,520.4508056640625,229.79251098632812,-850.1366577148438,268.0710144042969,253.6290283203125,-924.4949951171875,93.36345672607422,465.4745788574219,-670.3616943359375,622.6732177734375,484.9942321777344,-577.2783203125,537.6774291992188,446.1085205078125,-652.48291015625,239.59095764160156,432.1719970703125,-574.6279907226562,77.84908294677734,314.2965087890625,-309.9005126953125,756.533203125,49.66540578554347,122.98167021047539,108.74082645017455,40.60118048105417,91.53567150322897,126.79583194579595,-40.58876110558853,-96.66495183451143,-79.13157214880161,-47.60033970210878,-118.23993030801927,-44.93561811709293
0.325,256.0830383300781,20.103994369506836,549.3469848632812,261.3852233886719,-135.38873291015625,418.69110107421875,277.7264404296875,-111.80864715576172,216.85845947265625,265.9935607910156,-107.3536376953125,31.423866271972656,507.45550537109375,-10.18928337097168,550.8809814453125,479.8818359375,-132.25572204589844,406.86663818359375,475.52935791015625,39.508392333984375,253.27227783203125,473.0135803222656,41.91439437866211,79.03255462646484,210.78244018554688,-689.4146728515625,613.5044555664062,189.54638671875,-609.7131958007812,521.122314453125,229.41879272460938,-842.9984130859375,269.51580810546875,252.98684692382812,-915.9395141601562,94.79670715332031,464.49932861328125,-665.2793579101562,623.453125,484.7352600097656,-573.0006103515625,537.8091430664062,446.3001708984375,-650.9042358398438,240.49493408203125,432.3248596191406,-574.8875122070312,78.22370910644531,315.7825012207031,-304.5732116699219,756.923583984375,49.96066976916481,123.37567880946324,107.96123981835365,40.28458292604353,91.51903498998945,129.5566706450001,-40.78555042236056,-96.37830052366081,-78.25213486539725,-47.13557881290444,-118.18160478935101,-45.94506254316846
0.33,255.42257690429688,25.518903732299805,549.0515747070312,260.9824523925781,-130.87271118164062,419.12286376953125,277.555908203125,-109.69969177246094,217.0066375732422,265.94415283203125,-107.41284942626953,31.35358428955078,507.22235107421875,-2.5201656818389893,551.1596069335938,478.6097717285156,-123.30777740478516,407.05609130859375,473.7187194824219,50.50633239746094,252.8756103515625,472.216552734375,62.050662994384766,77.55493927001953,210.05245971679688,-682.3948364257812,613.8052368164062,188.66551208496094,-602.4163208007812,521.8382568359375,229.03770446777344,-835.68017578125,271.1323547363281,252.30599975585938,-906.6590576171875,96.30107116699219,463.4677734375,-660.2770385742188,624.3212280273438,484.5000915527344,-568.7827758789062,538.06005859375,446.4812927246094,-649.1949462890625,241.43746948242188,432.4746398925781,-575.0736694335938,78.63489532470703,317.36297607421875,-299.1307067871094,757.2926025390625,50.28051030695127,123.73918779559745,107.24704636724476,39.969749200657475,91.60463530743482,132.13242742221945,-41.0116512267125,-96.05236896823219,-77.13713326610436,-46.68629209559404,-118.1458043550322,-46.980535500153366
0.335,254.81422424316406,30.924020767211914,548.6668090820312,260.65234375,-126.42250061035156,419.5207824707031,277.40814208984375,-107.64071655273438,217.13609313964844,265.8983154296875,-107.49434661865234,31.27310562133789,507.01312255859375,5.124730587005615,551.4068603515625,477.3099670410156,-114.3516845703125,407.2700500488281,471.8914489746094,61.31035232543945,252.15115356445312,471.4366149902344,81.8115463256836,76.12776947021484,209.2812042236328,-675.2637939453125,614.0818481445312,187.7466278076172,-594.9864501953125,522.5873413085938,228.6448974609375,-828.1758422851562,272.90911865234375,251.58798217773438,-896.654296875,97.87151336669922,462.3858947753906,-655.3414916992188,625.2623901367188,484.2842102050781,-564.6055297851562,538.4210815429688,446.6458435058594,-647.364501953125,242.41473388671875,432.61688232421875,-575.1806640625,79.07508850097656,319.0240173339844,-293.5614013671875,757.6365966796875,50.62172028685464,124.076280078394,106.59056149833555,39.65566852459301,91.79054305659372,134.50835326520576,-41.26373674506564,-95.6920238364697,-75.79478707999611,-46.2564188435058,-118.12337944852244,-48.025137153303604
0.34,254.25416564941406,36.31582260131836,548.1956787109375,260.3947448730469,-122.03346252441406,419.88006591796875,277.28375244140625,-105.63152313232422,217.24801635742188,265.85693359375,-107.60016632080078,31.182771682739258,506.8258361816406,12.748229026794434,551.6174926757812,475.9927062988281,-105.38355255126953,407.5023498535156,470.0580749511719,71.92073822021484,251.10459899902344,470.6775207519531,101.13263702392578,74.74089050292969,208.47007751464844,-668.0266723632812,614.3320922851562,186.7910919189453,-587.4319458007812,523.359375,228.23521423339844,-820.477294921875,274.8307800292969,250.83436584472656,-885.931640625,99.50232696533203,461.26031494140625,-650.4585571289062,626.2613525390625,484.0832214355469,-560.44921875,538.8816528320312,446.7890319824219,-645.4249267578125,243.42352294921875,432.7480773925781,-575.205810546875,79.53773498535156,320.75115966796875,-287.8558349609375,757.9521484375,50.98101698841975,124.39129704146944,105.98353077059454,39.341615669754816,92.07347080808967,136.67291198999123,-41.53843747917671,-95.3030640484734,-74.23644428402312,-45.84929804008368,-118.10511741345154,-49.06244215744766
0.345,253.73873901367188,41.69190979003906,547.6415405273438,260.2083740234375,-117.69990539550781,420.1966247558594,277.18328857421875,-103.6708984375,217.34344482421875,265.82098388671875,-107.73211669921875,31.08326530456543,506.6578674316406,20.35407257080078,551.7861328125,474.66876220703125,-96.40032958984375,407.74652099609375,468.22967529296875,82.33660888671875,249.74655151367188,469.9425354003906,119.95098114013672,73.38226318359375,207.62088012695312,-660.6895141601562,614.5551147460938,185.80044555664062,-579.7618408203125,524.1448364257812,227.80291748046875,-812.5748901367188,276.878662109375,250.0467529296875,-874.5032348632812,101.18717956542969,460.0982360839844,-645.6128540039062,627.3029174804688,483.89300537109375,-556.2942504882812,539.4303588867188,446.90728759765625,-643.3895874023438,244.4608154296875,432.86541748046875,-575.1488647460938,80.01725769042969,322.5295104980469,-282.0068664550781,758.2365112304688,51.355217109952775,124.68859617900728,105.41754127078002,39.02723861211038,92.44881663306762,138.61788690845128,-41.832228167600505,-94.89218100017726,-72.47666492687513,-45.46757654701517,-118.08219110207939,-50.077161377984055
0.35,253.26446533203125,47.05107879638672,547.0082397460938,260.09051513671875,-113.41529083251953,420.4670715332031,277.10711669921875,-101.75640106201172,217.42320251464844,265.7915954589844,-107.89176177978516,30.975709915161133,506.5059509277344,27.946788787841797,551.90771484375,473.349365234375,-87.40001678466797,407.9956359863281,466.4174499511719,92.55552673339844,248.0923614501953,469.2343444824219,138.20590209960938,72.03874206542969,206.7358856201172,-653.259521484375,614.7518920898438,184.77642822265625,-571.985595703125,524.9358520507812,227.34173583984375,-804.4573974609375,279.03082275390625,249.2266845703125,-862.386474609375,102.91909790039062,458.90704345703125,-640.78857421875,628.3722534179688,483.7095947265625,-552.1212768554688,540.0551147460938,446.998291015625,-641.2718505859375,245.52369689941406,432.9668273925781,-575.0115356445312,80.50890350341797,324.3439025878906,-276.009765625,758.4871215820312,51.741262736529364,124.97239098941805,104.88414019138315,38.71248351399879,92.9108791868714,140.3381465776174,-42.14173169640162,-94.46675973960802,-70.53280462510529,-45.11335792824241,-118.04630641457757,-51.05543216260273
0.355,252.82823181152344,52.39335632324219,546.2997436523438,260.0374755859375,-109.17235565185547,420.6888732910156,277.05535888671875,-99.88424682617188,217.48780822753906,265.7701416015625,-108.08027648925781,30.861751556396484,506.3663024902344,35.53154373168945,551.9772338867188,472.0457763671875,-78.3819808959961,408.2423095703125,464.6325988769531,102.57316589355469,246.16180419921875,468.5552978515625,155.83981323242188,70.69688415527344,205.81776428222656,-645.7445678710938,614.9247436523438,183.72103881835938,-564.1128540039062,525.725830078125,226.84519958496094,-796.112548828125,281.2626953125,248.37554931640625,-849.6036987304688,104.69044494628906,457.6943054199219,-635.9697875976562,629.4554443359375,483.5295104980469,-547.9119262695312,540.74365234375,447.06060791015625,-639.0846557617188,246.6090850830078,433.05108642578125,-574.797119140625,81.00870513916016,326.17919921875,-269.8620300292969,758.7019653320312,52.136364444315234,125.24652684601551,104.37520291787337,38.39770529909845,93.45291962243368,141.8317295504512,-42.46365528302687,-94.03476107466841,-68.424870343058,-44.788044522760174,-117.99011631909916,-51.98541783773857
0.36,252.42726135253906,57.719966888427734,545.520263671875,260.0444641113281,-104.9633560180664,420.8602294921875,277.0280456542969,-98.04907989501953,217.5374755859375,265.758056640625,-108.29833221435547,30.743675231933594,506.2344665527344,43.11394119262695,551.9900512695312,470.7691955566406,-69.34717559814453,408.4787292480469,462.8860168457031,112.38306427001953,243.97877502441406,467.9072570800781,172.79901123046875,69.34368133544922,204.8695831298828,-638.1532592773438,615.0773315429688,182.63641357421875,-556.1531982421875,526.5098266601562,226.3068389892578,-787.5274047851562,283.54754638671875,247.4945526123047,-836.1814575195312,106.492919921875,456.4675598144531,-631.140625,630.5394897460938,483.3495178222656,-543.6486206054688,541.4837036132812,447.09381103515625,-636.8391723632812,247.7136688232422,433.1176452636719,-574.5098876953125,81.51335144042969,328.020263671875,-263.56341552734375,758.8795166015625,52.537985248067855,125.51434176517677,103.88301119359863,38.08364566546777,94.06735707997109,143.099624482512,-42.79500265910366,-93.60445889523263,-66.17488537496799,-44.49251276185231,-117.9072732715983,-52.85745628637923
0.365,252.0592041015625,63.033287048339844,544.6741333007812,260.1058654785156,-100.78020477294922,420.9801940917969,277.0248718261719,-96.24378967285156,217.5720672607422,265.7569885253906,-108.54594421386719,30.62449836730957,506.1055603027344,50.699832916259766,551.9417724609375,469.53057861328125,-60.29838180541992,408.69659423828125,461.18817138671875,121.97640228271484,241.5706787109375,467.2917785644531,189.03448486328125,67.96731567382812,203.89471435546875,-630.4948120117188,615.21435546875,181.5249481201172,-548.1161499023438,527.2846069335938,225.72042846679688,-778.6885375976562,285.85699462890625,246.58460998535156,-822.1497802734375,108.31753540039062,455.234130859375,-626.2857666015625,631.6127319335938,483.1668395996094,-539.3153076171875,542.2635498046875,447.0981750488281,-634.5447998046875,248.83383178710938,433.1666259765625,-574.1549682617188,82.02010345458984,329.85235595703125,-257.11578369140625,759.0185546875,52.94390902812742,125.7784902996899,103.40047681491461,37.77148627511164,94.74591143665884,144.14571518297385,-43.13314408785945,-93.18433246767302,-63.80655134726368,-44.22707119717495,-117.79264187218294,-53.664324123812264
0.37,251.72207641601562,68.33673858642578,543.7659301757812,260.21533203125,-96.61465454101562,421.0484924316406,277.04534912109375,-94.45928192138672,217.59104919433594,265.7687072753906,-108.82231140136719,30.508081436157227,505.9742736816406,58.295082092285156,551.8285522460938,468.3404541015625,-51.24042892456055,408.88726806640625,459.5487060546875,131.34194946289062,238.9679412841797,466.7101135253906,204.50257873535156,66.5577621459961,202.8968048095703,-622.7786865234375,615.3414916992188,180.3892059326172,-540.0106811523438,528.048583984375,225.0802764892578,-769.5828857421875,288.1615905761719,245.6463165283203,-807.5416870117188,110.15459442138672,454.0011291503906,-621.3906860351562,632.6647338867188,482.97906494140625,-534.8973388671875,543.0720825195312,447.07464599609375,-632.2085571289062,249.9656524658203,433.1986999511719,-573.7378540039062,82.5267333984375,331.6612243652344,-250.52296447753906,759.1181640625,53.35218323055068,126.04086362510168,102.92112941720063,37.46284609714732,95.47978072331216,144.97654637848984,-43.47585993280239,-92.78281983013433,-61.34460158200264,-43.99163637512737,-117.64221773236012,-54.4010647923011
0.375,251.41436767578125,73.63465881347656,542.7999267578125,260.36602783203125,-92.45845031738281,421.0655212402344,277.0887145996094,-92.68426513671875,217.59344482421875,265.79510498046875,-109.12559509277344,30.399215698242188,505.83489990234375,65.90534973144531,551.6468505859375,467.20867919921875,-42.180381774902344,409.0418395996094,457.9764099121094,140.46609497070312,236.20333862304688,466.1632080078125,219.16563415527344,65.10734558105469,201.8797149658203,-615.0145874023438,615.46484375,179.23193359375,-531.8455810546875,528.8016357421875,224.38143920898438,-760.1978759765625,290.431396484375,244.67990112304688,-792.3922729492188,111.99369049072266,452.7751159667969,-616.4418334960938,633.6865844726562,482.7841796875,-530.3817138671875,543.89892578125,447.02459716796875,-629.835205078125,251.10499572753906,433.215087890625,-573.264404296875,83.0313949584961,333.43328857421875,-243.79043579101562,759.1779174804688,53.76124156349533,126.30234569140208,102.43946939648004,37.159864727554776,96.25972224567636,145.60129643049726,-43.82133806773086,-92.40829573546526,-58.814445823227715,-43.78565269127975,-117.45323311377417,-55.06519659183053
0.38,251.13491821289062,78.93213653564453,541.78076171875,260.55078125,-88.30341339111328,421.0321044921875,277.15380859375,-90.90499877929688,217.5777587890625,265.8381042480469,-109.45274353027344,30.3037109375,505.6816711425781,73.53582763671875,551.3939819335938,466.1443786621094,-33.127647399902344,409.1513977050781,456.4788513183594,149.3329315185547,233.31134033203125,465.65191650390625,232.99246215820312,63.61113739013672,200.847412109375,-607.2123413085938,615.5907592773438,178.0560760498047,-523.6290893554688,529.5450439453125,223.61993408203125,-750.5218505859375,292.6365966796875,243.6851043701172,-776.7379150390625,113.82371520996094,451.5622863769531,-611.4269409179688,634.670654296875,482.58050537109375,-525.7572631835938,544.7347412109375,446.9499816894531,-627.4273071289062,252.24749755859375,433.2173156738281,-572.7403564453125,83.53257751464844,335.15594482421875,-236.92518615722656,759.197509765625,54.1696819375035,126.5629233988306,101.95059263485854,36.865137662090376,97.07629658871946,146.03141329343543,-44.16830921343953,-92.06878838382204,-56.24128892095372,-43.60830623072147,-117.2239840050575,-55.65618768086185
0.385,250.8829345703125,84.23484802246094,540.7127685546875,260.7622985839844,-84.1415786743164,420.949462890625,277.2391662597656,-89.10514068603516,217.54197692871094,265.8996887207031,-109.79924011230469,30.228477478027344,505.5088195800781,81.19099426269531,551.0676879882812,465.15576171875,-24.094070434570312,409.207275390625,455.0623779296875,157.9246063232422,230.32733154296875,465.1767272949219,245.95884704589844,62.06721115112305,199.80392456054688,-599.3814086914062,615.7257080078125,176.86477661132812,-515.3690185546875,530.2813720703125,222.79293823242188,-740.54443359375,294.74798583984375,242.66128540039062,-760.61572265625,115.63287353515625,450.3682556152344,-606.3350830078125,635.6106567382812,482.3666076660156,-521.0145874023438,545.5712280273438,446.8529357910156,-624.985595703125,253.38876342773438,433.20733642578125,-572.1715087890625,84.02903747558594,336.817626953125,-229.93544006347656,759.177001953125,54.576400786718864,126.82145694465657,101.45056304042151,36.581832301271646,97.9198792471285,146.28066334555893,-44.51584985715931,-91.77209616993636,-53.650026058968905,-43.45854338512231,-116.95372444417087,-56.17532086441989
0.39,250.65789794921875,89.54886627197266,539.6004028320312,260.9932556152344,-79.9651870727539,420.81903076171875,277.3428955078125,-87.26546478271484,217.4835205078125,265.9818115234375,-110.15889739990234,30.181562423706055,505.3106994628906,88.8743667602539,550.6668701171875,464.25,-15.093920707702637,409.2012939453125,453.7319641113281,166.22164916992188,227.28695678710938,464.738037109375,258.0477294921875,60.476783752441406,198.75320434570312,-591.5311889648438,615.8755493164062,175.66136169433594,-507.0726013183594,531.0140380859375,221.89883422851562,-730.2567138671875,296.7372741699219,241.60726928710938,-744.0626831054688,117.40873718261719,449.1980285644531,-601.1568603515625,636.5015869140625,482.1413879394531,-516.1461791992188,546.40087890625,446.7359619140625,-622.5089721679688,254.52444458007812,433.187255859375,-571.5633544921875,84.51971435546875,338.4081115722656,-222.83033752441406,759.1166381835938,54.98041944935312,127.07576602353254,100.93610400477638,36.31354312290688,98.78090616760619,146.36465090684533,-44.86365601363718,-91.52539738427845,-51.06408869017551,-43.33503141298985,-116.64270487310061,-56.62568440164425
0.395,250.45957946777344,94.8804702758789,538.4481201171875,261.236572265625,-75.76673126220703,420.6423645019531,277.462646484375,-85.36376953125,217.39926147460938,266.0863037109375,-110.5235824584961,30.172183990478516,505.0821838378906,96.58824157714844,550.1910400390625,463.4330749511719,-6.143838882446289,409.1261291503906,452.4911804199219,174.2034912109375,224.2253875732422,464.3360290527344,269.2493896484375,58.84413528442383,197.69912719726562,-583.670654296875,616.045654296875,174.44935607910156,-498.7466125488281,531.7470092773438,220.93736267089844,-719.6516723632812,298.5777587890625,240.52139282226562,-727.1153564453125,119.13829803466797,448.05609130859375,-595.8842163085938,637.3395385742188,481.90380859375,-511.1462097167969,547.2173461914062,446.601806640625,-619.995361328125,255.65036010742188,433.1593322753906,-570.921142578125,85.00371551513672,339.91851806640625,-215.61968994140625,759.0169067382812,55.380863975316316,127.3226061457691,100.40462886277146,36.06439300238779,99.64985511080761,146.30085693664722,-45.21174719899898,-91.33539069055678,-48.50545646157158,-43.23634146136277,-116.29181419827069,-57.01140226319198
0.4,250.28787231445312,100.23596954345703,537.26025390625,261.4854431152344,-71.53890228271484,420.4208679199219,277.5956726074219,-83.3747329711914,217.28546142578125,266.2147521972656,-110.8830337524414,30.210731506347656,504.818603515625,104.33345794677734,549.6410522460938,462.709716796875,2.7373266220092773,408.9755859375,451.3420715332031,181.84909057617188,221.17669677734375,463.9706726074219,279.56158447265625,57.176475524902344,196.64535522460938,-575.8081665039062,616.2406005859375,173.23245239257812,-490.39752197265625,532.4846801757812,219.9095001220703,-708.7237548828125,300.2442932128906,239.40158081054688,-709.8089599609375,120.80804443359375,446.9462585449219,-590.5108642578125,638.1214599609375,481.653076171875,-506.0107727050781,548.0150756835938,446.45343017578125,-617.4417724609375,256.7625732421875,433.1258850097656,-570.2498168945312,85.4802017211914,341.3415832519531,-208.31375122070312,758.8782958984375,55.77689187981025,127.55771781967894,99.85409404377441,35.83883229013654,100.51747239024394,146.108145301172,-45.56042803039185,-91.20838702371549,-45.99447154716859,-43.16096972312593,-115.90255845057347,-57.33756854893019
0.405,250.1427764892578,105.62152862548828,536.0413818359375,261.7334899902344,-67.27455139160156,420.15582275390625,277.7386779785156,-81.26985168457031,217.13778686523438,266.3685607910156,-111.22459411621094,30.308712005615234,504.5162658691406,112.10916137695312,549.0187377929688,462.083251953125,11.5287504196167,408.7449645996094,450.28546142578125,189.13758850097656,218.17324829101562,463.6416931152344,288.9892272949219,55.48358154296875,195.5952606201172,-567.9515380859375,616.4639892578125,172.01454162597656,-482.0313415527344,533.2315063476562,218.81752014160156,-697.469482421875,301.7138977050781,238.24525451660156,-692.1775512695312,122.40406799316406,445.8718566894531,-585.031982421875,638.8453369140625,481.3883056640625,-500.73748779296875,548.7891235351562,446.2939147949219,-614.8449096679688,257.8575134277344,433.08929443359375,-569.5540161132812,85.94840240478516,342.67169189453125,-200.92294311523438,758.7015380859375,56.167581331224596,127.7759354420134,99.28280364743443,35.64163344654975,101.37479990677184,145.80657399669576,-45.91031185542087,-91.15004533917181,-43.54926656430786,-43.107251323026674,-115.47694677501212,-57.61003306004987
0.41,250.02435302734375,111.04304504394531,534.7959594726562,261.974853515625,-62.966529846191406,419.8482360839844,277.8878173828125,-79.0174789428711,216.951416015625,266.54864501953125,-111.53307342529297,30.478683471679688,504.1724548339844,119.91261291503906,548.3272705078125,461.5556640625,20.20794677734375,408.4314270019531,449.3207092285156,196.0491180419922,215.24517822265625,463.3485412597656,297.5444641113281,53.777408599853516,194.55197143554688,-560.1077880859375,616.718017578125,170.79965209960938,-473.6538391113281,533.9915161132812,217.66477966308594,-685.886962890625,302.9656677246094,237.0494842529297,-674.2532958984375,123.91218566894531,444.8355407714844,-579.4442749023438,639.509521484375,481.1087341308594,-495.32550048828125,549.5352783203125,446.1264953613281,-612.2015380859375,258.93194580078125,433.0518493652344,-568.838134765625,86.40756225585938,343.9048767089844,-193.45765686035156,758.4874877929688,56.551937123545486,127.97125032922594,98.68936615817364,35.47771611738952,102.21332746657936,145.41701939206484,-46.262158028334255,-91.16554095976684,-41.18592143962286,-43.07363197413173,-115.01716115593851,-57.83469709888723
0.415,249.93260192871094,116.50604248046875,533.5286254882812,262.204345703125,-58.60761642456055,419.4987487792969,278.038818359375,-76.58296966552734,216.72103881835938,266.75543212890625,-111.7905502319336,30.734121322631836,503.7856140136719,127.7389907836914,547.5711669921875,461.12738037109375,28.75115966796875,408.0340881347656,448.4461975097656,202.5655975341797,212.4199981689453,463.0905456542969,305.24609375,52.07154846191406,193.5181884765625,-552.283447265625,617.0038452148438,169.5919952392578,-465.27056884765625,534.768310546875,216.4556121826172,-673.9758911132812,303.9811096191406,235.81101989746094,-656.0665893554688,125.31806182861328,443.8395080566406,-573.745849609375,640.1131591796875,480.8134460449219,-489.7755126953125,550.2495727539062,445.95458984375,-609.5088500976562,259.9831237792969,433.0157470703125,-568.1061401367188,86.85688018798828,345.0389404296875,-185.92807006835938,758.2369995117188,56.92877581937614,128.13700200636993,98.07244485797895,35.35195163809817,103.02510576425885,144.96065934671867,-46.61684808567961,-91.25950440051508,-38.91841124571374,-43.058324587968826,-114.52579324425062,-58.017928223171
0.42,249.8673858642578,122.01556396484375,532.2442016601562,262.4174499511719,-54.190338134765625,419.1075744628906,278.1868591308594,-73.92884826660156,216.44097900390625,266.9886779785156,-111.97625732421875,31.08924102783203,503.3556213378906,135.58126831054688,546.7564086914062,460.7972717285156,37.13382339477539,407.5544128417969,447.6592102050781,208.67149353027344,209.72222900390625,462.86663818359375,312.1192932128906,50.38066864013672,192.4962921142578,-544.4840087890625,617.3212890625,168.39590454101562,-456.88690185546875,535.5646362304688,215.19512939453125,-661.7376098632812,304.744140625,234.52642822265625,-637.64599609375,126.60737609863281,442.88543701171875,-567.936279296875,640.655517578125,480.50152587890625,-484.08941650390625,550.928466796875,445.7816467285156,-606.7647094726562,261.0086364746094,432.9831237792969,-567.36181640625,87.29551696777344,346.0733642578125,-178.34402465820312,757.9510498046875,57.29667318068408,128.2660475996522,97.4305777162088,35.268991045079304,103.8028828092435,144.45856575384255,-46.97516017349733,-91.43612940203995,-36.758891398200575,-43.05972481630329,-114.00534144085853,-58.16561573836137
0.425,249.8284912109375,127.5761489868164,530.9475708007812,262.61029052734375,-49.7067985534668,418.6744384765625,278.3266906738281,-71.01524353027344,216.1052703857422,267.2474670410156,-112.06652069091797,31.558794021606445,502.8837890625,143.43011474609375,545.8901977539062,460.56268310546875,45.331085205078125,406.9961242675781,446.956298828125,214.3546905517578,207.1731719970703,462.67559814453125,318.19500732421875,48.719905853271484,191.48828125,-536.71435546875,617.6686401367188,167.21575927734375,-448.5081787109375,536.3821411132812,213.8889923095703,-649.1748657226562,305.2413330078125,233.192138671875,-619.0184936523438,127.76599884033203,441.9744873046875,-562.0165405273438,641.13623046875,480.1718444824219,-478.2703552246094,551.5684204101562,445.6111755371094,-603.9675903320312,262.0064392089844,432.95587158203125,-566.60888671875,87.72256469726562,347.0091857910156,-170.7148895263672,757.6307373046875,57.653956152231785,128.3509583942128,96.76207551519684,35.23305077625088,104.54017593766275,143.9311905964296,-47.33784897825646,-91.69901559468792,-34.717650549449985,-43.076155571181715,-113.45844953634204,-58.283715140846525
0.43,249.81544494628906,133.19183349609375,529.6439819335938,262.77978515625,-45.14854049682617,418.1986389160156,278.4526062011719,-67.80030822753906,215.70787048339844,267.5299072265625,-112.03474426269531,32.15777587890625,502.3730773925781,151.2738800048828,544.9812622070312,460.41949462890625,53.318363189697266,406.3655090332031,446.3334045410156,219.60708618164062,204.790771484375,462.5158996582031,323.509521484375,47.104286193847656,190.4957275390625,-528.9786987304688,618.0431518554688,166.05609130859375,-440.1396179199219,537.22119140625,212.5432586669922,-636.2916259765625,305.4617919921875,231.8046417236328,-600.2096557617188,128.78013610839844,441.10736083984375,-555.9886474609375,641.5549926757812,479.82318115234375,-472.32257080078125,552.1658935546875,445.4466552734375,-601.1171875,262.9747619628906,432.935791015625,-565.8507080078125,88.13702392578125,347.84893798828125,-163.049560546875,757.2772216796875,57.998634697458016,128.38425994069917,96.06481386696947,35.24768107557753,105.23145263175275,143.39782763408903,-47.705427950910575,-92.05131335942,-32.80364086905516,-43.10588980499443,-112.88775630205548,-58.377770393487424
0.435,249.8275909423828,138.86614990234375,528.3389282226562,262.9236145019531,-40.506370544433594,417.6789855957031,278.5586242675781,-64.2408676147461,215.2428436279297,267.8331298828125,-111.85149383544922,32.90113067626953,501.82781982421875,159.09864807128906,544.03955078125,460.3620910644531,61.071956634521484,405.6711120605469,445.7861022949219,224.42526245117188,202.5895538330078,462.3858337402344,328.1035461425781,45.548133850097656,189.5198974609375,-521.2804565429688,618.4406127929688,164.92140197753906,-431.7864990234375,538.0809936523438,211.16409301757812,-623.0931396484375,305.3974304199219,230.36058044433594,-581.2438354492188,129.6365509033203,440.2843017578125,-549.8560180664062,641.9114990234375,479.4542541503906,-466.2513732910156,552.7171020507812,445.29156494140625,-598.2139892578125,263.91204833984375,432.9244384765625,-565.0906982421875,88.53780364990234,348.5964660644531,-155.3563690185547,756.8917846679688,58.328399284869846,128.3586788316469,95.33613100696732,35.3155461106912,105.8721969136692,142.87602444651543,-48.07827127354483,-92.49553615524323,-31.024311864309368,-43.147226019546906,-112.29586796295565,-58.45306343185277
0.44,249.8640594482422,144.6022186279297,527.0379638671875,263.04010009765625,-35.77024459838867,417.11383056640625,278.6385803222656,-60.29315948486328,214.70455932617188,268.1531677246094,-111.4845962524414,33.80337905883789,501.2540588378906,166.88833618164062,543.0762939453125,460.3834533691406,68.56964874267578,404.9238586425781,445.3097839355469,228.8109893798828,200.5806121826172,462.2834777832031,332.0217590332031,44.064605712890625,188.56167602539062,-513.6224365234375,618.8556518554688,163.81617736816406,-423.4540710449219,538.958984375,209.75765991210938,-609.5861206054688,305.0429382324219,228.85694885253906,-562.1448974609375,130.32269287109375,439.5050048828125,-543.623046875,642.20556640625,479.0635986328125,-460.0628967285156,553.2182006835938,445.1492004394531,-595.2594604492188,264.8168640136719,432.9232482910156,-564.33203125,88.92371368408203,349.2566833496094,-147.64315795898438,756.4758911132812,58.64067640003668,128.26733075771244,94.57288743427011,35.43824659819387,106.45901547457515,142.38113915370946,-48.456388712930135,-93.03358754897795,-29.38612163439859,-43.19844370913117,-111.68534719153332,-58.514478946817775
0.445,249.9237060546875,150.4027862548828,525.7471313476562,263.1283264160156,-30.929162979125977,416.50115966796875,278.6861572265625,-55.91366195678711,214.08792114257812,268.4848327636719,-110.89937591552734,34.87821960449219,500.65911865234375,174.6249237060547,542.1036987304688,460.4754333496094,75.79133605957031,404.13653564453125,444.8997802734375,232.77137756347656,198.77171325683594,462.20672607421875,335.3117980957031,42.66523361206055,187.62167358398438,-506.0069274902344,619.2818603515625,162.744873046875,-415.14752197265625,539.8514404296875,208.32994079589844,-595.7785034179688,304.3959045410156,227.29127502441406,-542.9364013671875,130.8269805908203,438.7688293457031,-537.2951049804688,642.4366455078125,478.6497497558594,-453.7643127441406,553.6650390625,445.022705078125,-592.2559814453125,265.68768310546875,432.933349609375,-563.578125,89.29348754882812,349.8354187011719,-139.91729736328125,756.03125,58.932549781065546,128.10405553550686,93.7712600826577,35.616140894516946,106.98970888124836,141.92582429124127,-48.839642645276655,-93.6665464302751,-27.89432208967463,-43.2578072726119,-111.05874885798497,-58.56668835068993
0.45,250.00518798828125,156.27032470703125,524.47265625,263.18804931640625,-25.971120834350586,415.838623046875,278.6952819824219,-51.06007766723633,213.38877868652344,268.8216552734375,-110.05895233154297,36.13813400268555,500.0516052246094,182.28875732421875,541.134765625,460.62884521484375,82.71966552734375,403.3236999511719,444.551513671875,236.31912231445312,197.16746520996094,462.1533508300781,338.02374267578125,41.35963821411133,186.70025634765625,-498.435791015625,619.7118530273438,161.71177673339844,-406.8721008300781,540.7528686523438,206.8865966796875,-581.6800537109375,303.4568176269531,225.66171264648438,-523.642333984375,131.1389617919922,438.0744934082031,-530.878662109375,642.604248046875,478.21124267578125,-447.3635559082031,554.0531005859375,444.9149475097656,-589.2067260742188,266.5229797363281,432.955810546875,-562.8321533203125,89.64578247070312,350.3389892578125,-132.185791015625,755.5596313476562,59.200851729112884,127.86361154587814,92.92692833479816,35.84827428746718,107.46328058420278,141.51976090352048,-49.22750470314321,-94.39468041286378,-26.553332053748704,-43.323543663025305,-110.41860175997806,-58.61403898090589
0.455,250.1070098876953,162.20716857910156,523.2208862304688,263.2195129394531,-20.88311004638672,415.1235656738281,278.6600341796875,-45.69232177734375,212.60409545898438,269.1559753417969,-108.92459869384766,37.59391403198242,499.4410705566406,189.8589324951172,540.1832275390625,460.833740234375,89.340576171875,402.5011291503906,444.2607116699219,239.4723358154297,195.76942443847656,462.1210632324219,340.20904541015625,40.155269622802734,185.79751586914062,-490.91033935546875,620.1372680664062,160.72100830078125,-398.6329650878906,541.6565551757812,205.43295288085938,-567.30224609375,302.2291259765625,223.96728515625,-504.2875061035156,131.24949645996094,437.42034912109375,-524.380859375,642.7076416015625,477.7467041015625,-440.86944580078125,554.377685546875,444.8285217285156,-586.115234375,267.32098388671875,432.99139404296875,-562.097412109375,89.97920227050781,350.774169921875,-124.45535278320312,755.0631713867188,59.44220737823707,127.5418908070373,92.03521064491491,36.132274041915906,107.87999317476107,141.16925238245574,-49.619266117118485,-95.217212661111,-25.366523940095874,-43.39381038934681,-109.76755831508181,-58.66097056038092
0.46,250.22750854492188,168.2155303955078,521.9985961914062,263.2236022949219,-15.651189804077148,414.353271484375,278.5750427246094,-39.77360916137695,211.73231506347656,269.4787902832031,-107.45623016357422,39.25424575805664,498.8378601074219,197.31378173828125,539.2631225585938,461.07965087890625,95.64385223388672,401.68548583984375,444.0232238769531,242.2541961669922,194.57638549804688,462.10748291015625,341.9199523925781,39.05732727050781,184.9133758544922,-483.431640625,620.5491943359375,159.77639770507812,-390.4351806640625,542.5545043945312,203.97390747070312,-552.6590576171875,300.7193298339844,222.2080078125,-484.8982849121094,131.15097045898438,436.8041687011719,-517.8096923828125,642.7460327148438,477.25482177734375,-434.29156494140625,554.6338500976562,444.765625,-582.9857177734375,268.07965087890625,433.0407409667969,-561.3772583007812,90.29231262207031,351.14764404296875,-116.7325668334961,754.544189453125,59.6530320033327,127.13618707701369,91.09116156069285,36.46441614645198,108.24131004241167,140.87724285669748,-50.01396046862129,-96.13219299537624,-24.336216888038678,-43.46672108591139,-109.10829455670863,-58.71177383143073
0.465,250.36488342285156,174.29762268066406,520.8124389648438,263.2015380859375,-10.26060676574707,413.52490234375,278.4356689453125,-33.271461486816406,210.77374267578125,269.7798767089844,-105.61290740966797,41.125267028808594,498.2526550292969,204.63137817382812,538.388427734375,461.35595703125,101.62360382080078,400.8937072753906,443.8352966308594,244.69256591796875,193.58462524414062,462.1102294921875,343.2085266113281,38.0687255859375,184.04762268066406,-476.0004577636719,620.93798828125,158.8814697265625,-382.2835693359375,543.4374389648438,202.51394653320312,-537.7672119140625,298.9369201660156,220.385009765625,-465.5028076171875,130.83750915527344,436.22314453125,-511.17388916015625,642.7183837890625,476.7345275878906,-427.6403503417969,554.8164672851562,444.72796630859375,-579.8225708007812,268.7966613769531,433.1042785644531,-560.6749877929688,90.58370971679688,351.46600341796875,-109.0239486694336,754.0054931640625,59.829672576332,126.64529641607601,90.09002304168433,36.83967810684865,108.54983550764962,140.6432172529286,-50.41045618960399,-97.13630152713358,-23.463417064515625,-43.540351789537084,-108.44359761843748,-58.77078910054779
0.47,250.51736450195312,180.45578002929688,519.6693115234375,263.1549377441406,-4.695993900299072,412.6358642578125,278.2381286621094,-26.158742904663086,209.73077392578125,270.0479431152344,-103.35343933105469,43.21015930175781,497.6962890625,211.79022216796875,537.5730590820312,461.6522216796875,107.27861022949219,400.1425476074219,443.69342041015625,246.81915283203125,192.78819274902344,462.1269836425781,344.1260681152344,37.19017028808594,183.1999053955078,-468.6173400878906,621.2935791015625,158.03933715820312,-374.1827697753906,544.2952270507812,201.0572052001953,-522.6466064453125,296.89434814453125,218.50067138671875,-446.1316833496094,130.30516052246094,435.6740417480469,-504.4826965332031,642.6237182617188,476.1850280761719,-420.9270324707031,554.9205932617188,444.7169494628906,-576.6301879882812,269.46923828125,433.1822509765625,-559.9939575195312,90.85202026367188,351.7352294921875,-101.33609771728516,753.449951171875,59.96844101720322,126.06969771441999,89.02751089378381,37.25185505353423,108.80929115999521,140.46334262980804,-50.807508161624185,-98.22476618700286,-22.74779451229611,-43.61271022073518,-107.7764563038887,-58.84262527843528
0.475,250.68312072753906,186.6923828125,518.5761108398438,263.0855712890625,1.0583674907684326,411.6837463378906,277.9798278808594,-18.414531707763672,208.60821533203125,270.270751953125,-100.63703918457031,45.5088005065918,497.1792297363281,218.76983642578125,536.8301391601562,461.95849609375,112.61264038085938,399.447998046875,443.5943298339844,248.66883850097656,192.17919921875,462.1553955078125,344.7223815917969,36.42032241821289,182.36972045898438,-461.2826232910156,621.605712890625,157.2526092529297,-366.1370544433594,545.1171264648438,199.60751342773438,-507.3211364746094,294.60687255859375,216.55873107910156,-426.81829833984375,129.55206298828125,435.1529541015625,-497.745849609375,642.4608154296875,475.6058654785156,-414.1636047363281,554.9411010742188,444.7333984375,-573.4127807617188,270.0943908691406,433.2747802734375,-559.3375854492188,91.09596252441406,351.9606628417969,-93.67581939697266,752.8809814453125,60.0656662634147,125.41167536803994,87.90017159504777,37.69378839965654,109.02435882156874,140.33077650147004,-51.2038094945882,-99.39118966103908,-22.187316059427218,-43.68171835587816,-107.11004692370715,-58.93223718226355
0.48,250.86045837402344,193.00994873046875,517.5396118164062,262.99530029296875,7.0182366371154785,410.6665954589844,277.659423828125,-10.02488899230957,207.41348266601562,270.43536376953125,-97.4239730834961,48.01743698120117,496.71136474609375,225.5513916015625,536.1720581054688,462.265625,117.63451385498047,398.8249206542969,443.5350341796875,250.27867126464844,191.74813842773438,462.19329833984375,345.0451354980469,35.75600051879883,181.55650329589844,-453.9964294433594,621.8638916015625,156.5233612060547,-358.1503601074219,545.8916015625,198.16848754882812,-491.8189392089844,292.092529296875,214.5642547607422,-407.5990295410156,128.57859802246094,434.6555480957031,-490.97357177734375,642.2286376953125,474.9969787597656,-407.3626708984375,554.873291015625,444.7776794433594,-570.1743774414062,270.668701171875,433.3817138671875,-558.708984375,91.31437683105469,352.1467590332031,-86.05022430419922,752.3023681640625,60.11782031701523,124.67531734406265,86.7059274271711,38.1575540907877,109.20063203418789,140.23593554624335,-51.597932441051626,-100.62759766246097,-21.778363274900244,-43.74532751317031,-106.44765892960667,-59.04462210246528
0.485,251.04779052734375,199.4111328125,516.5664672851562,262.8859558105469,13.19904613494873,409.5831604003906,277.2769775390625,-0.9834351539611816,206.15684509277344,270.52838134765625,-93.67628479003906,50.72848129272461,496.30157470703125,232.11846923828125,535.6100463867188,462.565673828125,122.35816955566406,398.28656005859375,443.5126037597656,251.6869659423828,191.48419189453125,462.2385559082031,345.1393737792969,35.192447662353516,180.7595672607422,-446.75872802734375,622.0577392578125,155.85305786132812,-350.2260437011719,546.607177734375,196.7436065673828,-476.1730041503906,289.37188720703125,212.52374267578125,-388.5135803222656,127.38755798339844,434.17694091796875,-484.17626953125,641.9261474609375,474.3586730957031,-400.5375671386719,554.7127685546875,444.84967041015625,-566.9185180664062,271.18853759765625,433.5028381347656,-558.1112670898438,91.50629425048828,352.2968444824219,-78.46676635742188,751.7181396484375,60.12159999191124,123.86649553311383,85.44451216718494,38.63474281559081,109.34447275765592,140.16697844468518,-51.98859002268014,-101.92422022767713,-21.515155222867094,-43.80139593604713,-105.79285063096859,-59.18530779621548
0.49,251.2436981201172,205.8986358642578,515.6629638671875,262.75909423828125,19.61550521850586,408.4329833984375,276.8341064453125,8.70830249786377,204.85145568847656,270.53631591796875,-89.35851287841797,53.630332946777344,495.95751953125,238.4575653076172,535.1538696289062,462.85205078125,126.80242919921875,397.8441467285156,443.52423095703125,252.93228149414062,191.37557983398438,462.2892150878906,345.0469665527344,34.72361755371094,179.97811889648438,-439.56927490234375,622.177001953125,155.2424774169922,-342.3670654296875,547.2521362304688,195.3363494873047,-460.4216003417969,286.4677429199219,210.4450225830078,-369.6050109863281,125.98422241210938,433.71173095703125,-477.3645324707031,641.5526123046875,473.6917419433594,-393.7021789550781,554.4556884765625,444.9488220214844,-563.64794921875,271.65008544921875,433.63775634765625,-557.54736328125,91.67095947265625,352.4130859375,-70.93335723876953,751.1326293945312,60.07401931631358,122.99276069579344,84.11787188711918,39.1167205224088,109.46288429158392,140.1102697753846,-52.37444575059769,-103.26975828759973,-21.39007093321294,-43.84773550252095,-105.14943325990673,-59.36033899904962
0.495,251.44705200195312,212.47518920898438,514.8351440429688,262.6159973144531,26.28118324279785,407.2166442871094,276.3338623046875,19.0407772064209,203.5133514404297,270.44598388671875,-84.43833923339844,56.707359313964844,495.685302734375,244.55874633789062,534.8115844726562,463.1197509765625,130.99072265625,397.5068054199219,443.56707763671875,254.05252075195312,191.4098358154297,462.3434143066406,344.80645751953125,34.34246063232422,179.21127319335938,-432.4276123046875,622.2119140625,154.6916961669922,-334.5757141113281,547.815185546875,193.95022583007812,-444.6084899902344,283.40496826171875,208.3372039794922,-350.91973876953125,124.37644958496094,433.25421142578125,-470.5491027832031,641.107421875,472.9974060058594,-386.8707275390625,554.0989379882812,445.0740966796875,-560.36474609375,272.0493469238281,433.7859191894531,-557.0197143554688,91.80789184570312,352.4964599609375,-63.45833206176758,750.5506591796875,59.97246502172362,122.06319249710907,82.73041776730543,39.59495363272492,109.56335507013762,140.0510319699407,-52.7542979523609,-104.65134914593415,-21.3933615184379,-43.88229844955157,-104.52124548867452,-59.57573878964084
0.5,251.65696716308594,219.1434783935547,514.0886840820312,262.4574890136719,33.20809555053711,405.93603515625,275.7808837890625,29.996559143066406,202.16140747070312,270.244873046875,-78.88726043701172,59.939945220947266,495.4893798828125,250.416015625,534.5894165039062,463.36553955078125,134.9505615234375,397.28118896484375,443.63836669921875,255.0840606689453,191.5740966796875,462.39947509765625,344.4527282714844,34.041236877441406,178.45797729492188,-425.33294677734375,622.1532592773438,154.2000732421875,-326.85369873046875,548.285400390625,192.5888671875,-428.7831115722656,280.21002197265625,206.21058654785156,-332.50732421875,122.57466888427734,432.7982482910156,-463.740478515625,640.5905151367188,472.27734375,-380.0577392578125,553.6402587890625,445.22412109375,-557.0702514648438,272.3824157714844,433.9466552734375,-556.5304565429688,91.91693115234375,352.5466613769531,-56.05046081542969,749.9769897460938,59.814809148202386,121.08811115820146,81.289266172086,40.06120422199382,109.65375169038913,139.9737706156991,-53.12696618701591,-106.05489432389729,-21.513430429355225,-43.902955086372685,-103.91236414170041,-59.83803069643537
0.505,251.87289428710938,225.90606689453125,513.4285888671875,262.2837219238281,40.40629959106445,404.5943298339844,275.18109130859375,41.55073928833008,200.81700134277344,269.92156982421875,-72.68118286132812,63.30465316772461,495.3723449707031,256.0277404785156,534.4915771484375,463.5878601074219,138.71292114257812,397.1716613769531,443.735107421875,256.06103515625,191.8553466796875,462.45587158203125,344.01678466796875,33.811771392822266,177.717041015625,-418.2843017578125,621.9925537109375,153.76620483398438,-319.2021484375,548.6527709960938,191.25599670410156,-413.0003967285156,276.9106140136719,204.07638549804688,-314.4202575683594,120.59188079833984,432.3374938964844,-456.9490966796875,640.0021362304688,471.5335388183594,-373.2777404785156,553.078369140625,445.3971252441406,-553.7645874023438,272.6454772949219,434.119140625,-556.0812377929688,91.99824523925781,352.56219482421875,-48.718894958496094,749.4168701171875,59.5994963334318,120.07872657947178,79.804255141027,40.507847548868654,109.74211619565665,139.86291470601816,-53.49146413651938,-107.46520780650927,-21.736758378754814,-43.90778329093797,-103.32684978587322,-60.15379690146273
0.51,252.09463500976562,232.7652587890625,512.859375,262.0943908691406,47.88352966308594,403.19635009765625,274.5416259765625,53.67156219482422,199.50376892089844,269.4663391113281,-65.80088806152344,66.77452087402344,495.33489990234375,261.3968505859375,534.5201416015625,463.7868957519531,142.31143188476562,397.18017578125,443.8543701171875,257.0146789550781,192.2406768798828,462.5112609863281,343.52587890625,33.6457405090332,176.9871368408203,-411.2801818847656,621.7223510742188,153.38795471191406,-311.6214599609375,548.9080200195312,189.95555114746094,-397.32061767578125,273.53533935546875,201.9466094970703,-296.7134704589844,118.44355773925781,431.8654479980469,-450.1849365234375,639.34326171875,470.7684631347656,-366.5450744628906,552.4130859375,445.59100341796875,-550.4469604492188,272.83502197265625,434.302490234375,-555.6729125976562,92.05241394042969,352.5403747558594,-41.47309494018555,748.8754272460938,59.325603179471074,119.04674489656378,78.28779982364011,40.9280667908875,109.83648976741381,139.70339291986375,-53.846760645259565,-108.86649445550319,-22.048490867027283,-43.89489552991603,-102.76883854151389,-60.52975295689754
0.515,252.32237243652344,239.72311401367188,512.3848876953125,261.8883056640625,55.644859313964844,401.74853515625,273.8705749511719,66.32125854492188,198.2471466064453,268.8713073730469,-58.23249816894531,70.3194580078125,495.3758850097656,266.5308532714844,534.675048828125,463.9644470214844,145.78155517578125,397.3064270019531,443.9929504394531,257.972900390625,192.71743774414062,462.5644226074219,343.00341796875,33.53486251831055,176.26675415039062,-404.3188171386719,621.3363647460938,153.06251525878906,-304.1116027832031,549.0431518554688,188.69149780273438,-381.80877685546875,270.11334228515625,199.83380126953125,-279.4437561035156,116.14752197265625,431.3756103515625,-443.45758056640625,638.6154174804688,469.98468017578125,-359.8736572265625,551.6456298828125,445.8033752441406,-547.115478515625,272.9479064941406,434.4956359863281,-555.3056640625,92.0804214477539,352.47760009765625,-34.32269287109375,748.35791015625,58.99291599202013,118.00389903954789,76.75461995208946,41.31600732866238,109.94476075707382,139.4810312820166,-54.19191766131175,-110.24266071002174,-22.432578323688176,-43.86270282975386,-102.24229374605292,-60.97233285069623
0.52,252.55657958984375,246.7812957763672,512.0082397460938,261.66375732421875,63.69245147705078,400.2591552734375,273.1767272949219,79.45703887939453,197.0737762451172,268.1310729980469,-49.96772384643555,73.90672302246094,495.4924011230469,271.4418029785156,534.9539794921875,464.1236572265625,149.15963745117188,397.54815673828125,444.1477355957031,258.9599609375,193.2733917236328,462.6143493652344,342.4692077636719,33.47113037109375,175.55419921875,-397.39801025390625,620.829833984375,152.7864227294922,-296.671875,549.051513671875,187.46788024902344,-366.5338134765625,266.6736755371094,197.75071716308594,-262.6690979003906,113.72370147705078,430.8614807128906,-436.77593994140625,637.8211059570312,469.18511962890625,-353.2767028808594,550.7785034179688,446.0315856933594,-543.7672729492188,272.98150634765625,434.69744873046875,-554.9786376953125,92.0837173461914,352.3694152832031,-27.277355194091797,747.8695068359375,58.60201170611978,116.96145647370446,75.22139991219751,41.666984558276795,110.07441191900102,139.18317920434527,-54.52599709072575,-111.57773348210804,-22.87223634577893,-43.809730905447395,-101.75111135066906,-61.487821365372355
0.525,252.79815673828125,253.9410400390625,511.73187255859375,261.4183044433594,72.02536010742188,398.73809814453125,272.46917724609375,93.0322494506836,196.0108642578125,267.2429504394531,-41.00404357910156,77.50151824951172,495.67987060546875,276.1460876464844,535.3526611328125,464.26873779296875,152.48194885253906,397.90130615234375,444.3153991699219,259.9963073730469,193.89691162109375,462.6601257324219,341.9394836425781,33.44692611694336,174.84767150878906,-390.51507568359375,620.1993408203125,152.5556640625,-289.3011474609375,548.9277954101562,186.28860473632812,-351.5675964355469,263.2451171875,195.7100830078125,-246.4477081298828,111.19389343261719,430.31689453125,-430.148193359375,636.9634399414062,468.3726806640625,-346.7664489746094,549.8155517578125,446.27276611328125,-540.3982543945312,272.933837890625,434.90673828125,-554.6900024414062,92.06419372558594,352.2106628417969,-20.346609115600586,747.4151611328125,58.15423290289027,115.92980923226207,73.70620756368442,41.97751981342873,110.23236104562079,138.79894744457056,-54.84804329124293,-112.85625461024605,-23.350352608348317,-43.73482943064735,-101.29890617078887,-62.08202104829493
0.53,253.04827880859375,261.203125,511.5575256347656,261.1490173339844,80.63937377929688,397.19708251953125,271.7571716308594,106.99750518798828,195.08555603027344,266.207275390625,-31.344717025756836,81.06766510009766,495.9322814941406,280.66387939453125,535.8646240234375,464.4048156738281,155.78369140625,398.36029052734375,444.4927062988281,261.0984802246094,194.5769500732422,462.7010803222656,341.42724609375,33.45518112182617,174.14517211914062,-383.6669921875,619.4434204101562,152.36573791503906,-281.9979553222656,548.6683349609375,185.1574249267578,-336.98370361328125,259.8556823730469,193.72422790527344,-230.83714294433594,108.58143615722656,429.73590087890625,-423.5816955566406,636.0467529296875,467.5503845214844,-340.35382080078125,548.7623901367188,446.5238342285156,-537.003662109375,272.8038024902344,435.1221618652344,-554.4367065429688,92.02421569824219,351.9957580566406,-13.539628982543945,746.9996337890625,57.651786340526996,114.9179880136968,72.22821587694773,42.24544381244672,110.42473337510029,138.3196894555457,-55.15698267199028,-114.06373245806918,-23.85006501460103,-43.637189826981114,-100.88889664779043,-62.75985570377317
0.535,253.30841064453125,268.56781005859375,511.4861755371094,260.8525085449219,89.52698516845703,395.6493225097656,271.0496520996094,121.30188751220703,194.3241424560547,265.02752685546875,-20.998655319213867,84.56831359863281,496.2424621582031,285.018798828125,536.4816284179688,464.5375061035156,159.09814453125,398.9183654785156,444.67645263671875,262.2792663574219,195.30323791503906,462.7366027832031,340.9425964355469,33.48942947387695,173.4446258544922,-376.8503723144531,618.5625,152.2117919921875,-274.760498046875,548.2711791992188,184.0776824951172,-322.85577392578125,256.5321350097656,191.8048553466797,-215.89315795898438,105.91080474853516,429.11309814453125,-417.08282470703125,635.0761108398438,466.72113037109375,-334.0481872558594,547.6258544921875,446.7814636230469,-533.5776977539062,272.5910339355469,435.34234619140625,-554.2144775390625,91.96663665771484,351.7189636230469,-6.865017414093018,746.6270751953125,57.09771047025785,113.93335152415614,70.80721465627516,42.46990746762077,110.65666923618414,137.73923948786893,-55.45165884890987,-115.18692238957996,-24.355081791868912,-43.516350795271165,-100.52389024336301,-63.52545982015613
0.54,253.58026123046875,276.0347900390625,511.51806640625,260.5251770019531,98.67739868164062,394.10955810546875,270.3551025390625,135.89407348632812,193.7513885498047,263.71044921875,-9.980149269104004,87.96669006347656,496.602294921875,289.2371520996094,537.1939086914062,464.6724548339844,162.45579528808594,399.5679626464844,444.8634338378906,263.5478210449219,196.0662078857422,462.76629638671875,340.4928894042969,33.54387664794922,172.74388122558594,-370.0614929199219,617.5589599609375,152.0886688232422,-267.58685302734375,547.7360229492188,183.05223083496094,-309.2560729980469,253.2998809814453,189.9627227783203,-201.66847229003906,103.20721435546875,428.443603515625,-410.6568603515625,634.0577392578125,465.8876647949219,-327.8571472167969,546.4144897460938,447.0421447753906,-530.1138305664062,272.2963562011719,435.5658264160156,-554.0176391601562,91.89476013183594,351.3744201660156,-0.33057230710983276,746.3013916015625,56.49590910222139,112.98128851184543,69.46339655689303,42.65134651881863,110.93219377992409,137.05404235784772,-55.73073600643079,-116.21413830555721,-24.85015129484421,-43.37224416656443,-100.20618158315294,-64.38184956270672
0.545,253.86570739746094,283.60321044921875,511.65283203125,260.1633605957031,108.07658386230469,392.5937194824219,269.6812438964844,150.72335815429688,193.38980102539062,262.2659912109375,1.6915582418441772,91.22689056396484,497.00311279296875,293.3471374511719,537.989990234375,464.8153381347656,165.88365173339844,400.3008117675781,445.05072021484375,264.9100646972656,196.8570556640625,462.789794921875,340.0831604003906,33.613426208496094,172.0408172607422,-363.2965087890625,616.4373779296875,151.9910888671875,-260.4750671386719,547.0643920898438,182.0832061767578,-296.25341796875,250.18243408203125,188.2073516845703,-188.21160888671875,100.49616241455078,427.7232971191406,-404.3079833984375,632.9989013671875,465.0526123046875,-321.786376953125,545.1382446289062,447.3022155761719,-526.6052856445312,271.9216003417969,435.7910461425781,-553.8388671875,91.81236267089844,350.95654296875,6.056954383850098,746.025634765625,55.85108905557797,112.06509357791509,68.2170544723952,42.79146539224925,111.25399411536807,136.2633692026514,-55.99270553644239,-117.13550634381242,-25.321488090999765,-43.20518300355357,-99.93748035810435,-65.3306242510655
0.55,254.16668701171875,291.27166748046875,511.88946533203125,259.7635803222656,117.70746612548828,391.1186828613281,269.03485107421875,165.74057006835938,193.2589874267578,260.70721435546875,13.992817878723145,94.31459045410156,497.4358215332031,297.3782043457031,538.8574829101562,464.97119140625,169.40463256835938,401.1083068847656,445.2355041503906,266.3687438964844,197.6677703857422,462.80694580078125,339.7164306640625,33.69366455078125,171.33334350585938,-356.55145263671875,615.2047119140625,151.91371154785156,-253.4232635498047,546.2596435546875,181.17193603515625,-283.9115905761719,247.2012176513672,186.546875,-175.56561279296875,97.80292510986328,426.94873046875,-398.03912353515625,631.9078369140625,464.2182312011719,-315.8392333984375,543.8085327148438,447.5577087402344,-523.0447387695312,271.46990966796875,436.016357421875,-553.66943359375,91.72362518310547,350.4601135253906,12.292097091674805,745.8024291992188,55.168733435404164,111.18591630841377,67.08845581647267,42.893110796986065,111.62342164235531,135.36925956727748,-56.235784931411956,-117.94315170069544,-25.75715737577943,-43.01598347055548,-99.71876913036567,-66.37184269616773
0.555,254.48519897460938,299.0380859375,512.226318359375,259.32275390625,127.55008697509766,389.70196533203125,268.4217529296875,180.89874267578125,193.37513732910156,259.0500183105469,26.896230697631836,97.19782257080078,497.8913879394531,301.36004638671875,539.782958984375,465.1444091796875,173.0372314453125,401.9817199707031,445.41522216796875,267.92401123046875,198.49102783203125,462.8175964355469,339.39398193359375,33.78086853027344,170.61949157714844,-349.822509765625,613.8699340820312,151.8512420654297,-246.42987060546875,545.3270263671875,180.31883239746094,-272.2873840332031,244.37533569335938,184.98780822753906,-163.7667999267578,95.15209197998047,426.117431640625,-391.85198974609375,630.7937622070312,463.3865051269531,-310.0169372558594,542.4380493164062,447.8045654296875,-519.4248657226562,270.9456787109375,436.2400817871094,-553.4988403320312,91.63314819335938,349.8805236816406,18.370906829833984,745.6334228515625,54.455038673147044,110.34283140630441,66.09772010567127,42.96018351023582,112.0403919802975,134.3764670074089,-56.45809021133155,-118.63116529250195,-26.14706066842777,-42.80585233972036,-99.5503697744602,-67.50390123458486
0.56,254.82308959960938,306.89984130859375,512.6613159179688,258.8384704589844,137.5819091796875,388.361328125,267.8466491699219,196.15371704101562,193.75057983398438,257.31280517578125,40.371395111083984,99.84756469726562,498.3609619140625,305.3218994140625,540.7523803710938,465.3384704589844,176.7951202392578,402.9123229980469,445.58758544921875,269.57366943359375,199.32029724121094,462.8217468261719,339.11572265625,33.87193298339844,169.8975372314453,-343.1060791015625,612.4443359375,151.7985382080078,-239.49365234375,544.2733764648438,179.52320861816406,-261.4287109375,241.7213592529297,183.534912109375,-152.84376525878906,92.56710815429688,425.2276611328125,-385.7469482421875,629.666748046875,462.55914306640625,-304.3182067871094,541.0405883789062,448.0384216308594,-515.7384643554688,270.3547058105469,436.4604187011719,-553.3148803710938,91.5458755493164,349.2138366699219,24.291168212890625,745.51953125,53.71679538169377,109.53303705541583,65.26463814160223,42.99752005252685,112.50333804551042,133.2924058377394,-56.657405752188026,-119.19589838644974,-26.483711049984436,-42.57645494720862,-99.43179132674193,-68.72326693082971
0.565,255.18206787109375,314.8536071777344,513.19189453125,258.30908203125,147.7781219482422,387.1144104003906,267.31304931640625,211.46441650390625,194.3934326171875,255.5159912109375,54.38569641113281,102.23837280273438,498.8360900878906,309.29168701171875,541.7514038085938,465.5556945800781,180.68716430664062,403.8915100097656,445.7506103515625,271.31365966796875,200.14967346191406,462.8194885253906,338.8804626464844,33.96435546875,169.16604614257812,-336.39898681640625,610.9413452148438,151.75067138671875,-232.6138458251953,543.107421875,178.7833709716797,-251.37326049804688,239.25318908691406,182.191162109375,-142.8162841796875,90.06976318359375,424.2788391113281,-379.72308349609375,628.53759765625,461.737548828125,-298.7395324707031,539.631103515625,448.2547912597656,-511.97869873046875,269.704345703125,436.6754455566406,-553.1035766601562,91.4670639038086,348.45697021484375,30.052583694458008,745.4609375,52.96128809639956,108.75213245000845,64.60848325440247,43.01068898756472,113.00931352603209,132.12680742333112,-56.83138659966433,-119.63575892759074,-26.76194520510637,-42.32990516157466,-99.36174775689122,-70.02438322138408
0.57,255.5635528564453,322.8954772949219,513.81494140625,257.7340087890625,158.11199951171875,385.978271484375,266.823486328125,226.7931365966797,195.30740356445312,253.681640625,68.9051513671875,104.34880065917969,499.3090515136719,313.2952880859375,542.7656860351562,465.7971496582031,184.71743774414062,404.910888671875,445.902587890625,273.1382751464844,200.97396850585938,462.8108825683594,338.68609619140625,34.05615997314453,168.4239501953125,-329.69873046875,609.3762817382812,151.70298767089844,-225.7903289794922,541.83935546875,178.0965118408203,-242.14694213867188,236.98190307617188,180.9577178955078,-133.69464111328125,87.67985534667969,423.27117919921875,-373.77825927734375,627.4178466796875,460.9228820800781,-293.2750549316406,538.2251586914062,448.44891357421875,-508.1393737792969,269.0033264160156,436.8831787109375,-552.8492431640625,91.40220642089844,347.60784912109375,35.65694046020508,745.456787109375,52.196200644146984,107.99438277105077,64.14788113363932,43.0058177250136,113.5540961854262,130.89141900622133,-56.97750262797085,-119.95133352672181,-26.9793536072209,-42.068660509671304,-99.338183371605,-71.39972904854994
0.575,255.9685516357422,331.02069091796875,514.5270385742188,257.1138000488281,168.55532836914062,384.96905517578125,266.3794250488281,242.10546875,196.49176025390625,251.83279418945312,83.89518737792969,106.16179656982422,499.7728576660156,317.3559875488281,543.7809448242188,466.0626525878906,188.88548278808594,405.9622802734375,446.0421142578125,275.0406494140625,201.78857421875,462.79608154296875,338.5299377441406,34.14582443237305,167.67066955566406,-323.0035095214844,607.766357421875,151.651123046875,-219.02362060546875,540.481201171875,177.45880126953125,-233.76303100585938,234.91574096679688,179.8339080810547,-125.47906494140625,85.41477966308594,422.20599365234375,-367.9089660644531,626.3192138671875,460.11602783203125,-287.9167785644531,536.8389892578125,448.615966796875,-504.2150573730469,268.2619934082031,437.0815124511719,-552.5343017578125,91.35699462890625,346.665283203125,41.10822677612305,745.5054931640625,51.42939488262914,107.25321380467489,63.90033390114053,42.98944042391736,114.13227671760006,129.59973098761907,-57.09318341212844,-120.14520886884357,-27.136105734794626,-41.795598988720485,-99.358196423887,-72.83954731294968
0.58,256.39764404296875,339.223876953125,515.3245849609375,256.4503173828125,179.07882690429688,384.1015625,265.98150634765625,257.3702392578125,197.94134521484375,249.99301147460938,99.32144927978516,107.66492462158203,500.22137451171875,321.49383544921875,544.783447265625,466.3507080078125,193.1865692138672,407.0377502441406,446.1680908203125,277.012939453125,202.5894775390625,462.7753601074219,338.4089660644531,34.23225021362305,166.9060516357422,-316.3125305175781,606.1301879882812,151.59107971191406,-212.31495666503906,539.0460205078125,176.86546325683594,-226.22142028808594,233.0601043701172,178.8174285888672,-118.1595230102539,83.28927612304688,421.08551025390625,-362.1105651855469,625.2537841796875,459.3178405761719,-282.65472412109375,535.4890747070312,448.7508544921875,-500.2012939453125,267.4921875,437.2682189941406,-552.1395874023438,91.33724212646484,345.62921142578125,46.41271209716797,745.6046142578125,50.66877313300361,106.52158580194697,63.88190862736042,42.96824079557953,114.7375114408809,128.2664843572482,-57.17575369217019,-120.22205542414937,-27.23528852172862,-41.51386554042614,-99.41815683355631,-74.3321469714733
0.585,256.8508605957031,347.49871826171875,516.2033081054688,255.7466583251953,189.65267944335938,383.38873291015625,265.6294860839844,272.55926513671875,199.6467742919922,248.1857147216797,115.15047454833984,108.85047912597656,500.6494445800781,325.72540283203125,545.760009765625,466.6585693359375,197.6122283935547,408.12957763671875,446.2796325683594,279.0467834472656,203.3732452392578,462.7489013671875,338.3197937011719,34.314659118652344,166.13058471679688,-309.6259765625,604.4877319335938,151.51914978027344,-205.66635131835938,537.5484008789062,176.31094360351562,-219.50856018066406,231.41758728027344,177.90440368652344,-111.71580505371094,81.3152084350586,419.9129333496094,-356.377197265625,624.2335205078125,458.5290832519531,-277.4771423339844,534.1920776367188,448.8484802246094,-496.0947570800781,266.707275390625,437.44091796875,-551.64404296875,91.34879302978516,344.50054931640625,51.578975677490234,745.7509765625,49.92212313066673,105.79240697542627,64.10685779983874,42.9489036538381,115.36266501967316,126.90722785447366,-57.22262070631275,-120.18841972428577,-27.282604554140903,-41.226909988556,-99.51366733297692,-75.86368776582754
0.59,257.3276062011719,355.83819580078125,517.1588745117188,255.00726318359375,200.2469940185547,382.8415222167969,265.3225402832031,287.64715576171875,201.5946502685547,246.43368530273438,131.3502960205078,109.71548461914062,501.0528564453125,330.0634765625,546.6984252929688,466.9822692871094,202.1508331298828,409.23016357421875,446.3761291503906,281.13336181640625,204.1369171142578,462.71697998046875,338.259033203125,34.39254379272461,165.3452911376953,-302.94525146484375,602.8597412109375,151.43199157714844,-199.08047485351562,536.00390625,175.78900146484375,-213.59776306152344,229.98809814453125,177.08958435058594,-106.11790466308594,79.50145721435547,418.6923522949219,-350.7020568847656,623.2698974609375,457.7505187988281,-272.3708801269531,532.9641723632812,448.9036865234375,-491.893310546875,265.9220275878906,437.59716796875,-551.0249633789062,91.39746856689453,343.28125,56.61787796020508,745.9407348632812,49.19691300589196,105.05897323939166,64.58709662533579,42.93783140080518,116.0002008814335,125.5377452615486,-57.23136574719696,-120.05257781310257,-27.286206573588288,-40.93836561057665,-99.63966437609449,-77.41848362916282
0.595,257.8266296386719,364.234375,518.1865844726562,254.23780822753906,210.83229064941406,382.46844482421875,265.0592956542969,302.6108093261719,203.76791381835938,244.75857543945312,147.8909149169922,110.26155853271484,501.4283447265625,334.5169372558594,547.5872802734375,467.31683349609375,206.7881317138672,410.33203125,446.4571533203125,283.2637939453125,204.8780517578125,462.6799011230469,338.2232971191406,34.46561050415039,164.5517578125,-296.2727966308594,601.267333984375,151.3265838623047,-192.56072998046875,534.4288940429688,175.29298400878906,-208.44992065429688,228.76898193359375,176.36660766601562,-101.32672119140625,77.8538818359375,417.4287109375,-345.0771789550781,622.3740234375,456.98309326171875,-267.3215637207031,531.8212280273438,448.9113464355469,-487.5960693359375,265.1525573730469,437.734375,-550.2581176757812,91.4889907836914,341.97430419921875,61.54250717163086,746.1694946289062,48.50011732804364,104.31537663311053,65.3317840610074,42.941045798744796,116.64229369206487,124.17371750788129,-57.199775971732635,-119.8244826030614,-27.256649764281008,-40.651932526117946,-99.79057122887204,-78.97931830361453
0.6,258.34600830078125,372.67852783203125,519.281494140625,253.4451446533203,221.3800506591797,382.2752990722656,264.8380126953125,317.4293212890625,206.1461639404297,243.18035888671875,164.74462890625,110.49466705322266,501.7734680175781,339.0909118652344,548.4163818359375,467.6563720703125,211.50794982910156,411.427734375,446.5224304199219,285.4291687011719,205.59463500976562,462.637939453125,338.2092590332031,34.53370666503906,163.752197265625,-289.61236572265625,599.7318725585938,151.20018005371094,-186.11099243164062,532.8404541015625,174.8159942626953,-204.0148468017578,227.75531005859375,175.7281951904297,-97.29508209228516,76.37541198730469,416.1278076171875,-339.4939270019531,621.555908203125,456.2278747558594,-262.31402587890625,530.7779541015625,448.8663330078125,-483.2033996582031,264.41607666015625,437.84979248046875,-549.3176879882812,91.62889099121094,340.5835876464844,66.3680191040039,746.4321899414062,47.838031067097916,103.5568163091861,66.34688631552467,42.96395682919248,117.28121417228022,122.83012065735159,-57.12600711103343,-119.51545466810862,-27.206385464648804,-40.371366060349146,-99.96029390789057,-80.52748831365861
0.605,258.8831787109375,381.16107177734375,520.438232421875,252.63710021972656,231.8632049560547,382.26519775390625,264.65667724609375,332.0834655761719,208.7061309814453,241.7169952392578,181.88619995117188,110.42481231689453,502.0865783691406,343.7867431640625,549.1766357421875,467.9942321777344,216.29286193847656,412.5099182128906,446.5718078613281,287.6208801269531,206.2851104736328,462.5914611816406,338.2138671875,34.59679412841797,162.94932556152344,-282.9685974121094,598.2742309570312,151.0503387451172,-179.73561096191406,531.256103515625,174.35110473632812,-200.23287963867188,226.94004821777344,175.16644287109375,-93.96894836425781,75.066162109375,414.7961730957031,-333.9427490234375,620.8245239257812,455.4862976074219,-257.3326416015625,529.8482055664062,448.7638244628906,-478.71673583984375,263.7308044433594,437.9405822753906,-548.176513671875,91.82245635986328,339.11395263671875,71.11148834228516,746.7236328125,47.21618263628375,102.7798841002737,67.63495825992231,43.01123361506154,117.90953961378199,121.52084625754185,-57.00865080865863,-119.13800067874591,-27.149431344527983,-40.10034409888715,-100.14245474345765,-82.04334175029044
0.61,259.434814453125,389.6717529296875,521.6512451171875,251.82235717773438,242.2565155029297,382.43829345703125,264.51312255859375,346.5555725097656,211.42202758789062,240.38406372070312,199.29290771484375,110.06562805175781,502.36676025390625,348.6024169921875,549.8601684570312,468.3233947753906,221.1248321533203,413.5711975097656,446.60528564453125,289.83056640625,206.94827270507812,462.5408020019531,338.234130859375,34.65486145019531,162.1463165283203,-276.3471984863281,596.914306640625,150.8748779296875,-173.43910217285156,529.6932373046875,173.8916015625,-197.03689575195312,226.314453125,174.67306518554688,-91.28885650634766,73.92366027832031,413.4410095214844,-328.4135437011719,620.1871948242188,454.76007080078125,-252.361572265625,529.0440063476562,448.59918212890625,-474.138427734375,263.1156311035156,438.0038146972656,-546.80615234375,92.07466125488281,337.5710144042969,75.79165649414062,747.0382080078125,46.63915537590904,101.98274857727506,69.19485722247038,43.08668858630256,118.5204433434929,120.25825359466205,-56.84684481926965,-118.70545759868303,-27.100799619227757,-39.84239674443609,-100.33043849346113,-83.50652870294071
0.615,259.9971008300781,398.1995544433594,522.9147338867188,251.0102081298828,252.53701782226562,382.7919006347656,264.4051818847656,360.8292541503906,214.2659912109375,239.19456481933594,216.9443817138672,109.43388366699219,502.6136474609375,353.53289794921875,550.4603881835938,468.6365051269531,225.98587036132812,414.6041564941406,446.6228942871094,292.05029296875,207.58331298828125,462.4863586425781,338.26739501953125,34.70792770385742,161.34677124023438,-269.75457763671875,595.6707763671875,150.671875,-167.2259979248047,528.1693115234375,173.43121337890625,-194.35459899902344,225.8683624267578,174.23963928222656,-89.19145202636719,72.94316864013672,412.0701599121094,-322.8957214355469,619.64990234375,454.0511474609375,-247.38519287109375,528.3759155273438,448.3681335449219,-469.47161865234375,262.58990478515625,438.0365295410156,-545.1769409179688,92.39007568359375,335.96124267578125,80.42867279052734,747.3702392578125,46.110490288214606,101.16531429652667,71.02162988608234,43.193171559167666,119.10792265099866,119.05286245584557,-56.640399661354394,-118.23159191505515,-27.07578124071631,-39.60079002522306,-100.51763349373587,-84.89646490122553
0.62,260.5655212402344,406.73297119140625,524.2227172851562,250.21034240722656,262.68438720703125,383.3204345703125,264.33062744140625,374.88922119140625,217.20846557617188,238.1586456298828,234.82232666015625,108.54898071289062,502.8272705078125,358.5704650878906,550.9720458984375,468.9261474609375,230.85855102539062,415.60150146484375,446.62469482421875,294.27264404296875,208.18972778320312,462.4285583496094,338.3111267089844,34.75597381591797,160.55458068847656,-263.1976623535156,594.5606689453125,150.43971252441406,-161.1005859375,526.7012939453125,172.96432495117188,-192.11077880859375,225.59056091308594,173.85787963867188,-87.61109161376953,72.11797332763672,410.69195556640625,-317.37823486328125,619.216552734375,453.3619689941406,-242.38829040527344,527.8522338867188,448.06683349609375,-464.7197570800781,262.1729736328125,438.03564453125,-543.2586059570312,92.77284240722656,334.29180908203125,85.04376220703125,747.7140502929688,45.63260891437909,100.3292651291946,73.10652703943208,43.332525453611964,119.66698189554108,117.91303605885042,-56.38978535889245,-117.7302802269444,-27.089494535185253,-39.378441989489204,-100.69756202815668,-86.1929365580701
0.625,261.1352233886719,415.26007080078125,525.56884765625,249.43258666992188,272.6811828613281,384.0157775878906,264.28729248046875,388.7212829589844,220.2185821533203,237.28363037109375,252.91015625,107.43241882324219,503.0081481933594,363.7052917480469,551.390869140625,469.1851806640625,235.7266082763672,416.55609130859375,446.6108703613281,296.49078369140625,208.76734924316406,462.36785888671875,338.3630676269531,34.79892349243164,159.7738037109375,-256.6837158203125,593.5988159179688,150.17703247070312,-155.06663513183594,525.305419921875,172.48617553710938,-190.22975158691406,225.4691925048828,173.5198211669922,-86.48138427734375,71.43975830078125,409.3152160644531,-311.84991455078125,618.88916015625,452.69512939453125,-237.35635375976562,527.4791259765625,447.6919860839844,-459.8864440917969,261.88397216796875,437.9981689453125,-541.0199584960938,93.22661590576172,332.57049560546875,89.65889739990234,748.0641479492188,45.206857333492565,99.47794945224939,75.4372965786938,43.5056465785872,120.1937196383281,116.8449803754682,-56.09628993887091,-117.21493392388038,-27.155935427315654,-39.17791845871494,-100.86397226018647,-87.37618112945879
0.63,261.7008972167969,423.7687683105469,526.9467163085938,248.6866912841797,282.5130615234375,384.8673095703125,264.2732238769531,402.3121032714844,223.26451110839844,236.57383728027344,271.1923522949219,106.10720825195312,503.1568298339844,368.9259338378906,551.714111328125,469.4068298339844,240.5752410888672,417.4609375,446.5815124511719,298.6983642578125,209.3162841796875,462.3047790527344,338.42108154296875,34.83662796020508,159.00860595703125,-250.2198486328125,592.7974853515625,149.8827667236328,-149.1271514892578,523.9968872070312,171.99298095703125,-188.63758850097656,225.4920654296875,173.21798706054688,-85.7366943359375,70.89900970458984,407.94915771484375,-306.2994384765625,618.6678466796875,452.0535583496094,-232.27574157714844,527.26025390625,447.2409362792969,-454.9748840332031,261.7412109375,437.9210205078125,-538.4295043945312,93.75453186035156,330.8058166503906,94.29642486572266,748.4151611328125,44.833432583611625,98.6163665332511,77.99829261361856,43.712393975981456,120.68553971848053,115.85242971686921,-55.7619943535058,-116.69809911858539,-27.28740405782412,-39.00124462306371,-101.01114054042736,-88.42776441285669
0.635,262.2569885253906,432.2468566894531,528.349853515625,247.98208618164062,292.1689147949219,385.86224365234375,264.2864074707031,415.6495056152344,226.31381225585938,236.0308074951172,289.6539611816406,104.59736633300781,503.274169921875,374.2197265625,551.93994140625,469.58502197265625,245.3916015625,418.3093566894531,446.53680419921875,300.88970947265625,209.83688354492188,462.2398986816406,338.483154296875,34.86884307861328,158.26309204101562,-243.81297302246094,592.1665649414062,149.55621337890625,-143.2841339111328,522.789794921875,171.48219299316406,-187.26414489746094,225.64710998535156,172.9456329345703,-85.31346130371094,70.48534393310547,406.6031799316406,-300.7155456542969,618.5506591796875,451.4403381347656,-227.1338653564453,527.1967163085938,446.7116394042969,-449.98748779296875,261.7619323730469,437.80126953125,-535.45556640625,94.3591537475586,329.0066833496094,98.9786605834961,748.7621459960938,44.511403789006124,97.75094737233906,80.77079943044885,43.951720938615495,121.14112559648044,114.93674933394084,-55.389741122729475,-116.1910500056433,-27.49396962250529,-38.8499524860523,-101.13391447727903,-89.33070627086559
0.64,262.7978210449219,440.68243408203125,529.7716064453125,247.32766723632812,301.6408996582031,386.9859619140625,264.3250732421875,428.72216796875,229.333740234375,235.6532440185547,308.27984619140625,102.92731475830078,503.3609619140625,379.5734558105469,552.06787109375,469.7144470214844,250.1649932861328,419.0951843261719,446.47686767578125,303.05975341796875,210.32974243164062,462.173828125,338.54742431640625,34.89522171020508,157.54124450683594,-237.46932983398438,591.7127685546875,149.19703674316406,-137.53826904296875,521.6967163085938,170.95245361328125,-186.04478454589844,225.92254638671875,172.6967315673828,-85.15137481689453,70.1878890991211,405.2868957519531,-295.0871276855469,618.5336303710938,450.85858154296875,-221.919189453125,527.286865234375,446.10284423828125,-444.925537109375,261.9617004394531,437.6361083984375,-532.0667724609375,95.04249572753906,327.1826477050781,103.7275161743164,749.1005859375,44.23886301996623,96.88933151055744,83.73358350370182,44.22173354636283,121.56047492298421,114.09698931238586,-54.98324086702465,-115.70324480354087,-27.78263515488959,-38.725039594361164,-101.22783972208754,-90.06989749837624
0.645,263.317626953125,449.06396484375,531.205322265625,246.73158264160156,310.9244079589844,388.222412109375,264.38739013671875,441.51995849609375,232.29159545898438,235.437255859375,327.0539245605469,101.12144470214844,503.4179992675781,384.97369384765625,552.0982666015625,469.7907409667969,254.88702392578125,419.81280517578125,446.40185546875,305.2040100097656,210.79563903808594,462.1072692871094,338.6119689941406,34.91532516479492,156.84677124023438,-231.1943359375,591.4400024414062,148.80528259277344,-131.8888702392578,520.728515625,170.4037628173828,-184.92172241210938,226.3072967529297,172.4661407470703,-85.19426727294922,69.99562072753906,404.00994873046875,-289.4034423828125,618.6112060546875,450.3114929199219,-216.62139892578125,527.5265502929688,445.41412353515625,-439.7886962890625,262.35406494140625,437.4228820800781,-528.2322387695312,95.80597686767578,325.34356689453125,108.56410217285156,749.4264526367188,44.01297021105077,96.04010178681818,86.8631916360917,44.519847922163535,121.94480389424956,113.33008682042913,-54.54683859152192,-115.24220725522665,-28.15733527015587,-38.62692928870254,-101.28934144635659,-90.63246058236865
0.65,263.81085205078125,457.3804931640625,532.64453125,246.20108032226562,320.01800537109375,389.5544128417969,264.4715881347656,454.0338134765625,235.1549835205078,235.37649536132812,345.9584045410156,99.20359802246094,503.4460144042969,390.4073486328125,552.0326538085938,469.8105773925781,259.55181884765625,420.45721435546875,446.3118896484375,307.3186340332031,211.23548889160156,462.0409240722656,338.6749267578125,34.92861557006836,156.18299865722656,-224.99221801757812,591.3490600585938,148.3814697265625,-126.33360290527344,519.894287109375,169.8373565673828,-183.8449249267578,226.791015625,172.24960327148438,-85.39083862304688,69.89761352539062,402.7819519042969,-283.6542053222656,618.7761840820312,449.80194091796875,-211.2312774658203,527.9088745117188,444.64581298828125,-434.5745849609375,262.9500427246094,437.1591491699219,-523.9220581054688,96.65044403076172,323.49969482421875,113.50831604003906,749.7362060546875,43.83002175931085,95.21261059053194,90.13424631307248,44.84282463972272,122.29656503236305,112.63090512051514,-54.085580731103136,-114.81314937309104,-28.618386607609636,-38.555494044441446,-101.31576473460488,-91.00799164738805
0.655,264.2721252441406,465.62200927734375,534.082763671875,245.7423095703125,328.9232177734375,390.9639587402344,264.5758056640625,466.255859375,237.89222717285156,235.4624481201172,364.9731140136719,97.19668579101562,503.4455871582031,395.8619079589844,551.8734130859375,469.7718200683594,264.1558837890625,421.0243225097656,446.20703125,309.400390625,211.65042114257812,461.9756164550781,338.7344055175781,34.934478759765625,155.5528564453125,-218.86595153808594,591.4379272460938,147.926513671875,-120.86851501464844,519.2012329101562,169.2557830810547,-182.77259826660156,227.36436462402344,172.04380798339844,-85.69515991210938,69.88328552246094,401.6122131347656,-277.8296203613281,619.0198364257812,449.3327331542969,-205.7406768798828,528.424560546875,443.7992858886719,-429.27850341796875,263.7578125,436.8427734375,-519.1075439453125,97.5761947631836,321.6615905761719,118.57853698730469,750.0269775390625,43.68566110779227,94.41657191257173,93.52004172242715,45.18700265638128,122.61920204776419,111.99269159624623,-53.60501801463022,-114.41898236680802,-29.162675429080394,-38.510149968390266,-101.30537702199251,-91.1885503927172
0.66,264.6964416503906,473.7794494628906,535.5137329101562,245.3602752685547,337.6442565917969,392.4327087402344,264.6980895996094,478.1794128417969,240.4726104736328,235.68460083007812,384.0747985839844,95.12228393554688,503.4172058105469,401.3259582519531,551.6236572265625,469.67333984375,268.6982421875,421.5108642578125,446.08746337890625,311.4466247558594,212.0416259765625,461.9121398925781,338.7883605957031,34.932254791259766,154.958740234375,-212.81703186035156,591.7017822265625,147.44187927246094,-115.48796844482422,518.6544799804688,168.66265869140625,-181.6712646484375,228.01898193359375,171.8462677001953,-86.06687927246094,69.94261169433594,400.509765625,-271.920654296875,619.332763671875,448.90618896484375,-200.14247131347656,529.0619506835938,442.8766784667969,-423.8932189941406,264.7822265625,436.471923828125,-513.7618408203125,98.5829849243164,319.8399658203125,123.79122924804688,750.2965087890625,43.57499409297935,93.66185708286878,96.99278044755317,45.54841211680389,122.91708318235317,111.40723951496125,-53.11107915521464,-114.06033010452427,-29.78375614418249,-38.4897108428803,-101.25758076274883,-91.16921090559606
0.665,265.0791931152344,481.8450012207031,536.9312744140625,245.0587158203125,346.1878356933594,393.9421691894531,264.8361511230469,489.7990417480469,242.86679077148438,236.03074645996094,403.23638916015625,93.00037384033203,503.3612060546875,406.7893371582031,551.2874145507812,469.5152587890625,273.18017578125,421.9146728515625,445.9532470703125,313.4553527832031,212.41036987304688,461.85137939453125,338.8346862792969,34.9212646484375,154.4025421142578,-206.84542846679688,592.13330078125,146.929443359375,-110.1846923828125,518.2570190429688,168.06260681152344,-180.51548767089844,228.7474822998047,171.65533447265625,-86.47134399414062,70.06620788574219,399.4830322265625,-265.9190673828125,619.7045288085938,448.5242004394531,-194.43045043945312,529.8074951171875,441.8811340332031,-418.40869140625,266.0246887207031,436.0451965332031,-507.86004638671875,99.6700439453125,318.0456237792969,129.1606903076172,750.543212890625,43.492740317023475,92.95820510386363,100.52385940199235,45.9229075146454,123.19528723344001,110.86523502787327,-52.6098887881347,-113.73570471889195,-30.472263057703827,-38.4926946528156,-101.17268608750796,-90.9475688199532
0.67,265.4163818359375,489.81207275390625,538.32958984375,244.8400421142578,354.56280517578125,395.4740295410156,264.9875183105469,501.1104431152344,245.04710388183594,236.4872283935547,422.4266662597656,90.84903717041016,503.2778015136719,412.2434387207031,550.8693237304688,469.2986755371094,277.6051025390625,422.2345275878906,445.8044738769531,315.4251708984375,212.7579803466797,461.7941589355469,338.87109375,34.90086364746094,153.88558959960938,-200.94952392578125,592.7228393554688,146.3915557861328,-104.94995880126953,518.0099487304688,167.46096801757812,-179.28717041015625,229.54336547851562,171.47007751464844,-86.87947845458984,70.2454605102539,398.5399169921875,-259.8175048828125,620.1246337890625,448.1881408691406,-188.59912109375,530.6460571289062,440.8167724609375,-412.8121032714844,267.4827575683594,435.5615539550781,-501.3798522949219,100.83614349365234,316.2893981933594,134.6987762451172,750.7659912109375,43.433325108053,92.31506953682538,104.0840656837155,46.30631598973787,123.45943379582872,110.35656825743115,-52.10770517996724,-113.44170038947658,-31.216250151415068,-38.51721683465806,-101.05205700977419,-90.52416386092644
0.675,265.70458984375,497.67559814453125,539.7029418945312,244.70535278320312,362.7796936035156,397.01043701171875,265.14923095703125,512.1104125976562,246.988037109375,237.03924560546875,441.6097412109375,88.68431091308594,503.1671447753906,417.6813659667969,550.3746337890625,469.0257263183594,281.97845458984375,422.4703674316406,445.64129638671875,317.35528564453125,213.08580017089844,461.74127197265625,338.8951416015625,34.870487213134766,153.4086151123047,-195.12620544433594,593.4591064453125,145.8310089111328,-99.77372741699219,517.912353515625,166.8636474609375,-177.97474670410156,230.4009246826172,171.29022216796875,-87.26750946044922,70.47251892089844,397.6873779296875,-253.60968017578125,620.5824584960938,447.8988342285156,-182.6436767578125,531.5609741210938,439.6885681152344,-407.087890625,269.1501770019531,435.0204162597656,-494.3015441894531,102.07959747314453,314.5818786621094,140.41470336914062,750.96435546875,43.39116163389957,91.74122491490209,107.64410377264687,46.69456369810359,123.71552377742051,109.87062194837699,-51.61058950238683,-113.17347147402131,-32.00210077923117,-38.56109537701471,-100.89799671199225,-89.90221786228854
0.68,265.94110107421875,505.43182373046875,541.0458984375,244.65443420410156,370.8503723144531,398.5340576171875,265.3179931640625,522.796630859375,248.66653442382812,237.67108154296875,460.744873046875,86.52005767822266,503.029296875,423.0979919433594,549.8090209960938,468.6993103027344,286.3072814941406,422.6231994628906,445.4638366699219,319.2456359863281,213.39517211914062,461.69354248046875,338.9042663574219,34.829715728759766,152.9718475341797,-189.37091064453125,594.3289794921875,145.25096130371094,-94.6448974609375,517.96142578125,166.27684020996094,-176.57211303710938,231.31507873535156,171.11599731445312,-87.61665344238281,70.74034881591797,396.9314270019531,-247.2903594970703,621.0675659179688,447.656494140625,-176.55982971191406,532.5350952148438,438.50244140625,-401.2179260253906,271.016845703125,434.4217224121094,-486.60858154296875,103.39830017089844,312.93353271484375,146.31491088867188,751.1385498046875,43.36064655440737,91.24473634616459,111.174585354991,47.08380999162176,123.96965560658055,109.39666169552004,-51.12444449937698,-112.92493748781814,-32.814843071009534,-38.62212348458755,-100.71354314233893,-89.08727860101081
0.685,266.1239013671875,513.07861328125,542.353271484375,244.6857147216797,378.7877502441406,400.0283508300781,265.49005126953125,533.1677856445312,250.0624237060547,238.3664093017578,479.78643798828125,84.36788177490234,502.8642578125,428.4901428222656,549.1785888671875,468.3231506347656,290.60015869140625,422.6951599121094,445.2722473144531,321.096923828125,213.6873779296875,461.65155029296875,338.89569091796875,34.778350830078125,152.5749969482422,-183.67776489257812,595.3184204101562,144.65487670898438,-89.55160522460938,518.1524658203125,165.7067108154297,-175.07752990722656,232.2811737060547,170.9480438232422,-87.9126205444336,71.04267883300781,396.2770690917969,-240.85549926757812,621.5704956054688,447.4607238769531,-170.3437957763672,533.5507202148438,437.2652893066406,-395.18182373046875,273.0688781738281,433.7658386230469,-478.28759765625,104.78974914550781,311.3542785644531,152.40296936035156,751.2890625,43.33636310266263,90.83270081013518,114.64642395571406,47.470529767549294,124.22790609391598,108.92400095112862,-50.654616192237825,-112.68944542260512,-33.63934418265683,-38.69784559702825,-100.50264179081088,-88.08756748092658
0.69,266.251708984375,520.6151123046875,543.6198120117188,244.7964324951172,386.6051025390625,401.4776611328125,265.6611328125,543.2230224609375,251.1587677001953,239.10855102539062,498.6840515136719,82.23716735839844,502.6720275878906,433.8564758300781,548.4896850585938,467.9014587402344,294.8667297363281,422.6893310546875,445.0667724609375,322.9105529785156,213.9635772705078,461.6158447265625,338.86663818359375,34.71650695800781,152.21728515625,-178.03977966308594,596.4124755859375,144.0465087890625,-84.48152160644531,518.4793701171875,165.1593017578125,-173.4924774169922,233.29483032226562,170.78726196289062,-88.14517211914062,71.37396240234375,395.72796630859375,-234.30227661132812,622.0823364257812,447.31060791015625,-163.99212646484375,534.59033203125,435.9847106933594,-388.957275390625,275.2887878417969,433.0536804199219,-469.3286437988281,106.25104522705078,309.853515625,158.6795196533203,751.4169921875,43.31323880229115,90.51108932276287,118.0313352788549,47.85158863861474,124.49613303765346,108.44236152178928,-50.2060359369967,-112.45993120727593,-34.46050863446479,-38.785985664255804,-100.26972091512394,-86.91314260768416
0.695,266.32403564453125,528.0419311523438,544.8405151367188,244.98263549804688,394.31591796875,402.8671569824219,265.8266296386719,552.9619140625,251.9423065185547,239.88072204589844,517.3828125,80.13508605957031,502.4526672363281,439.1974792480469,547.7490844726562,467.43878173828125,299.1175842285156,422.60980224609375,444.8477478027344,324.6888732910156,214.22486877441406,461.586669921875,338.81414794921875,34.644676208496094,151.8975830078125,-172.4490509033203,597.595947265625,143.4297637939453,-79.42218780517578,518.9345092773438,164.64016723632812,-171.82058715820312,234.351806640625,170.63475036621094,-88.30754089355469,71.72931671142578,395.2864990234375,-227.6291961669922,622.5956420898438,447.20465087890625,-157.50180053710938,535.6370849609375,434.669189453125,-382.5206604003906,277.65594482421875,432.28668212890625,-459.7253112792969,107.77890014648438,308.43994140625,165.1424102783203,751.5237426757812,43.28654965732042,90.28470676572601,121.30199106106102,48.22423992180748,124.77986741958625,107.94183799059635,-49.78288551079882,-112.22952157672691,-35.26435399130122,-38.884307585262434,-100.01978298047435,-85.57602334321749
0.7,266.3410949707031,535.3609008789062,546.0103149414062,245.23922729492188,401.9332580566406,404.18304443359375,265.9815368652344,562.384521484375,252.40365600585938,240.6663360595703,535.8240356445312,78.06678009033203,502.20623779296875,444.51544189453125,546.96337890625,466.9399719238281,303.3638916015625,422.46160888671875,444.61553955078125,326.43524169921875,214.47213745117188,461.5640563964844,338.7353820800781,34.56385803222656,151.61434936523438,-166.89700317382812,598.853515625,142.80865478515625,-74.36131286621094,519.5090942382812,164.1542510986328,-170.06666564941406,235.44784545898438,170.49160766601562,-88.39595794677734,72.10446166992188,394.9537048339844,-220.83607482910156,623.1039428710938,447.1409606933594,-150.8701171875,536.675048828125,433.3279113769531,-375.8475341796875,280.1468505859375,431.4666748046875,-449.4746398925781,109.36962127685547,307.1214294433594,171.78668212890625,751.6110229492188,43.25211507775725,90.15696444166201,124.43266399897806,48.58631308063951,125.08399662338098,107.41348238459392,-49.38867145612164,-111.99173038823545,-36.03828393483025,-38.99087793673928,-99.75808365230276,-84.08950624294835
0.705,266.3038330078125,542.5750732421875,547.1241455078125,245.56016540527344,409.4695129394531,405.4125061035156,266.12060546875,571.4905395507812,252.5377655029297,241.44918823242188,553.9456176757812,76.03547668457031,501.9328918457031,449.8142395019531,546.1394653320312,466.4099426269531,307.6170959472656,422.25042724609375,444.37066650390625,328.15411376953125,214.7061004638672,461.5477294921875,338.6275329589844,34.47563934326172,151.36582946777344,-161.3745880126953,600.169921875,142.18724060058594,-69.28711700439453,520.1934204101562,163.70571899414062,-168.2359619140625,236.57858276367188,170.35891723632812,-88.4090805053711,72.49565887451172,394.7291259765625,-213.92404174804688,623.6024780273438,447.1172790527344,-144.09483337402344,537.6900024414062,431.9706115722656,-368.9131164550781,282.7356872558594,430.59613037109375,-438.5771484375,111.01907348632812,305.90472412109375,178.6048583984375,751.6807861328125,43.20633163009617,90.12995501419562,127.39963153909684,48.93604250659979,125.41279692436171,106.84903524847061,-49.02620545526639,-111.74070225867783,-36.77142305272591,-39.10402961594761,-99.49017723622839,-82.46814157174578
0.71,266.2138977050781,549.6884765625,548.1766357421875,245.9384002685547,416.93603515625,406.5436706542969,266.2384948730469,580.27978515625,252.34396362304688,242.21380615234375,571.683349609375,74.04273986816406,501.63287353515625,455.0992126464844,545.2841186523438,465.8533935546875,311.8887939453125,421.9827575683594,444.1138000488281,329.8513488769531,214.9271697998047,461.5369567871094,338.4880676269531,34.3823127746582,151.15005493164062,-155.87254333496094,601.5305786132812,141.56948852539062,-64.1885757446289,520.9768676757812,163.29782104492188,-166.3334503173828,237.73953247070312,170.2375946044922,-88.34757232666016,72.89962768554688,394.6109313964844,-206.8955841064453,624.087646484375,447.1310729980469,-137.17416381835938,538.6694946289062,430.6075134277344,-361.6931457519531,285.3948059082031,429.6778564453125,-427.03662109375,112.72262573242188,304.7955017089844,185.58702087402344,751.7350463867188,43.1462608282327,90.20429461087389,130.18170264813,49.27219454846471,125.76967638340551,106.24128676313671,-48.69739806996071,-111.47159901567096,-37.45533601615912,-39.22258123097413,-99.22157423523566,-80.72689012652678
0.715,266.0736083984375,556.7059326171875,549.1624145507812,246.3661651611328,424.34271240234375,407.5658264160156,266.329833984375,588.7515258789062,251.8262481689453,242.94561767578125,588.9716186523438,72.0887680053711,501.3064880371094,460.376953125,544.4039916992188,465.27496337890625,316.1903381347656,421.66546630859375,443.8458557128906,331.5341491699219,215.1355438232422,461.5306091308594,338.31475830078125,34.28697967529297,150.9648895263672,-150.381591796875,602.9215087890625,140.9593048095703,-59.055667877197266,521.8483276367188,162.93280029296875,-164.3634490966797,238.9260711669922,170.12838745117188,-88.2136001586914,73.31352233886719,394.5958251953125,-199.7545166015625,624.557373046875,447.1796569824219,-130.10691833496094,539.6030883789062,429.2491149902344,-354.1642761230469,288.0953674316406,428.71514892578125,-414.86004638671875,114.47510528564453,303.79815673828125,192.72125244140625,751.7760620117188,43.06967000166344,90.37920792427167,132.7606220724296,49.59398630404792,126.15712097847796,105.58406730377749,-48.40342720479805,-111.18057388787403,-38.08383263169435,-39.34573725383518,-98.95779948390991,-78.8811377999246
0.72,265.8858337402344,563.6331176757812,550.0758056640625,246.8349151611328,431.69775390625,408.4692077636719,266.3895568847656,596.9046630859375,250.9932861328125,243.63119506835938,605.74462890625,70.17262268066406,500.9541931152344,465.6551208496094,543.505615234375,464.6788635253906,320.53265380859375,421.3059387207031,443.56787109375,333.21142578125,215.33106994628906,461.5269775390625,338.10595703125,34.193660736083984,150.80816650390625,-144.8926544189453,604.3294677734375,140.36038208007812,-53.87955856323242,522.7962646484375,162.61190795898438,-162.329345703125,240.13345336914062,170.03172302246094,-88.010498046875,73.73483276367188,394.6792907714844,-192.5059051513672,625.0110473632812,447.2602233886719,-122.8926010131836,540.4829711914062,427.90606689453125,-346.3047180175781,290.8078918457031,427.7117919921875,-402.0573425292969,116.2707290649414,302.9156188964844,199.99378967285156,751.8058471679688,42.97511803605636,90.65242519833885,135.12154219496745,49.90110608139108,126.57649960256583,104.8724245797585,-48.14473461190883,-110.86485909375669,-38.653086098723406,-39.47324635724979,-98.7042100917997,-76.94607058251869
0.725,265.654052734375,570.4760131835938,550.9107666015625,247.3355255126953,439.0075378417969,409.2453308105469,266.412841796875,604.7373657226562,249.85841369628906,244.25848388671875,621.9378662109375,68.2926254272461,500.5765075683594,470.9421081542969,542.5952758789062,464.0688781738281,324.92620849609375,420.9117126464844,443.2812194824219,334.89404296875,215.5132293701172,461.5238342285156,337.8607482910156,34.10737228393555,150.67764282226562,-139.39706420898438,605.7423095703125,139.77626037597656,-48.65275573730469,523.8089599609375,162.33534240722656,-160.23348999023438,241.3568878173828,169.94775390625,-87.74237823486328,74.161376953125,394.8555603027344,-185.15599060058594,625.448974609375,447.3699645996094,-115.53153228759766,541.3037109375,426.5888977050781,-338.0946960449219,293.5027160644531,426.67193603515625,-388.64105224609375,118.10301208496094,302.1493835449219,207.3895263671875,751.8265991210938,42.86195866658335,91.02036307298249,137.2533180853959,50.1935843919228,127.02807407607622,104.10244005654238,-47.92101085607857,-110.52283449144767,-39.16167107976517,-39.60543365903089,-98.46588011687422,-74.9362701940355
0.73,265.382080078125,577.2412109375,551.6611328125,247.85845947265625,446.27630615234375,409.88677978515625,266.39544677734375,612.2471923828125,248.43946838378906,244.8170166015625,637.4891357421875,66.44668579101562,500.1741027832031,476.2469482421875,541.678955078125,463.4483337402344,329.3806457519531,420.4905700683594,442.9875183105469,336.5948181152344,215.6811065673828,461.5182800292969,337.5791015625,34.03424072265625,150.57115173339844,-133.88665771484375,607.1486206054688,139.21018981933594,-43.369197845458984,524.8746337890625,162.10231018066406,-158.07723999023438,242.5915985107422,169.87632751464844,-87.41386413574219,74.59123992919922,395.1177978515625,-177.71217346191406,625.872802734375,447.50616455078125,-108.02498626708984,542.0623779296875,425.307861328125,-329.5168151855469,296.15069580078125,425.6001892089844,-374.626220703125,119.96472930908203,301.4993591308594,214.89224243164062,751.840087890625,42.73038983823329,91.47806815522506,139.14872567121733,50.471871079838564,127.51078654537173,103.27154810983484,-47.731375762183006,-110.1538521029789,-39.61015154280841,-39.743045658533816,-98.24769685809497,-72.86575730317364
0.735,265.07427978515625,583.9353637695312,552.320556640625,248.39378356933594,453.506103515625,410.3876953125,266.33392333984375,619.4312133789062,246.75857543945312,245.29806518554688,652.3400268554688,64.63262176513672,499.7477111816406,481.5789489746094,540.7623291015625,462.8200378417969,333.9046630859375,420.05010986328125,442.6888122558594,338.3288879394531,215.83338928222656,461.50677490234375,337.2621765136719,33.98154067993164,150.48655700683594,-128.3539581298828,608.5381469726562,138.66522216796875,-38.0242919921875,525.9816284179688,161.91111755371094,-155.86114501953125,243.8329315185547,169.81692504882812,-87.0298843383789,75.02274322509766,395.4583435058594,-170.18280029296875,626.2848510742188,447.6661376953125,-100.37529754638672,542.7586669921875,424.0727233886719,-320.5564270019531,298.7234191894531,424.5014953613281,-360.0299987792969,121.84780883789062,300.9638671875,222.48509216308594,751.8480834960938,42.5814688360725,92.01936041745944,140.80451559007497,50.73667825107418,128.02223941145724,102.37835558196514,-47.57434572040424,-109.75824065082787,-40.00103453874715,-39.88739063325053,-98.05421012915374,-70.74743962241402
0.74,264.7351989746094,590.5652465820312,552.8825073242188,248.93141174316406,460.69683837890625,410.7435607910156,266.2254943847656,626.2857055664062,244.84178161621094,245.69479370117188,666.437255859375,62.84848403930664,499.2981872558594,486.9473876953125,539.8507690429688,462.18634033203125,338.5061340332031,419.5978698730469,442.3874206542969,340.1138000488281,215.96829223632812,461.4851379394531,336.9125671386719,33.957759857177734,150.42185974121094,-122.79222869873047,609.901611328125,138.1440887451172,-32.61490249633789,527.1183471679688,161.75924682617188,-153.5851287841797,245.07643127441406,169.76876831054688,-86.59544372558594,75.45442962646484,395.8687744140625,-162.5771484375,626.6881103515625,447.847412109375,-92.5859603881836,543.3946533203125,422.892578125,-311.2017517089844,301.1937561035156,423.3812255859375,-344.8714904785156,123.74327087402344,300.53955078125,230.15097045898438,751.8519897460938,42.41707816378727,92.63700641176041,142.2214260276109,50.98891888601884,128.55873737857792,101.42255726111722,-47.44790301096941,-109.33718371994696,-40.33847664212081,-40.04021307914013,-97.88969153539529,-68.59315541693388
0.745,264.3696594238281,597.1375122070312,553.3404541015625,249.46124267578125,467.8461608886719,410.95166015625,266.06842041015625,632.8067016601562,242.71859741210938,246.00233459472656,679.7335205078125,61.09288787841797,498.8265075683594,492.3614196777344,538.94921875,461.549072265625,343.1916809082031,419.14105224609375,442.086181640625,341.9697570800781,216.08358764648438,461.44842529296875,336.5345764160156,33.97259521484375,150.37515258789062,-117.19560241699219,611.2306518554688,137.64930725097656,-27.139324188232422,528.2736206054688,161.6435089111328,-151.2487335205078,246.31793212890625,169.7307586669922,-86.11553955078125,75.88502502441406,396.3403015136719,-154.90518188476562,627.0859985351562,448.047607421875,-84.66170501708984,543.9745483398438,421.7754821777344,-301.44390869140625,303.5361022949219,422.2450866699219,-329.17138671875,125.64119720458984,300.2215270996094,237.87286376953125,751.85302734375,42.23996159663466,93.32276129666798,143.40395775091127,51.22972933427894,129.11505106233562,100.40516862331702,-47.34969688291093,-108.89248292133402,-40.62776706716551,-40.20356150008297,-97.75823678979606,-66.41376499949828
0.75,263.9826354980469,603.6585693359375,553.688232421875,249.97329711914062,474.94964599609375,411.0111083984375,265.8619689941406,638.9901733398438,240.42144775390625,246.2178955078125,692.1890258789062,59.365211486816406,498.33367919921875,497.82977294921875,538.0621337890625,460.9095764160156,347.9669189453125,418.68646240234375,441.78826904296875,343.9195251464844,216.17662048339844,461.39111328125,336.13446044921875,34.03694152832031,150.3447265625,-111.5591049194336,612.517822265625,137.18313598632812,-21.597185134887695,529.4364624023438,161.5601348876953,-148.85150146484375,247.55360412597656,169.70159912109375,-85.59503173828125,76.31339263916016,396.86376953125,-147.177490234375,627.4819946289062,448.26446533203125,-76.60855102539062,544.5045166015625,420.7286071777344,-291.27703857421875,305.7265625,421.0990905761719,-312.9518737792969,127.53067016601562,300.0033264160156,245.63421630859375,751.8519287109375,42.053594483049665,94.06761278535828,144.36008949675386,51.46036061788547,129.6846094777557,99.32828873346932,-47.27699961080711,-108.42649115672401,-40.87516283054089,-40.37979938888418,-97.66371590348733,-64.21901374530196
0.755,263.57904052734375,610.1347045898438,553.9199829101562,250.4579315185547,482.0009460449219,410.9231262207031,265.6064147949219,644.8321533203125,237.98501586914062,246.3406982421875,703.7720947265625,57.665802001953125,497.8209228515625,503.3605651855469,537.1937255859375,460.26885986328125,352.8363342285156,418.2403259277344,441.49737548828125,345.9886474609375,216.2442626953125,461.30706787109375,335.7207946777344,34.162837982177734,150.32899475097656,-105.87870025634766,613.7564697265625,136.74761962890625,-15.989354133605957,530.596435546875,161.50497436523438,-146.3931121826172,248.78001403808594,169.67974853515625,-85.03860473632812,76.73855590820312,397.4300842285156,-139.40505981445312,627.8795776367188,448.4958801269531,-68.43379211425781,544.9921264648438,419.75775146484375,-280.6979675292969,307.74298095703125,419.9495849609375,-296.2364501953125,129.39976501464844,299.8770446777344,253.4192657470703,751.8491821289062,41.86224559130403,94.86187886361068,145.10109519487986,51.68206485895456,130.25952426189474,98.19496143534519,-47.22691929828679,-107.94187778557156,-41.087387600006,-40.57134750236372,-97.61000844422065,-62.01808739244072
0.76,263.1637878417969,616.571533203125,554.0305786132812,250.9060516357422,488.9920349121094,410.6911315917969,265.30303955078125,650.3290405273438,235.445556640625,246.3720245361328,714.4599609375,55.996089935302734,497.2894287109375,508.9610595703125,536.3477172851562,459.6276550292969,357.80322265625,417.8082580566406,441.2176818847656,348.20538330078125,216.2830047607422,461.1895751953125,335.3047180175781,34.36333465576172,150.32656860351562,-100.15131378173828,614.9408569335938,136.34457397460938,-10.317814826965332,531.7433471679688,161.4735565185547,-143.87368774414062,249.99415588378906,169.66358947753906,-84.45073699951172,77.15962982177734,398.0302734375,-131.59913635253906,628.2820434570312,448.7397766113281,-60.145973205566406,545.4463500976562,418.8674621582031,-269.7062072753906,309.5652770996094,418.8031005859375,-279.0497741699219,131.2355499267578,299.83331298828125,261.2132873535156,751.8449096679688,41.67073098671298,95.69555069290243,145.64084702613542,51.896109452398775,130.83059831334805,97.00922421784458,-47.196299553583145,-107.44162680119697,-41.27163385733732,-40.78069582809911,-97.600942686657,-59.81951052530991
0.765,262.74151611328125,622.9742431640625,554.0159301757812,251.30921936035156,495.9134216308594,410.321044921875,264.95416259765625,655.478515625,232.84011840820312,246.31503295898438,724.2391967773438,54.3586311340332,496.7406005859375,514.6376953125,535.5274047851562,458.98638916015625,362.869873046875,417.3951110839844,440.9537658691406,350.6005554199219,216.28897094726562,461.0316162109375,334.90020751953125,34.652366638183594,150.3362579345703,-94.37483978271484,616.0658569335938,135.97564697265625,-4.585525989532471,532.8675537109375,161.46128845214844,-141.29391479492188,251.1934051513672,169.65139770507812,-83.83573150634766,77.5758285522461,398.65576171875,-123.77104187011719,628.6920166015625,448.994140625,-51.754859924316406,545.876708984375,418.0609436035156,-258.3035583496094,311.17510986328125,417.6662902832031,-261.4175720214844,133.02413940429688,299.8616943359375,269.0029296875,751.8389282226562,41.484412809249136,96.55830649057083,145.99547808971613,52.10369834079481,131.38754199646075,95.77588958896888,-47.181974158386026,-106.9287636047527,-41.43499250309327,-41.01021793079286,-97.64045144435025,-57.63164075985398
0.77,262.3165588378906,629.347412109375,553.8731079101562,251.65997314453125,502.75457763671875,409.82122802734375,264.5629577636719,660.279296875,230.205810546875,246.1746368408203,733.106201171875,52.757041931152344,496.17596435546875,520.3956909179688,534.7356567382812,458.3455505371094,368.0375671386719,417.00494384765625,440.7106628417969,353.2073669433594,216.258056640625,460.8258361816406,334.5242614746094,35.04450988769531,150.35704040527344,-88.54814147949219,617.1268920898438,135.64230346679688,1.2037136554718018,533.959716796875,161.46359252929688,-138.65524291992188,252.3755340576172,169.64141845703125,-83.19769287109375,77.98641204833984,399.29840087890625,-115.93203735351562,629.1117553710938,449.2569274902344,-43.27130126953125,546.2932739257812,417.33990478515625,-246.49388122558594,312.5560607910156,416.54595947265625,-243.36656188964844,134.75070190429688,299.9505920410156,276.7762451171875,751.8306884765625,41.30901540137273,97.43986203339642,146.1829331792614,52.30589247018304,131.9191650869741,94.5003339284429,-47.180744167159844,-106.40630275539858,-41.58435474212786,-41.262072661505584,-97.73263322773514,-55.462920938151996
0.775,261.8927917480469,635.6949462890625,553.6007690429688,251.95188903808594,509.50421142578125,409.20263671875,264.13336181640625,664.7321166992188,227.57899475097656,245.95730590820312,741.0669555664062,51.195919036865234,495.59716796875,526.2393798828125,533.97509765625,457.7054138183594,373.306640625,416.640869140625,440.4937744140625,356.0611877441406,216.18594360351562,460.5648498535156,334.19732666015625,35.55473709106445,150.38812255859375,-82.6710433959961,618.1201782226562,135.3458709716797,7.045402526855469,535.0110473632812,161.4759521484375,-135.95982360839844,253.53863525390625,169.6319580078125,-82.54059600830078,78.39068603515625,399.9508361816406,-108.0931167602539,629.5425415039062,449.5260314941406,-34.707130432128906,546.7058715820312,416.7046813964844,-234.28286743164062,313.693603515625,415.4488220214844,-224.92462158203125,136.39962768554688,300.087646484375,284.52294921875,751.8192749023438,41.15048147357837,98.33006852940787,146.22234623172625,52.50358199049879,132.41355670149414,93.18843616024208,-47.189415440895374,-105.87722550102862,-41.72637260774198,-41.53811299118428,-97.8817287938569,-53.3221320977197
0.78,261.47357177734375,642.0199584960938,553.1995239257812,252.17987060546875,516.1506958007812,408.47869873046875,263.66998291015625,668.8400268554688,224.99459838867188,245.67083740234375,748.1369018554688,49.68062973022461,495.0059814453125,532.1717529296875,533.2479248046875,457.0665283203125,378.6767272949219,416.30511474609375,440.3088684082031,359.1990661621094,216.0682830810547,460.2413635253906,333.94329833984375,36.19807815551758,150.4288787841797,-76.74430084228516,619.0423583984375,135.0875244140625,12.934467315673828,536.01318359375,161.4940185546875,-133.2106170654297,254.6810760498047,169.62139892578125,-81.86833190917969,78.78795623779297,400.60638427734375,-100.26487731933594,629.9849853515625,449.7991943359375,-26.075010299682617,547.1238403320312,416.15411376953125,-221.67771911621094,314.5748596191406,414.38140869140625,-206.12063598632812,137.95458984375,300.2597961425781,292.2344055175781,751.8037719726562,41.01473750044954,99.21916749748448,146.13345173657672,52.69741705182486,132.8584428253801,91.84626535264283,-47.20491040331484,-105.34432678025723,-41.86716666486129,-41.83972940144693,-98.09224801326044,-51.21877759292494
0.785,261.06146240234375,648.32470703125,552.671875,252.3402099609375,522.6825561523438,407.6652526855469,263.1778564453125,672.608642578125,222.48541259765625,245.32403564453125,754.3406372070312,48.21709442138672,494.4044494628906,538.1947631835938,532.5559692382812,456.4295349121094,384.1468200683594,415.99884033203125,440.161865234375,362.6593322753906,215.90086364746094,459.84857177734375,333.7896423339844,36.9892463684082,150.47894287109375,-70.7695541381836,619.8905639648438,134.86831665039062,18.865379333496094,536.958251953125,161.51373291015625,-130.41131591796875,255.80140686035156,169.60826110839844,-81.18474578857422,79.17752075195312,401.2592468261719,-92.45740509033203,630.438720703125,450.0740966796875,-17.38825225830078,547.5557861328125,415.68585205078125,-208.6869659423828,315.1887512207031,413.3499450683594,-186.98475646972656,139.398681640625,300.45361328125,299.9036865234375,751.7828369140625,40.90755566955622,100.09797442799942,145.93619991223824,52.88779692300062,133.241413133263,90.47998617645743,-47.22428641460982,-104.81020767469727,-42.01231812442859,-42.167925697026845,-98.36878012556812,-49.162999785356135
0.79,260.65826416015625,654.6107177734375,552.0227661132812,252.4307098388672,529.0887451171875,406.78033447265625,262.6623229980469,676.046875,220.08148193359375,244.9264373779297,759.7110595703125,46.81150436401367,493.794677734375,544.3092651367188,531.90087890625,455.79541015625,389.71551513671875,415.7221984863281,440.05877685546875,366.4809875488281,215.6797637939453,459.3801574707031,333.767578125,37.94221115112305,150.53811645507812,-64.74932098388672,620.6624145507812,134.68911743164062,24.832260131835938,537.8386840820312,161.53134155273438,-127.56621551513672,256.89825439453125,169.5912322998047,-80.49370574951172,79.5586166381836,401.9045104980469,-84.68009185791016,630.9024658203125,450.34820556640625,-8.66064739227295,548.0087890625,415.296142578125,-195.32029724121094,315.52587890625,412.36016845703125,-167.54843139648438,140.7147216796875,300.655517578125,307.5254821777344,751.7553100585938,40.83435818297784,100.95794408699601,145.65019570538095,53.07478809188919,133.55031653512748,89.09563863143694,-47.244699993659765,-104.27731363138736,-42.16699127629326,-42.523054743160856,-98.71609619872376,-47.166026136388325
0.795,260.2649230957031,660.8784790039062,551.2596435546875,252.4507598876953,535.3590087890625,405.8437805175781,262.12884521484375,679.1666870117188,217.80958557128906,244.4879913330078,764.28857421875,45.47004699707031,493.17901611328125,550.5150756835938,531.2838745117188,455.1654052734375,395.38116455078125,415.474365234375,440.00555419921875,370.7030944824219,215.4015655517578,458.830810546875,333.91192626953125,39.069732666015625,150.60641479492188,-58.686927795410156,621.3558959960938,134.55064392089844,30.828969955444336,538.6475219726562,161.54347229003906,-124.68016815185547,257.97027587890625,169.5691680908203,-79.79915618896484,79.9304428100586,402.53814697265625,-76.94157409667969,631.3740844726562,450.61883544921875,0.09373445808887482,548.4886474609375,414.9801025390625,-181.5885772705078,315.57861328125,411.417236328125,-147.84458923339844,141.88534545898438,300.8520202636719,315.09600830078125,751.7197265625,40.799969363647676,101.79143948624625,145.29420176146402,53.258175750439165,133.773481537336,87.69916339338079,-47.26355688350259,-103.74781239018208,-42.335680992420606,-42.904973036260856,-99.13888658709546,-45.23981408048786
0.8,259.8813781738281,667.1278076171875,550.3923950195312,252.40133666992188,541.4844360351562,404.876953125,261.58282470703125,681.9838256835938,215.6929168701172,244.01878356933594,768.1201782226562,44.1986083984375,492.56005859375,556.8111572265625,530.7062377929688,454.541259765625,401.14208984375,415.25335693359375,440.00799560546875,375.364013671875,215.0635528564453,458.1963806152344,334.2610168457031,40.38285827636719,150.68409729003906,-52.586429595947266,621.9696044921875,134.45343017578125,36.84917068481445,539.3783569335938,161.54714965820312,-121.75841522216797,259.0159912109375,169.54119873046875,-79.10516357421875,80.29209899902344,403.15704345703125,-69.24960327148438,631.8502807617188,450.8830871582031,8.860742568969727,548.9992065429688,414.7317810058594,-167.5037841796875,315.3412170410156,410.525390625,-127.9078369140625,142.893310546875,301.02996826171875,322.6129150390625,751.6748046875,40.80853037066947,102.59167948287461,144.88583167651052,53.43730244108366,133.900193493924,86.29607406704469,-47.27839900572744,-103.22373874355876,-42.5225244017515,-43.3129794191328,-99.64159726460062,-43.39701991335147
0.805,259.5065002441406,673.357421875,549.4334106445312,252.28494262695312,547.4577026367188,403.9020690917969,261.0295715332031,684.5172729492188,213.7506866455078,243.5286865234375,771.258056640625,43.00250244140625,491.94049072265625,563.1956176757812,530.168701171875,453.92510986328125,406.9968566894531,415.05633544921875,440.0713806152344,380.50054931640625,214.66404724121094,457.47418212890625,334.8565368652344,41.89041519165039,150.77157592773438,-46.45254898071289,622.5023803710938,134.39784240722656,42.88640213012695,540.025146484375,161.5398406982422,-118.8064193725586,260.0338439941406,169.50660705566406,-78.41594696044922,80.64260864257812,403.7588806152344,-61.611000061035156,632.3270874023438,451.1379699707031,17.626340866088867,549.5423583984375,414.5442199707031,-153.07925415039062,314.8097839355469,409.6880187988281,-107.77460479736328,143.7218017578125,301.1768493652344,330.0749816894531,751.6194458007812,40.8632077606286,103.35303557806247,144.44093005365505,53.61124035030474,133.92084219185978,84.89187065450153,-47.28697095517305,-102.7069260576954,-42.73122876699483,-43.7457394089715,-100.22832479551701,-41.650893454588044
0.81,259.13824462890625,679.5653076171875,548.3975830078125,252.1055145263672,553.273193359375,402.9419250488281,260.4740295410156,686.78955078125,211.99803161621094,243.0271759033203,773.7587280273438,41.88624572753906,491.32318115234375,569.6658935546875,529.672119140625,453.31951904296875,412.9444274902344,414.87939453125,440.2004699707031,386.1473693847656,214.20249938964844,456.66314697265625,335.7430114746094,43.59849166870117,150.86953735351562,-40.29058074951172,622.9534912109375,134.38394165039062,48.93410110473633,540.5823974609375,161.5194549560547,-115.82977294921875,261.02203369140625,169.4649658203125,-77.73590087890625,80.98088073730469,404.3421936035156,-54.03156661987305,632.7996215820312,451.38037109375,26.376800537109375,550.1178588867188,414.4095764160156,-138.32994079589844,313.9826354980469,408.90728759765625,-87.4833984375,144.35467529296875,301.2809143066406,337.4820251464844,751.5526123046875,40.966202517336114,104.07086139057697,143.9736041220193,53.77859155642082,133.82731145951902,83.49168895605595,-47.28719538995415,-102.19907679352646,-42.96519319669491,-44.20137696902802,-100.9024541386612,-40.014801116092826
0.815,258.77349853515625,685.7487182617188,547.3019409179688,251.86819458007812,558.927490234375,402.0190734863281,259.9206848144531,688.8262329101562,210.44593811035156,242.5230255126953,775.6815795898438,40.853363037109375,490.71112060546875,576.2191162109375,529.217041015625,452.7275695800781,418.98431396484375,414.7177734375,440.3992004394531,392.3359375,213.67990112304688,455.7642517089844,336.9676208496094,45.50994110107422,150.97882080078125,-34.106292724609375,623.3225708007812,134.4115753173828,54.98566436767578,541.0453491210938,161.4843292236328,-112.83399963378906,261.9784851074219,169.41603088378906,-77.06964874267578,81.30577087402344,404.9061279296875,-46.51605987548828,633.26220703125,451.6070251464844,35.09888458251953,550.7233276367188,414.3193054199219,-123.27265930175781,312.86029052734375,408.18408203125,-67.07495880126953,144.77687072753906,301.33148193359375,344.8346252441406,751.4738159179688,41.11856117255911,104.74167734598024,143.49574021946444,53.937682183202014,133.61308481482592,82.10097276899683,-47.27724703879218,-101.70173281532294,-43.2274793943717,-44.67751580706056,-101.66641839413066,-38.501847940879856
0.82,258.4082946777344,691.904052734375,546.1656494140625,251.5791778564453,564.4193725585938,401.1553649902344,259.3736877441406,690.655517578125,209.1012725830078,242.0242156982422,777.087646484375,39.906246185302734,490.1073913574219,582.8519287109375,528.803955078125,452.1526184082031,425.11700439453125,414.56591796875,440.67041015625,399.0938720703125,213.098876953125,454.7803955078125,338.5793762207031,47.623939514160156,151.1004638671875,-27.90579605102539,623.60986328125,134.4802703857422,61.03445816040039,541.4097290039062,161.43331909179688,-109.82443237304688,262.9008483886719,169.35977172851562,-76.42198181152344,81.61602020263672,405.4505920410156,-39.06816482543945,633.7086181640625,451.8147277832031,43.7800178527832,551.354248046875,414.2641296386719,-107.92670440673828,311.44580078125,407.5180358886719,-46.592445373535156,144.9746551513672,301.319091796875,352.1337585449219,751.3826293945312,41.32007126777495,105.3632205911399,143.0167588920072,54.08641794332894,133.27362186559742,80.72523491009252,-47.255346916659306,-101.21648015711409,-43.52125007391504,-45.17126425029875,-102.52141664611048,-37.12444919292824
0.825,258.03790283203125,698.0272827148438,545.0091552734375,251.24539184570312,569.75,400.3713073730469,258.8365173339844,692.3077392578125,207.9669647216797,241.53768920898438,778.0383911132812,39.04608917236328,489.51507568359375,589.5609130859375,528.433349609375,451.59844970703125,431.34381103515625,414.41754150390625,441.0158386230469,406.44415283203125,212.4639892578125,453.71673583984375,340.6286315917969,49.93560791015625,151.2356719970703,-21.69544219970703,623.8158569335938,134.58924865722656,67.0738525390625,541.6719360351562,161.3656768798828,-106.80608367919922,263.7864685058594,169.2963409423828,-75.79788208007812,81.91036987304688,405.9759216308594,-31.690465927124023,634.1318969726562,452.00030517578125,52.4084587097168,552.0039672851562,414.2342834472656,-92.31421661376953,309.744873046875,406.90728759765625,-26.08155632019043,144.93606567382812,301.23577880859375,359.38079833984375,751.279296875,41.569369940933996,105.9343043251215,142.54375123543855,54.22239064510882,132.8063619188477,79.37064744044807,-47.21993357965965,-100.74481417488835,-43.84950657897474,-45.67933909060099,-103.46707287578458,-35.893736340511566
0.83,257.6568603515625,704.11376953125,543.8541259765625,250.87423706054688,574.9230346679688,399.685546875,258.31219482421875,693.8146362304688,207.04220581054688,241.06939697265625,778.594482421875,38.272865295410156,488.937255859375,596.3426513671875,528.1054077148438,451.0691223144531,437.6672668457031,414.2658996582031,441.4357604980469,414.404541015625,211.7818145751953,452.58056640625,343.166259765625,52.43568801879883,151.3858184814453,-15.481669425964355,623.9415283203125,134.7373809814453,73.09728240966797,541.8292236328125,161.28109741210938,-103.78350067138672,264.6324768066406,169.22604370117188,-75.20247650146484,82.1875,406.4830627441406,-24.38445472717285,634.524658203125,452.16064453125,60.973419189453125,552.6639404296875,414.2196350097656,-76.46083068847656,307.7659912109375,406.34844970703125,-5.590667724609375,144.65118408203125,301.07501220703125,366.57696533203125,751.1644287109375,41.863798006575735,106.45501204931952,142.08106371939397,54.342963350808105,132.2108253862542,78.04432923058846,-47.169615989431776,-100.28821050921786,-44.21525240869127,-46.19809095306704,-104.50120975165459,-34.819124185384595
0.835,257.25946044921875,710.15869140625,542.722900390625,250.47317504882812,579.9443969726562,399.1144104003906,257.80316162109375,695.2086791992188,206.32281494140625,240.6241455078125,778.81494140625,37.585350036621094,488.37689208984375,603.1939697265625,527.8204956054688,450.5687561035156,444.0910949707031,414.10382080078125,441.92901611328125,422.98699951171875,211.0612030029297,451.38128662109375,346.2428283691406,55.110374450683594,151.55238342285156,-9.270886421203613,623.9884033203125,134.9232177734375,79.09825897216797,541.8794555664062,161.1797332763672,-100.7606430053711,265.4356994628906,169.1493377685547,-74.64095306396484,82.44615936279297,406.97320556640625,-17.150535583496094,634.87939453125,452.2928771972656,69.4652099609375,553.3239135742188,414.20977783203125,-60.396202087402344,305.5206604003906,405.8368225097656,14.829140663146973,144.11253356933594,300.8320617675781,373.7233581542969,751.0391845703125,42.19957684062757,106.92649259778358,141.63064034814647,54.44521321096539,131.48875884779818,76.75442826431856,-47.10303742759038,-99.84826568779978,-44.62177629844689,-46.72350737800815,-105.6196852882668,-33.90798862804499
0.84,256.8396911621094,716.1570434570312,541.6375732421875,250.04949951171875,584.8224487304688,398.6713562011719,257.31134033203125,696.5221557617188,205.8015594482422,240.20565795898438,778.7560424804688,36.9812126159668,487.83673095703125,610.1118774414062,527.5787963867188,450.1016540527344,450.6202697753906,413.9239196777344,442.4927978515625,432.19732666015625,210.31317138671875,450.1302490234375,349.9077453613281,57.94125747680664,151.7369384765625,-3.0693228244781494,623.9583740234375,135.14492797851562,85.0704345703125,541.8214111328125,161.0620880126953,-97.74075317382812,266.1928405761719,169.06675720214844,-74.11851501464844,82.68516540527344,407.4479675292969,-9.988041877746582,635.1881713867188,452.3943786621094,77.8753433227539,553.9722290039062,414.1941223144531,-44.154563903808594,303.0234069824219,405.3663635253906,35.124107360839844,143.31539916992188,300.5038146972656,380.82061767578125,750.9052734375,42.571848809186264,107.35105964472928,141.19191261953694,54.52605201079734,130.64406008979284,75.51039892957778,-47.019021841715244,-99.42657327066787,-45.072423710196745,-47.25145419466344,-106.81609214558216,-33.16494659296936
0.845,256.3917541503906,722.10400390625,540.6196899414062,249.6100311279297,589.5677490234375,398.36669921875,256.83807373046875,697.7866821289062,205.46861267089844,239.81661987304688,778.4707641601562,36.457122802734375,487.3193664550781,617.0938110351562,527.3804931640625,449.671875,457.260986328125,413.7188720703125,443.1227111816406,442.034912109375,209.55101013183594,448.84063720703125,354.2082824707031,60.9053955078125,151.94114685058594,3.117100954055786,623.8538818359375,135.40036010742188,91.0076904296875,541.6548461914062,160.9290313720703,-94.72623443603516,266.9004211425781,168.9788818359375,-73.6402359008789,82.90345764160156,407.9092712402344,-2.895260810852051,635.443115234375,452.4628601074219,86.19659423828125,554.5960083007812,414.1622619628906,-27.775209426879883,300.291748046875,404.92974853515625,55.237884521484375,142.258056640625,300.0890197753906,387.8688659667969,750.7650756835938,42.974825809370685,107.73204723950238,140.7620349276881,54.582296310073104,129.68271317323553,74.32304626253097,-46.91652125461624,-99.02479488464166,-45.57071386663907,-47.77758055714486,-108.08187881083012,-32.5919218296614
0.85,255.91009521484375,727.9951171875,539.6893920898438,249.16075134277344,594.19287109375,398.2074890136719,256.3843078613281,699.0321044921875,205.31192016601562,239.4586944580078,778.0079956054688,36.00890350341797,486.8270263671875,624.1377563476562,527.2257690429688,449.2834167480469,464.0207214355469,413.4815673828125,443.81280517578125,452.49267578125,208.7901611328125,447.52691650390625,359.18865966796875,63.97555923461914,152.16668701171875,9.282903671264648,623.677978515625,135.6870574951172,96.90423583984375,541.3803100585938,160.78170776367188,-91.71851348876953,267.554931640625,168.88633728027344,-73.2109603881836,83.10020446777344,408.359130859375,4.130531311035156,635.636474609375,452.496337890625,94.423095703125,555.1815795898438,414.1038818359375,-11.302842140197754,297.34619140625,404.5187072753906,75.11175537109375,140.94212341308594,299.5882263183594,394.867431640625,750.6212768554688,43.402022634369416,108.07378446685266,140.33618721923528,54.610712983338374,128.6127313049676,73.20430723438392,-46.794523952697546,-98.64472680541894,-46.120517717634584,-48.29746917121474,-109.40634705249224,-32.18784866642304
0.855,255.38990783691406,733.8264770507812,538.864990234375,248.70669555664062,598.7120361328125,398.1972961425781,255.95053100585938,700.2862548828125,205.31776428222656,239.13267517089844,777.4121704101562,35.631683349609375,486.36163330078125,631.2421875,527.1146240234375,448.93988037109375,470.90789794921875,413.205322265625,444.5555725097656,463.5572814941406,208.0479736328125,446.2046203613281,364.8892517089844,67.12062072753906,152.4152374267578,15.423163414001465,623.4341430664062,136.0022735595703,102.75469207763672,540.9996337890625,160.62158203125,-88.71791076660156,268.1529541015625,168.78968811035156,-72.83512878417969,83.27482604980469,408.7998962402344,11.093026161193848,635.7608642578125,452.4934387207031,102.55033874511719,555.7149658203125,414.0092468261719,5.2121734619140625,294.21014404296875,404.12420654296875,94.68490600585938,139.37269592285156,299.0036926269531,401.8149108886719,750.4774169921875,43.846426453221966,108.38138565841876,139.90784227350662,54.608156049946615,127.44382611419121,72.16715769978242,-46.65227842119043,-98.28811892037714,-46.72564656145056,-48.806713213185105,-110.77685201707689,-31.948693194545626
0.86,254.8272247314453,739.594970703125,538.162353515625,248.25173950195312,603.1411743164062,398.3361511230469,255.53689575195312,701.5739135742188,205.4711151123047,238.8385467529297,776.7229614257812,35.3200569152832,485.92474365234375,638.4060668945312,527.0470581054688,448.6443786621094,477.93182373046875,412.8841247558594,445.3422546386719,475.2093200683594,207.34347534179688,444.88995361328125,371.34576416015625,70.30610656738281,152.6884002685547,21.53363037109375,623.1266479492188,136.343017578125,108.55425262451172,540.5155029296875,160.45022583007812,-85.72354888916016,268.6911315917969,168.68948364257812,-72.51661682128906,83.42706298828125,409.23394775390625,17.996829986572266,635.8092651367188,452.453125,110.57521057128906,556.1820678710938,413.869140625,21.713781356811523,290.9095458984375,403.7367248535156,113.89488220214844,137.55848693847656,298.3393859863281,408.7090759277344,750.3372192382812,44.30065500235642,108.66089262053936,139.46892928546959,54.57158404931732,126.18728699884588,71.2250295493285,-46.48903449959454,-97.95688627929519,-47.39030153300115,-49.300986213002375,-112.17910919822313,-31.867558426187657
0.865,254.21923828125,745.2986450195312,537.59423828125,247.7985076904297,607.4970703125,398.6208801269531,255.1431884765625,702.916748046875,205.7561492919922,238.57562255859375,775.975341796875,35.06827926635742,485.51751708984375,645.6289672851562,527.0230712890625,448.3995056152344,485.10247802734375,412.5129089355469,446.1629638671875,487.42388916015625,206.69699096679688,443.5990905761719,378.5885314941406,73.49485778808594,152.9877166748047,27.610811233520508,622.7600708007812,136.70611572265625,114.2988052368164,539.931884765625,160.26939392089844,-82.733154296875,269.1663818359375,168.586181640625,-72.25851440429688,83.55705261230469,409.663818359375,24.847396850585938,635.7755126953125,452.3750305175781,118.49597930908203,556.569091796875,413.6753234863281,38.14039611816406,287.4726867675781,403.34661865234375,132.6781005859375,135.51193237304688,297.6008605957031,415.5469665527344,750.2050170898438,44.75742801485882,108.91870335520821,139.0108368243367,54.49817132142016,124.85561325510253,70.39135861428923,-46.30437400971263,-97.6528108118676,-48.11844422516225,-49.776011425747754,-113.59769957110117,-31.935151396199444
0.87,253.56439208984375,750.9365844726562,537.170166015625,247.34835815429688,611.79736328125,399.04510498046875,254.76898193359375,704.3329467773438,206.1565704345703,238.34266662597656,775.1991577148438,34.870399475097656,485.1407165527344,652.910888671875,527.0423583984375,448.20721435546875,492.4300231933594,412.0876770019531,447.00701904296875,500.1710510253906,206.1296844482422,442.3479309082031,386.641845703125,76.64788055419922,153.3145751953125,33.65206527709961,622.3399047851562,137.08827209472656,119.98511505126953,539.2539672851562,160.08084106445312,-79.74302673339844,269.5758972167969,168.4801025390625,-72.0628890991211,83.6653823852539,410.0921936035156,31.65095329284668,635.654052734375,452.2592468261719,126.31224060058594,556.8631591796875,413.420654296875,54.42532730102539,283.9298400878906,402.9443664550781,150.97048950195312,133.24908447265625,296.795166015625,422.32476806640625,750.0853271484375,45.20957202673088,109.16171475698349,138.52419987249073,54.38544686490644,123.46207756189744,69.67919510278858,-46.098005932625114,-97.37771984000548,-48.91411664092962,-50.22784869801461,-115.01634689002317,-32.13973249814984
0.875,252.8625946044922,756.5093383789062,536.89599609375,246.90147399902344,616.0599975585938,399.59967041015625,254.41358947753906,705.8367309570312,206.6560516357422,238.1380157470703,774.4197387695312,34.72040939331055,484.7947998046875,660.2522583007812,527.1046142578125,448.068603515625,499.9246520996094,411.605712890625,447.8632507324219,513.4166259765625,205.66297912597656,441.1514892578125,395.5237731933594,79.72518157958984,153.6702117919922,39.6556510925293,621.8720703125,137.4861297607422,125.61096954345703,538.4881591796875,159.8863525390625,-76.74789428710938,269.91729736328125,168.37147521972656,-71.93059539794922,83.75311279296875,410.5217590332031,38.414390563964844,635.4405517578125,452.1064758300781,134.02487182617188,557.0524291992188,413.09930419921875,70.49742889404297,280.3127746582031,402.52105712890625,168.70831298828125,130.78955078125,295.9306945800781,429.0382385253906,749.98291015625,45.65040330793801,109.39702130350838,137.99982923228663,54.2312821239334,122.02044262905957,69.1005700482666,-45.86996654403163,-97.13327161810287,-49.78101504701692,-50.65271671492269,-116.41864400147838,-32.46793923490614
0.88,252.11524963378906,762.0188598632812,536.7736206054688,246.45687866210938,620.3028564453125,400.2729797363281,254.07618713378906,707.4387817382812,207.2384796142578,237.95968627929688,773.65771484375,34.61239242553711,484.4798278808594,667.6536865234375,527.2093505859375,447.9841003417969,507.5960693359375,411.0657043457031,448.72027587890625,527.1228637695312,205.3180389404297,440.0234680175781,405.2456970214844,82.68678283691406,154.0556182861328,45.62076950073242,621.3632202148438,137.8963623046875,131.17535400390625,537.64208984375,159.68759155273438,-73.74085235595703,270.1886901855469,168.26036071777344,-71.8609619140625,83.82186889648438,410.95526123046875,45.14515686035156,635.1318969726562,451.91796875,141.6359100341797,557.1265258789062,412.7070617675781,86.28204345703125,276.6542663574219,402.0686950683594,185.82899475097656,128.15623474121094,295.0169372558594,435.6824951171875,749.9027709960938,46.07392305431398,109.63162301847501,137.42898808971216,54.033991890248984,120.54450389643597,68.66619356474223,-45.620556091840626,-96.9209973922942,-50.72251581648845,-51.04711904319569,-117.78849242507553,-32.90510493650035
0.885,251.32521057128906,767.4686279296875,536.8013916015625,246.01272583007812,624.543212890625,401.05157470703125,253.755859375,709.1458740234375,207.88832092285156,237.805419921875,772.9295654296875,34.54061508178711,484.19561767578125,675.1161499023438,527.35595703125,447.953125,515.453125,410.4679260253906,449.56695556640625,541.2493896484375,205.11509704589844,438.9759521484375,415.81243896484375,85.4936752319336,154.47157287597656,51.5475959777832,620.820556640625,138.315673828125,136.67860412597656,536.7247314453125,159.48606872558594,-70.71334075927734,270.3887634277344,168.1466522216797,-71.85154724121094,83.87383270263672,411.3954772949219,51.85110855102539,634.7263793945312,451.69549560546875,149.1484832763672,557.076904296875,412.241455078125,101.70218658447266,272.98773193359375,401.58050537109375,202.27210998535156,125.37508392333984,294.0644226074219,442.2525329589844,749.8497314453125,46.47498097027233,109.8723080789602,136.80388224855,53.79243844045993,119.04761433830504,68.38538174880568,-45.35048150029672,-96.74214525500426,-51.741306637749744,-51.40791311253582,-119.11051519305265,-33.43561955512544
0.89,250.49684143066406,772.8634643554688,536.9736328125,245.5664825439453,628.7972412109375,401.92047119140625,253.4515838623047,710.96142578125,208.59072875976562,237.67291259765625,772.247802734375,34.499610900878906,483.9418029785156,682.6405029296875,527.5435791015625,447.9743347167969,523.5033569335938,409.8142395019531,450.3925476074219,555.7537841796875,205.07281494140625,438.01904296875,427.22222900390625,88.1087875366211,154.91851806640625,57.43728256225586,620.251953125,138.74098205566406,142.12255859375,535.7462768554688,159.28314208984375,-67.65514373779297,270.51690673828125,168.0301513671875,-71.89787292480469,83.9117660522461,411.84503173828125,58.54037094116211,634.2236938476562,451.4413757324219,156.5666046142578,556.8970947265625,411.7019958496094,116.67999267578125,269.3465576171875,401.0511474609375,217.98046875,122.47455596923828,293.08441162109375,448.74322509765625,749.8284301757812,46.84949894899455,110.12524901079269,136.11816427747834,53.506038751511966,117.54240510099362,68.26590414409327,-45.06082065475101,-96.59767134119953,-52.83932606349509,-51.73236010675549,-120.37043980202208,-34.04329533458596
0.895,249.6357879638672,778.2095947265625,537.2813720703125,245.11514282226562,633.0800170898438,402.8637390136719,253.16232299804688,712.885498046875,209.33181762695312,237.5597686767578,771.621337890625,34.48426818847656,483.7177734375,690.2276000976562,527.7711181640625,448.04547119140625,531.752685546875,409.108154296875,451.1871643066406,570.5924682617188,205.2077178955078,437.1606750488281,439.4670715332031,90.49797058105469,155.3966522216797,63.291934967041016,619.6657104492188,139.16934204101562,147.51063537597656,534.7182006835938,159.07992553710938,-64.554443359375,270.5732421875,167.91046142578125,-71.99313354492188,83.9390640258789,412.30657958984375,65.22113037109375,633.6254272460938,451.1583557128906,163.89505004882812,556.5828857421875,411.0902099609375,131.1383056640625,265.7635803222656,400.4771423339844,232.90118408203125,119.48523712158203,292.0887756347656,455.1496887207031,749.84326171875,47.194438214511905,110.39610317876134,135.36687425667503,53.17483791753381,116.04042917801706,68.31415259187588,-44.75315731307521,-96.48809205271851,-54.01736812790037,-52.01802321776613,-121.55549122524272,-34.71191487164998
0.9,248.7488555908203,783.5145263671875,537.71240234375,244.65553283691406,637.404541015625,403.8650207519531,252.88706970214844,714.9151611328125,210.09872436523438,237.463623046875,771.0562133789062,34.48985290527344,483.52294921875,697.8780517578125,528.037353515625,448.1634216308594,540.2047729492188,408.354736328125,451.94189453125,585.7212524414062,205.5335235595703,436.406494140625,452.5330810546875,92.63079833984375,155.90579223632812,69.11459350585938,619.0706787109375,139.59808349609375,152.84800720214844,533.6531372070312,158.87725830078125,-61.39796829223633,270.558837890625,167.78713989257812,-72.12796020507812,83.9596939086914,412.7824401855469,71.90145874023438,632.9346923828125,450.8496398925781,171.1391143798828,556.1326904296875,410.4098815917969,145.0025177001953,262.2706298828125,399.8569030761719,246.98678588867188,116.43915557861328,291.08978271484375,461.4674377441406,749.898193359375,47.508048404749076,110.68949658836067,134.5473031929955,52.799519392849845,114.55190803132086,68.53533360518998,-44.4295614400923,-96.41342705152323,-55.27491490656948,-52.26299708912174,-122.65439187752065,-35.42516154425542
0.905,247.84376525878906,788.7864990234375,538.2518920898438,244.18458557128906,641.7820434570312,404.90802001953125,252.62486267089844,717.0451049804688,210.87973022460938,237.38218688964844,770.5555419921875,34.512054443359375,483.3565673828125,705.5919799804688,528.3408203125,448.32421875,548.8610229492188,407.5606384277344,452.6490478515625,601.0961303710938,206.06069946289062,435.7599182128906,466.4010925292969,94.48133087158203,156.4454345703125,74.90917205810547,618.47607421875,140.02481079101562,158.1415557861328,532.5645141601562,158.67578125,-58.171112060546875,270.4756774902344,167.6596221923828,-72.2901611328125,83.97821807861328,413.2748107910156,78.58909606933594,632.1566162109375,450.5188293457031,178.30447387695312,555.5472412109375,409.6667785644531,158.202392578125,258.89801025390625,399.1907653808594,260.1963806152344,113.36920166015625,290.0998840332031,467.6927185058594,749.9965209960938,47.789655310980265,111.00920305545469,133.65839363926375,52.38139506111963,113.08564658079962,68.9335943613624,-44.092532331003156,-96.37321230024457,-56.61007784984301,-52.46563171805319,-123.6577146545087,-36.16735792496121
0.91,246.92897033691406,794.0348510742188,538.882568359375,243.6995849609375,646.2212524414062,405.9768981933594,252.37477111816406,719.2678833007812,211.66427612304688,237.3133087158203,770.1203002929688,34.5469856262207,483.2180480957031,713.3689575195312,528.6798706054688,448.5231628417969,557.7200317382812,406.7338562011719,453.3022155761719,616.6735229492188,206.7959442138672,435.2221374511719,481.047119140625,96.02873992919922,157.0146942138672,80.6803970336914,617.8912963867188,140.44740295410156,163.39991760253906,531.4669189453125,158.47593688964844,-54.85823440551758,270.3267822265625,167.52732849121094,-72.46450805664062,83.9997787475586,413.78546142578125,85.29120635986328,631.2980346679688,450.1697692871094,185.39691162109375,554.8302001953125,408.86883544921875,170.67405700683594,255.67398071289062,398.48126220703125,272.49652099609375,110.30839538574219,289.1315612792969,473.82269287109375,750.140869140625,48.03990443744641,111.35768820823733,132.70159922241106,51.92242262056041,111.64895079595124,69.51226854917206,-43.74521796152848,-96.36626279697211,-58.01896810916462,-52.62484364442122,-124.55764058559105,-36.92317493758563
0.915,246.0133514404297,799.2689819335938,539.585693359375,243.19845581054688,650.7285766601562,407.0567626953125,252.1360321044922,721.5742797851562,212.44300842285156,237.25497436523438,769.74951171875,34.59117889404297,483.1068420410156,721.2080688476562,529.052490234375,448.7549133300781,566.7774047851562,405.8835754394531,453.8963623046875,632.4108276367188,207.74197387695312,434.7923583984375,496.4430847167969,97.25777435302734,157.6123504638672,86.4337387084961,617.3258666992188,140.86407470703125,168.6334228515625,530.37548828125,158.27801513671875,-51.44291687011719,270.116455078125,167.38966369628906,-72.63255310058594,84.03003692626953,414.3157653808594,92.01417541503906,630.36767578125,449.8066711425781,192.42208862304688,553.9876098632812,408.0259094238281,182.36181640625,252.6243438720703,397.7327575683594,283.8624267578125,107.28917694091797,288.1971435546875,479.85577392578125,750.3329467773438,48.260403648981736,111.73645355287033,131.68012753423977,51.42526736531801,110.2475365152352,70.27423157043188,-43.39123206997371,-96.39074034625932,-59.495789985458856,-52.739836226758314,-125.34819496202871,-37.67830005345175
0.92,245.10594177246094,804.4988403320312,540.34130859375,242.6798858642578,655.3076782226562,408.1338806152344,251.90794372558594,723.9539184570312,213.2078094482422,237.2053680419922,769.440673828125,34.641563415527344,483.02252197265625,729.1075439453125,529.4566650390625,449.0135192871094,576.02587890625,405.0199890136719,454.42779541015625,648.2666625976562,208.89718627929688,434.4680480957031,512.5573120117188,98.15904235839844,158.23678588867188,92.17532348632812,616.789306640625,141.2732696533203,173.85398864746094,529.3057250976562,158.0822296142578,-47.90833282470703,269.85015869140625,167.24609375,-72.77249908447266,84.07512664794922,414.8665466308594,98.76337432861328,629.3761596679688,449.43389892578125,199.38536071777344,553.0283203125,407.1495056152344,193.21990966796875,249.77212524414062,396.9515075683594,294.27838134765625,104.34270477294922,287.30859375,485.7917175292969,750.57373046875,48.4538811937303,112.14561290420494,130.59946725973919,50.893107279770334,108.885888132628,71.22149038222938,-43.03462796169302,-96.4441399446959,-61.032687144730204,-52.810263431463426,-126.02502610242678,-38.41944071785019
0.925,244.21575927734375,809.7339477539062,541.1287841796875,242.1436004638672,659.9596557617188,409.19598388671875,251.69000244140625,726.3955078125,213.95166015625,237.16285705566406,769.1902465820312,34.69544982910156,482.96484375,737.064697265625,529.8899536132812,449.2926025390625,585.4548950195312,404.15411376953125,454.89410400390625,664.2008056640625,210.255615234375,434.2452392578125,529.3553466796875,98.7291488647461,158.88604736328125,97.91184997558594,616.2908325195312,141.67369079589844,179.0750274658203,528.2734375,157.88880920410156,-44.23764419555664,269.5348205566406,167.09622192382812,-72.85907745361328,84.1416244506836,415.43798828125,105.54296112060547,628.3355102539062,449.0560302734375,206.2915496826172,551.9633178710938,406.25250244140625,203.21401977539062,247.13722229003906,396.1454162597656,303.73870849609375,101.49813842773438,286.47747802734375,491.6318054199219,750.863037109375,48.62390120940262,112.58418249477432,129.46690285301628,50.32977684757637,107.5672058394394,72.35565870415371,-42.679975468258846,-96.52313507914431,-62.61932968223154,-52.8361526788519,-126.58540772274054,-39.134593200893335
0.93,243.35147094726562,814.983642578125,541.9276733398438,241.59039306640625,664.6832275390625,410.232421875,251.48179626464844,728.8872680664062,214.6687469482422,237.1259765625,768.9935913085938,34.7504997253418,482.9337463378906,745.0762329101562,530.3499145507812,449.5853576660156,595.0510864257812,403.2973937988281,455.2940368652344,680.1748046875,211.8069305419922,434.1189880371094,546.80029296875,98.97064971923828,159.55783081054688,103.65045166015625,615.839111328125,142.06423950195312,184.31112670898438,527.2942504882812,157.69813537597656,-40.414405822753906,269.1788024902344,166.93980407714844,-72.86354064941406,84.23643493652344,416.0296630859375,112.3556900024414,627.2593994140625,448.6777648925781,213.14471435546875,550.8060302734375,405.34893798828125,212.32257080078125,244.736083984375,395.3236083984375,312.247802734375,98.78204345703125,285.7147521972656,497.3791809082031,751.1997680664062,48.77471984417207,113.05014339718554,128.29115756002034,49.7395768058326,106.29372536685685,73.67743402343524,-42.332214501234944,-96.62366426312526,-64.24300979324919,-52.81791680123696,-127.02817967730947,-39.81335929040651
0.935,242.52125549316406,820.2564697265625,542.7177734375,241.0222625732422,669.4744262695312,411.2342224121094,251.28309631347656,731.4171752929688,215.3542938232422,237.09349060058594,768.8455810546875,34.80466079711914,482.9293212890625,753.1378173828125,530.833740234375,449.8848571777344,604.7982177734375,402.46148681640625,455.62744140625,696.1514282226562,213.53659057617188,434.0835876464844,564.8532104492188,98.891845703125,160.24948120117188,109.39865112304688,615.4421997070312,142.44393920898438,189.57789611816406,526.3834838867188,157.5108184814453,-36.42300796508789,268.7920227050781,166.77687072753906,-72.75369262695312,84.36677551269531,416.6403503417969,119.2027587890625,626.1627807617188,448.30389404296875,219.94802856445312,549.5718383789062,404.4533386230469,220.53753662109375,242.58160400390625,394.4963073730469,319.82037353515625,96.2177963256836,285.0307312011719,503.03863525390625,751.5816040039062,48.91122447263828,113.54035449189996,127.08254642156498,49.12727233683944,105.06698862013951,75.1865424256527,-41.99659502644806,-96.74092787263157,-65.88856839226338,-52.75632142582742,-127.35370253694373,-40.44719264080666
0.94,241.732666015625,825.5601196289062,543.479736328125,240.44241333007812,674.3272705078125,412.1941833496094,251.0937957763672,733.9734497070312,216.00462341308594,237.06431579589844,768.74072265625,34.85615539550781,482.951904296875,761.2442626953125,531.3384399414062,450.1840515136719,614.677734375,401.6580505371094,455.8949279785156,712.0950927734375,215.4260711669922,434.1330871582031,583.4736328125,98.50640106201172,160.95803833007812,115.16421508789062,615.107177734375,142.81192016601562,194.8916015625,525.5554809570312,157.32786560058594,-32.24911117553711,268.3859558105469,166.60775756835938,-72.4939956665039,84.54004669189453,417.2680358886719,126.08370208740234,625.0616455078125,447.9391784667969,226.7036590576172,548.277587890625,403.5805358886719,227.86497497558594,240.68295288085938,393.67437744140625,326.48126220703125,93.82516479492188,284.4349365234375,508.61700439453125,752.0054321289062,49.0386834284846,114.05082759029187,125.85234446967883,48.49796539014659,103.88811115933129,76.8813652165839,-41.6784979946396,-96.86948500353193,-67.53857778050616,-52.652398747985046,-127.56391901916405,-41.02981482883729
0.945,240.99240112304688,830.9012451171875,544.1956176757812,239.855224609375,679.23388671875,413.1066589355469,250.9139862060547,736.54443359375,216.61692810058594,237.03756713867188,768.6732177734375,34.90342330932617,483.0020446777344,769.3898315429688,531.8609619140625,450.4759521484375,624.6688842773438,400.8983459472656,456.097900390625,727.9716796875,217.45314025878906,434.2615966796875,602.619873046875,97.83283996582031,161.6802215576172,120.95509338378906,614.8399658203125,143.16726684570312,200.2688751220703,524.8236083984375,157.15074157714844,-27.880008697509766,267.9737243652344,166.43316650390625,-72.04572296142578,84.76375579833984,417.9098815917969,132.996337890625,623.9727172851562,447.58843994140625,233.41262817382812,546.9417114257812,402.7451171875,234.3249969482422,239.04547119140625,392.8688659667969,332.2649230957031,91.61994171142578,283.93609619140625,514.1228637695312,752.4668579101562,49.16252546953322,114.57698978709794,124.61237985887044,47.85704680002357,102.75795344166397,78.75881332651232,-41.38340939670306,-97.00326024093543,-69.17332689610399,-52.5075869293446,-127.66219340668704,-41.55713062002326
0.95,240.3063201904297,836.2853393554688,544.8487548828125,239.26617431640625,684.1845703125,413.9675598144531,250.74386596679688,739.1190795898438,217.1893768310547,237.01251220703125,768.63720703125,34.94508743286133,483.080322265625,777.56787109375,532.3978271484375,450.7537841796875,634.7493896484375,400.19305419921875,456.23834228515625,743.7484741210938,219.59231567382812,434.4636535644531,622.248779296875,96.8938980102539,162.41246032714844,126.77928924560547,614.6451416015625,143.5090789794922,205.72634887695312,524.1998291015625,156.98150634765625,-23.305002212524414,267.570068359375,166.25430297851562,-71.36724853515625,85.0454330444336,418.5622253417969,139.93678283691406,622.9130859375,447.2563781738281,240.0748748779297,545.58349609375,401.9609375,239.9513702392578,237.67068481445312,392.0908203125,337.21466064453125,89.61375427246094,283.54205322265625,519.5667114257812,752.9608764648438,49.288333207172116,115.11354317501082,123.37509436794056,47.21006427989607,101.67743388699984,80.81388239417998,-41.1167536233269,-97.13566568532258,-70.77111966049267,-52.32362089807708,-127.65339761525692,-42.02759646912756
0.955,239.67929077148438,841.716552734375,545.4244384765625,238.6817626953125,689.1685791015625,414.7741394042969,250.58375549316406,741.6868896484375,217.72088623046875,236.988525390625,768.626953125,34.97990798950195,483.1876525878906,785.771484375,532.9456176757812,451.0111083984375,644.8960571289062,399.552001953125,456.3185729980469,759.394287109375,221.8153076171875,434.7344055175781,642.316162109375,95.71582794189453,163.15090942382812,132.64479064941406,614.525634765625,143.8363037109375,211.2802276611328,523.6941528320312,156.8228302001953,-18.515647888183594,267.1911315917969,166.0728302001953,-70.41436767578125,85.39249420166016,419.22064208984375,146.89947509765625,621.9000244140625,446.9475402832031,246.68919372558594,544.22265625,401.2408752441406,244.79058837890625,236.556396484375,391.3507385253906,341.3816223144531,87.81401824951172,283.25970458984375,524.960693359375,753.4813842773438,49.4214706050052,115.65504553249878,122.1526851781133,46.5625895405949,100.64771881089212,83.0394439360577,-40.88368486345587,-97.25979559861172,-72.30875874332847,-52.102434081677245,-127.54399873616703,-42.442484749659
0.96,239.1152801513672,847.1978149414062,545.9097290039062,238.10931396484375,694.1741943359375,415.52484130859375,250.43409729003906,744.2380981445312,218.2111358642578,236.9651641845703,768.6367797851562,35.00677490234375,483.32489013671875,793.9931640625,533.5006713867188,451.2418518066406,655.0851440429688,398.9840393066406,456.3412780761719,774.8793334960938,224.0915069580078,435.0700378417969,662.7764892578125,94.32756042480469,163.8914794921875,138.5594940185547,614.4827270507812,144.1477508544922,216.9459991455078,523.3145751953125,156.6781005859375,-13.505949974060059,266.85455322265625,165.8909912109375,-69.1407241821289,85.81216430664062,419.8800048828125,153.8773193359375,620.9503784179688,446.6662902832031,253.25338745117188,542.8792724609375,400.5962829589844,248.90052795410156,235.69679260253906,390.6583251953125,344.8236083984375,86.22395324707031,283.0950927734375,530.318603515625,754.0216674804688,49.56710173218852,116.19582724862494,120.95713977135165,45.92013051061221,99.67033051264241,85.4261231932096,-40.688989461944146,-97.36852018513974,-73.76185343533842,-51.84637064311181,-127.34178687421658,-42.80540021959487
0.965,238.6172637939453,852.7308349609375,546.293701171875,237.55677795410156,699.1893920898438,416.218994140625,250.29547119140625,746.763671875,218.66046142578125,236.94203186035156,768.6611328125,35.024654388427734,483.4930725097656,802.225341796875,534.059326171875,451.4407043457031,665.2932739257812,398.49664306640625,456.3092956542969,790.1753540039062,226.3885955810547,435.4676818847656,683.5827026367188,92.75987243652344,164.62986755371094,144.53109741210938,614.5158081054688,144.44210815429688,222.73800659179688,523.0669555664062,156.55136108398438,-8.272432327270508,266.57904052734375,165.7116241455078,-67.49829864501953,86.31137084960938,420.53448486328125,160.86190795898438,620.0803833007812,446.4167175292969,259.76434326171875,541.572998046875,400.0367736816406,252.3486785888672,235.08267211914062,390.0221862792969,347.6035461425781,84.84284973144531,283.05328369140625,535.6556396484375,754.5744018554688,49.72994632850856,116.73038904963357,119.79962393499454,45.287929609087,98.74732671685592,87.96201982287727,-40.537007631061186,-97.45464355771776,-75.10526465290488,-51.55793991638626,-127.0560345908644,-43.122630184481864
0.97,238.1873321533203,858.3160400390625,546.5675048828125,237.03257751464844,704.2020263671875,416.8566589355469,250.16847229003906,749.25537109375,219.0697021484375,236.9188690185547,768.6947021484375,35.032596588134766,483.69329833984375,810.46044921875,534.6177368164062,451.6029357910156,675.4976806640625,398.095947265625,456.2257080078125,805.255615234375,228.67300415039062,435.92572021484375,704.6861572265625,91.0445327758789,165.36155700683594,150.5670928955078,614.6224365234375,144.71786499023438,228.66915893554688,522.9542846679688,156.447265625,-2.8140954971313477,266.38421630859375,165.53822326660156,-65.43798065185547,86.89657592773438,421.17779541015625,167.84368896484375,619.3050537109375,446.2025451660156,266.21832275390625,540.3229370117188,399.5700378417969,255.21018981933594,234.7017364501953,389.4496154785156,349.78802490234375,83.66632843017578,283.138427734375,540.9880981445312,755.1318359375,49.91418660507233,117.25351902245444,118.69030437584331,44.67097818751904,97.88117830239116,90.63302407365643,-40.4312872117647,-97.51122866485349,-76.3140053563151,-51.2400380394065,-126.697124003874,-43.40243411466537
0.975,237.82669067382812,863.9528198242188,546.7242431640625,236.5453338623047,709.2002563476562,417.4384460449219,250.05381774902344,751.705810546875,219.44021606445312,236.8955078125,768.7323608398438,35.02970886230469,483.9266052246094,818.6911010742188,535.172119140625,451.7247009277344,685.6770629882812,397.7865295410156,456.0936584472656,820.0951538085938,230.91062927246094,436.4436340332031,726.036376953125,89.21342468261719,166.08184814453125,156.6746368408203,614.7982788085938,144.9733428955078,234.75054931640625,522.9772338867188,156.3710479736328,2.8677401542663574,266.29022216796875,165.37489318847656,-62.910213470458984,87.57371520996094,421.8033142089844,174.81236267089844,618.6380615234375,446.02703857421875,272.6110534667969,539.1469116210938,399.2015075683594,257.56549072265625,234.53892517089844,388.94635009765625,351.44580078125,82.68680572509766,283.3536376953125,546.3331298828125,755.6859741210938,50.12341730859606,117.7604234951499,117.63813497533397,44.07377966770929,97.07486950794777,93.42265481331907,-40.37468714266484,-97.53166712164493,-77.36349746785274,-50.89565699891523,-126.27661928325992,-43.65515068014625
0.98,237.5357666015625,869.6395874023438,546.7589721679688,236.10362243652344,714.173095703125,417.9653015136719,249.95223999023438,754.1083984375,219.77369689941406,236.87181091308594,768.769287109375,35.01518249511719,484.1940612792969,826.9102172851562,535.71875,451.8031921386719,695.8118896484375,397.57135009765625,455.91644287109375,834.6707153320312,233.0673065185547,437.0220642089844,747.5806274414062,87.29777526855469,166.78594970703125,162.8605499267578,615.0371704101562,145.206787109375,240.9913330078125,523.1334838867188,156.32826232910156,8.769713401794434,266.31719970703125,165.22634887695312,-59.86570358276367,88.3480224609375,422.4041442871094,181.75711059570312,618.0911865234375,445.8929748535156,278.9382019042969,538.0614624023438,398.9344177246094,259.4978942871094,234.57693481445312,388.5165100097656,352.6460266113281,81.89396667480469,283.7012023925781,551.7084350585938,756.228759765625,50.36050660192046,118.2470315672457,116.65048158767888,43.50029245174255,96.33180009445954,96.31226268818591,-40.369114570814304,-97.50997558883188,-78.23044364523398,-50.528159469313294,-125.8066525740671,-43.89215103323858
0.985,237.314208984375,875.3740234375,546.6685791015625,235.7157440185547,719.110595703125,418.4383544921875,249.86453247070312,756.4573364257812,220.07212829589844,236.8477325439453,768.80078125,34.98828887939453,484.4967346191406,835.1112670898438,536.2542114257812,451.8365783691406,705.884765625,397.45166015625,455.6976013183594,848.9608154296875,235.10948181152344,437.6625671386719,769.2638549804688,85.32737731933594,167.46896362304688,169.1312713623047,615.3311767578125,145.41632080078125,247.39840698242188,523.418212890625,156.32476806640625,14.886812210083008,266.4848937988281,165.097900390625,-56.25615692138672,89.22396087646484,422.9733581542969,188.66705322265625,617.674072265625,445.8025207519531,285.1954345703125,537.0813598632812,398.7696838378906,261.0912170410156,234.79664611816406,388.1625061035156,353.45697021484375,81.2752914428711,284.1824035644531,557.1320190429688,756.7520141601562,50.62759777711463,118.71004106539567,115.733025270501,42.95382642414873,95.65567378232254,99.28133498840424,-40.41556766800059,-97.4409381041439,-78.89323267587201,-50.14108649050334,-125.29978823452227,-44.12558389976374
0.99,237.1610870361328,881.1531372070312,546.4517822265625,235.38954162597656,724.004150390625,418.8587951660156,249.79147338867188,758.7478637695312,220.33773803710938,236.8233184814453,768.8223266601562,34.94841003417969,484.8354797363281,843.28857421875,536.7750244140625,451.82427978515625,715.881103515625,397.42694091796875,455.4407653808594,862.9461669921875,237.00479125976562,438.3675231933594,791.0283203125,83.32990264892578,168.12596130371094,175.49276733398438,615.6712036132812,145.60009765625,253.9763946533203,523.823974609375,156.3663330078125,21.212860107421875,266.8119812011719,164.9954376220703,-52.03506851196289,90.20506286621094,423.50421142578125,195.5315399169922,617.3938598632812,445.75726318359375,291.3789367675781,536.2191772460938,398.7060241699219,262.4273986816406,235.1776885986328,387.88494873046875,353.94451904296875,80.81666564941406,284.7976379394531,562.6217041015625,757.2479858398438,50.92603610077464,119.14701035383644,114.88954467518994,42.43701557186756,95.0503198444136,102.30771377151075,-40.513950108279715,-97.32041129435999,-79.3327486149642,-49.73820717878411,-124.76847989032852,-44.36754051350576
0.995,237.07485961914062,886.9733276367188,546.1087646484375,235.13209533691406,728.846923828125,419.22784423828125,249.73387145996094,760.9760131835938,220.57281494140625,236.79864501953125,768.8296508789062,34.89508056640625,485.21112060546875,851.43701171875,537.2781982421875,451.76690673828125,725.788818359375,397.4949645996094,455.1499938964844,876.6092529296875,238.72262573242188,439.1398010253906,812.813720703125,81.33037567138672,168.75205993652344,181.95054626464844,616.046630859375,145.75634765625,260.7275390625,524.3407592773438,156.4585723876953,27.741079330444336,267.3154296875,164.92526245117188,-47.15852737426758,91.29385375976562,423.9902648925781,202.3406219482422,617.2551879882812,445.7580261230469,297.4855651855469,535.4852905273438,398.7399597167969,263.5841979980469,235.69908142089844,387.6828308105469,354.1710510253906,80.50288391113281,285.5462951660156,568.1948852539062,757.7092895507812,51.256377568408254,119.55655229458262,114.1218293846971,41.951702797770366,94.51961837634644,105.36797947042226,-40.66317143040541,-97.14537826334615,-79.53262815078722,-49.323428366858025,-124.22467968491046,-44.62946343362705
1.0,237.05348205566406,892.830810546875,545.6412353515625,234.94956970214844,733.6337280273438,419.546630859375,249.69252014160156,763.1389770507812,220.77969360351562,236.7738800048828,768.8186645507812,34.82802963256836,485.624267578125,859.5526123046875,537.7610473632812,451.6664123535156,735.5989379882812,397.6518249511719,454.8295593261719,889.9348754882812,240.2346954345703,439.9825439453125,834.5570678710938,79.3506851196289,169.3424835205078,188.50958251953125,616.4462280273438,145.88343811035156,267.6517028808594,524.9567260742188,156.60659790039062,34.46470642089844,268.0098571777344,164.89405822753906,-41.58600997924805,92.4917221069336,424.4255676269531,209.08531188964844,617.260009765625,445.804931640625,303.5131530761719,534.8876342773438,398.8661193847656,264.6335144042969,236.3397674560547,387.5536193847656,354.1945495605469,80.31822204589844,286.42694091796875,573.8681030273438,758.1290283203125,51.61845050665383,119.93813807130584,113.42980460848207,41.4989689939452,94.06729183610736,108.43772655012117,-40.86113125181254,-96.91418310311323,-79.4797817532828,-48.900785820956514,-123.67939059313703,-44.921491428829285
1.005,237.09449768066406,898.7216796875,545.0523681640625,234.84706115722656,738.3615112304688,419.81622314453125,249.668212890625,765.23486328125,220.960693359375,236.749267578125,768.7855224609375,34.747257232666016,486.0753479003906,867.6321411132812,538.22119140625,451.52618408203125,745.3052368164062,397.8918762207031,454.4841613769531,902.909912109375,241.5155487060547,440.8988037109375,856.1927490234375,77.4092788696289,169.89260864257812,195.17430114746094,616.858154296875,145.98001098632812,274.7466125488281,525.657958984375,156.8147735595703,41.377620697021484,268.90692138671875,164.9088134765625,-35.28117752075195,93.7988510131836,424.8049011230469,215.75799560546875,617.4074096679688,445.89739990234375,309.46075439453125,534.431396484375,399.0773010253906,265.6396789550781,237.07925415039062,387.49322509765625,354.0677490234375,80.24694061279297,287.43719482421875,579.65673828125,758.5009765625,52.01130573106644,120.29236435151614,112.81130689312153,41.079089483578684,93.69676069909826,111.49193252465045,-41.104748108620754,-96.62657787517725,-79.16466803711045,-48.474349262157574,-123.14225897934749,-45.25193940249426
1.01,237.19512939453125,904.6419067382812,544.3463134765625,234.82843017578125,743.0291748046875,420.0377197265625,249.66168212890625,767.26318359375,221.1179656982422,236.7251434326172,768.7266235351562,34.65309524536133,486.5644836425781,875.673583984375,538.6568603515625,451.3508605957031,754.904296875,398.2078857421875,454.118896484375,915.5231323242188,242.54315185546875,441.8913269042969,877.6527709960938,75.52091217041016,170.39810180664062,201.94850158691406,617.2706298828125,146.0450439453125,282.0078125,526.4292602539062,157.0865936279297,48.47496795654297,270.01458740234375,164.9765625,-28.212574005126953,95.21412658691406,425.1238098144531,222.3526611328125,617.6939086914062,446.0341491699219,315.328857421875,534.1193237304688,399.3648376464844,266.6582336425781,237.8981170654297,387.4964294433594,353.83770751953125,80.27366638183594,288.5736999511719,585.5746459960938,758.8198852539062,52.433388630194855,120.62060681648228,112.26244941316054,40.69158381596304,93.41103823549224,114.50539196615352,-41.39001566952055,-96.28390390277076,-78.58165870854549,-48.04821271972003,-122.6211719884617,-45.626704327789895
1.015,237.35227966308594,910.587646484375,543.5284423828125,234.89620971679688,747.6376342773438,420.212158203125,249.67369079589844,769.2247924804688,221.2534942626953,236.70193481445312,768.6386108398438,34.54628372192383,487.09161376953125,883.67578125,539.0665893554688,451.146484375,764.3953857421875,398.59112548828125,453.7393493652344,927.7654418945312,243.2992401123047,442.9620361328125,898.8672485351562,73.69664764404297,170.85498046875,208.83535766601562,617.6719360351562,146.0779571533203,289.4290466308594,527.254638671875,157.4243621826172,55.753746032714844,271.3365478515625,165.10443115234375,-20.354297637939453,96.73509979248047,425.3787841796875,228.8651580810547,618.1132202148438,446.2131652832031,321.1194763183594,533.9513549804688,399.7188720703125,267.7353515625,238.77847290039062,387.556884765625,353.5455627441406,80.38379669189453,289.83233642578125,591.6340942382812,759.0811157226562,52.882521929130235,120.92506879956261,111.77756921620215,40.33522138763567,93.21262533497162,117.45296323742446,-41.712296515576554,-95.88892792052224,-77.72881790952589,-47.626395112544685,-122.12206874264218,-46.04908286120752
1.02,237.5626983642578,916.5551147460938,542.6047973632812,235.05157470703125,752.18994140625,420.34063720703125,249.70492553710938,771.1219482421875,221.36898803710938,236.6802215576172,768.5186157226562,34.42808532714844,487.65618896484375,891.638427734375,539.4492797851562,450.9203796386719,773.7798461914062,399.0314636230469,453.35137939453125,939.6295166015625,243.76980590820312,444.11199951171875,919.7648315429688,71.94381713867188,171.25970458984375,215.83734130859375,618.0514526367188,146.07864379882812,297.0024719238281,528.117431640625,157.82916259765625,63.21329879760742,272.8719177246094,165.29933166503906,-11.686549186706543,98.35790252685547,425.5672607421875,235.29335021972656,618.6569213867188,446.43182373046875,326.836181640625,533.9249877929688,400.1285705566406,268.9074401855469,239.70443725585938,387.66748046875,353.2264709472656,80.56373596191406,291.2080383300781,597.8451538085938,759.2811279296875,53.35603237788294,121.20867929312982,111.34950562239561,40.008150690745055,93.10331820644751,120.31018290161433,-42.06613848396859,-95.44609607379196,-76.6085326751811,-47.21269153667032,-121.64887868249099,-46.5197768874427
1.025,237.82296752929688,922.5410766601562,541.58251953125,235.29421997070312,756.6911010742188,420.4243469238281,249.75601196289062,772.958740234375,221.46578979492188,236.66067504882812,768.3641357421875,34.30036163330078,488.25738525390625,899.5623168945312,539.80419921875,450.6810607910156,783.06103515625,399.51751708984375,452.9613037109375,951.1096801757812,243.94541931152344,445.34088134765625,940.2732543945312,70.26628875732422,171.6092529296875,222.95619201660156,618.3993530273438,146.0475616455078,304.718994140625,529.0010986328125,158.30064392089844,70.85570526123047,274.6145935058594,165.5679168701172,-2.196052312850952,100.07727813720703,425.6878662109375,241.63720703125,619.3143920898438,446.68695068359375,332.48419189453125,534.035400390625,400.5826721191406,270.20123291015625,240.6623077392578,387.820556640625,352.9096984863281,80.80113983154297,292.6949157714844,604.2158203125,759.41748046875,53.850798163525525,121.47487011317611,110.96969300332177,39.707985914586004,93.08418389804672,123.05355351404842,-42.44574294072527,-94.96122551463498,-75.22699701361124,-46.810728313862796,-121.20336465125779,-47.0366378374718
1.03,238.12957763671875,928.5425415039062,540.4691772460938,235.62249755859375,761.147705078125,420.4647521972656,249.8275909423828,774.7412719726562,221.54489135742188,236.64410400390625,768.17333984375,34.16568374633789,488.8939208984375,907.44873046875,540.1309814453125,450.43804931640625,792.2438354492188,400.036865234375,452.5755615234375,962.2015991210938,243.8214111328125,446.6470031738281,960.3203735351562,68.66468811035156,171.90121459960938,230.19284057617188,618.7074584960938,145.98582458496094,312.5685729980469,529.8897094726562,158.83709716796875,78.68604278564453,276.55322265625,165.91639709472656,8.123655319213867,101.8864974975586,425.7403259277344,247.89881896972656,620.0733032226562,446.974853515625,338.0703430175781,534.2752685546875,401.0695495605469,271.63433837890625,241.6407928466797,388.0081481933594,352.6189270019531,81.08497619628906,294.2862548828125,610.7515869140625,759.4886474609375,54.36347213350925,121.72718972570152,110.62879825549959,39.431803676991706,93.155640965249,125.66081583649861,-42.84497464619207,-94.4415490475329,-73.59444521504216,-46.42371731116657,-120.78539052598666,-47.5952292885751
1.035,238.47903442382812,934.5569458007812,539.2730712890625,236.0333709716797,765.5682373046875,420.4633483886719,249.9202117919922,776.4775390625,221.60675048828125,236.63148498535156,767.9450073242188,34.027435302734375,489.5640563964844,915.2997436523438,540.4293212890625,450.20184326171875,801.3341064453125,400.576171875,452.2008361816406,972.9021606445312,243.3981475830078,448.0269775390625,979.8348388671875,67.13682556152344,172.13389587402344,237.5474090576172,618.96923828125,145.8950958251953,320.54052734375,530.7681884765625,159.4353790283203,86.71251678466797,278.6711730957031,166.35043334960938,19.2720947265625,103.77742767333984,425.7253723144531,254.0823211669922,620.919921875,447.2914733886719,343.6028137207031,534.6356811523438,401.5777893066406,273.2159729003906,242.63101196289062,388.22216796875,352.3726806640625,81.4056396484375,295.97454833984375,617.4556884765625,759.4940185546875,54.89036271036764,121.96953019668922,110.31638067412189,39.17642020541939,93.31720159555715,128.11160478115875,-43.25753119176798,-93.89556661518489,-71.72507216531415,-46.05459408173468,-120.39296621647208,-48.18875127223819
1.04,238.86790466308594,940.582275390625,538.0029296875,236.52252197265625,769.9622192382812,420.42205810546875,250.0343475341797,778.1781616210938,221.6513214111328,236.6239471435547,767.6790771484375,33.88991928100586,490.2655944824219,923.1177978515625,540.6990356445312,449.98358154296875,810.3380737304688,401.12152099609375,451.8437194824219,983.2091064453125,242.68096923828125,449.47576904296875,998.7471923828125,65.67815399169922,172.30628967285156,245.0191192626953,619.1802368164062,145.77772521972656,328.6239318847656,531.6229248046875,160.091064453125,94.94639587402344,280.9465637207031,166.87498474121094,31.24188804626465,105.7405014038086,425.6448974609375,260.19384765625,621.8395385742188,447.6324768066406,349.09112548828125,535.105712890625,402.0963439941406,274.94805908203125,243.62646484375,388.45477294921875,352.184814453125,81.75489807128906,297.75164794921875,624.3286743164062,759.4341430664062,55.42777258552931,122.20532460499021,110.02196358281844,38.938482482929004,93.5675407105661,130.38775708066584,-43.67715305816168,-93.33286761452207,-69.63686062088382,-45.70574292232655,-120.02269696563734,-48.80888680149468
1.045,239.2928466796875,946.6170043945312,536.6677856445312,237.08445739746094,774.3406372070312,420.34295654296875,250.17041015625,779.8560180664062,221.67799377441406,236.62274169921875,767.3762817382812,33.758445739746094,490.995849609375,930.9055786132812,540.9397583007812,449.7948303222656,819.2620239257812,401.65863037109375,451.510498046875,993.1207885742188,241.68019104003906,450.986572265625,1016.9908447265625,64.28227233886719,172.41819763183594,252.6063232421875,619.338134765625,145.6366424560547,336.807861328125,532.4420776367188,160.79856872558594,103.40181732177734,283.3526306152344,167.4941864013672,44.018959045410156,107.7647705078125,425.5018005371094,266.24127197265625,622.8169555664062,447.9932556152344,354.5459289550781,535.6732788085938,402.6148681640625,276.8264465332031,244.6227569580078,388.6983947753906,352.0649108886719,82.12582397460938,299.60870361328125,631.36865234375,759.3104858398438,55.971904426886624,122.43784587842066,109.73462506969213,38.71461172488142,93.9045084800988,132.473597848294,-44.09775583022929,-92.7639745817625,-67.35147569377122,-45.37913324492379,-119.66996787610528,-49.44600572724164
1.05,239.7506866455078,952.66015625,535.2771606445312,237.7127227783203,778.7152099609375,420.22833251953125,250.32876586914062,781.5270385742188,221.68545532226562,236.6293182373047,767.0388793945312,33.639427185058594,491.7515563964844,938.6661376953125,541.1509399414062,449.6473693847656,828.1117553710938,402.17315673828125,451.2071838378906,1002.6358642578125,240.41091918945312,452.5509948730469,1034.503173828125,62.9415397644043,172.47018432617188,260.306396484375,619.4425659179688,145.47535705566406,345.0817565917969,533.2159423828125,161.55130004882812,112.09545135498047,285.85821533203125,168.2113494873047,57.5828971862793,109.83790588378906,425.2998352050781,272.2339782714844,623.836669921875,448.3691711425781,359.9786071777344,536.3250732421875,403.1239013671875,278.8421325683594,245.617431640625,388.9460754394531,352.0190734863281,82.51274108886719,301.53631591796875,638.5713500976562,759.1251831054688,56.518973864163456,122.66963896977825,109.44363869376173,38.501631621618145,94.32506975404368,134.35639867674195,-44.51375258151597,-92.1999696620968,-64.89369231009363,-45.076184199216016,-119.32940298169544,-50.08982340660609
1.055,240.23846435546875,958.71142578125,533.8406372070312,238.39993286132812,783.0983276367188,420.0806884765625,250.50962829589844,783.2097778320312,221.6717529296875,236.64524841308594,766.670654296875,33.540443420410156,492.5290832519531,946.4021606445312,541.331787109375,449.5528869628906,836.891845703125,402.65106201171875,450.9390563964844,1011.753173828125,238.8927001953125,454.1590270996094,1051.2266845703125,61.647613525390625,172.463623046875,268.1158447265625,619.49560546875,145.29786682128906,353.435546875,533.9369506835938,162.34201049804688,121.0460205078125,288.4284362792969,169.02877807617188,71.90745544433594,111.9463119506836,425.043701171875,278.1826477050781,624.8833618164062,448.75555419921875,365.4012756347656,537.0472412109375,403.6150817871094,280.98284912109375,246.60951232910156,389.19158935546875,352.0502624511719,82.91104125976562,303.52459716796875,645.9302978515625,758.88134765625,57.06534298299809,122.90247285589999,109.1387624363424,38.296660920521134,94.82534646172684,136.02652316218166,-44.91987886055824,-91.65257771851572,-62.29169168832183,-44.79789421447015,-118.99510833077395,-50.72980968740882
1.06,240.75347900390625,964.7708740234375,532.3680419921875,239.13804626464844,787.5026245117188,419.90264892578125,250.713134765625,784.9261474609375,221.63418579101562,236.6722412109375,766.2771606445312,33.47028350830078,493.32427978515625,954.1163940429688,541.4808959960938,449.5226135253906,845.6056518554688,403.0789489746094,450.71063232421875,1020.471435546875,237.149169921875,455.7993469238281,1067.10986328125,60.39204406738281,172.40060424804688,276.03021240234375,619.5010986328125,145.10861206054688,361.8598937988281,534.6000366210938,163.16293334960938,130.27371215820312,291.0254211425781,169.94776916503906,86.96118927001953,114.07514953613281,424.73870849609375,284.098876953125,625.9423217773438,449.1477355957031,370.8262939453125,537.8253784179688,404.08135986328125,283.2340087890625,247.5992431640625,389.4294738769531,352.1589050292969,83.31707000732422,305.5633239746094,653.4366455078125,758.5826416015625,57.607479696321974,123.1370308025617,108.81032971834497,38.097373102237725,95.40061772717047,137.47771954896734,-45.31163366241117,-91.13364753931504,-59.57600578803033,-44.54466749644689,-118.6611496572849,-51.355904821291915
1.065,241.29335021972656,970.8392333984375,530.869140625,239.9185791015625,791.9410400390625,419.6968078613281,250.9393310546875,786.7009887695312,221.56932067871094,236.7120819091797,765.8660888671875,33.438995361328125,494.132568359375,961.81103515625,541.596435546875,449.56719970703125,854.2545776367188,403.4444274902344,450.5254821777344,1028.7894287109375,235.20748901367188,457.4595947265625,1082.1080322265625,59.166778564453125,172.2839813232422,284.04412841796875,619.4649658203125,144.91238403320312,370.3464050292969,535.2026977539062,164.0062255859375,139.79959106445312,293.6092224121094,170.9685821533203,102.7081527709961,116.20843505859375,424.3907470703125,289.9948425292969,626.9995727539062,449.5412902832031,376.2660827636719,538.6451416015625,404.5168762207031,285.58026123046875,248.58761596679688,389.6551513671875,352.3434143066406,83.72798919677734,307.6419677734375,661.0800170898438,758.233154296875,58.14202790238403,123.3729706094748,108.44946472874153,37.90207963765792,96.04531560996958,138.70709410140785,-45.68524385943664,-90.65506035677635,-56.77924964195715,-44.316524397461706,-118.3217410135749,-51.95876075350458
1.07,241.85597229003906,976.9177856445312,529.3538208007812,240.7327117919922,796.4263916015625,419.46575927734375,251.18814086914062,788.5626831054688,221.47296142578125,236.76669311523438,765.4473876953125,33.45785140991211,494.9491271972656,969.48779296875,541.6758422851562,449.69610595703125,862.8379516601562,403.7364196777344,450.3860168457031,1036.7056884765625,233.09771728515625,459.12652587890625,1096.1844482421875,57.964656829833984,172.1171875,292.15142822265625,619.3944702148438,144.7142333984375,378.8876037597656,535.7445678710938,164.86416625976562,149.6448211669922,296.1387023925781,172.09042358398438,119.10871124267578,118.32915496826172,424.0061950683594,295.8830871582031,628.0420532226562,449.931884765625,381.73297119140625,539.4922485351562,404.91717529296875,288.0062255859375,249.57603454589844,389.86505126953125,352.6006164550781,84.14158630371094,309.7498779296875,668.8480834960938,757.8374633789062,58.665809920668124,123.6086193830102,108.0482014906292,37.709916470408245,96.75306997688028,139.7153816118174,-46.037708569319534,-90.2285086803412,-53.93542964694956,-44.11306205302114,-117.97148439316554,-52.53010947925195
1.075,242.4396514892578,983.00830078125,527.8316650390625,241.57154846191406,800.9712524414062,419.21173095703125,251.45936584472656,790.5425415039062,221.3402099609375,236.8380126953125,765.03369140625,33.5393180847168,495.768798828125,977.1477661132812,541.7162475585938,449.9176025390625,871.352783203125,403.9456481933594,450.29345703125,1044.2186279296875,230.85214233398438,460.7864990234375,1109.3109130859375,56.779762268066406,171.90419006347656,300.3450622558594,619.2982788085938,144.5193634033203,387.47711181640625,536.2278442382812,165.72952270507812,159.83010864257812,298.5724792480469,173.31150817871094,136.12030029296875,120.41938781738281,423.5917053222656,301.7760009765625,629.0581665039062,450.3154602050781,387.23870849609375,540.3530883789062,405.2790832519531,290.4975280761719,250.56593322753906,390.0564880371094,352.9261474609375,84.55614471435547,311.8763732910156,676.7274169921875,757.400390625,59.17583744524066,123.84111407480134,107.59961988903785,37.520904358931745,97.51679955097666,140.50678728101002,-46.36701434947946,-89.86519189225037,-51.078936660453024,-43.93348420374747,-117.60568661718443,-53.06323885739374
1.08,243.04296875,989.1129760742188,526.31201171875,242.4263458251953,805.5878295898438,418.9367370605469,251.752685546875,792.6753540039062,221.16543579101562,236.9279327392578,764.640380859375,33.69695281982422,496.58636474609375,984.7911987304688,541.714111328125,450.2383117675781,879.7938842773438,404.0648193359375,450.247802734375,1051.32666015625,228.50453186035156,462.4256591796875,1121.4678955078125,55.60774612426758,171.64939880371094,308.6174011230469,619.1858520507812,144.33303833007812,396.10943603515625,536.6565551757812,166.59580993652344,170.37496948242188,300.8699645996094,174.6290283203125,153.6982879638672,122.46048736572266,423.1540832519531,307.68572998046875,630.037353515625,450.688232421875,392.7944641113281,541.2144775390625,405.6007080078125,293.0413818359375,251.55859375,390.2276916503906,353.314697265625,84.9703369140625,314.0108947753906,684.703369140625,756.9269409179688,59.669327352757364,124.06620852297823,107.09785118272606,37.33597624711339,98.32882833979409,141.08869146921546,-46.671926867260964,-89.57580219133914,-48.24403494451508,-43.77668978602904,-117.22038124139783,-53.553055410794684
1.085,243.6649169921875,995.2344970703125,524.803955078125,243.28860473632812,810.2877807617188,418.6422119140625,252.0677490234375,794.9988403320312,220.94241333007812,237.03836059570312,764.285888671875,33.94529724121094,497.3966369628906,992.4175415039062,541.6655883789062,450.6630554199219,888.1533813476562,404.0889892578125,450.2478942871094,1058.02880859375,226.08938598632812,464.0303955078125,1132.6453857421875,54.44597244262695,171.35752868652344,316.9600524902344,619.067138671875,144.16053771972656,404.7801208496094,537.0367431640625,167.45755004882812,181.29718017578125,302.9919738769531,176.0392303466797,171.79666137695312,124.4332046508789,422.7002258300781,313.62371826171875,630.9705200195312,451.04669189453125,398.4105224609375,542.0642700195312,405.8813171386719,295.6270446777344,252.5548095703125,390.37786865234375,353.7604675292969,85.38309478759766,316.1431884765625,692.7606811523438,756.421875,60.14363359608922,124.27848365858688,106.53799801930427,37.15712751876649,99.18069888804428,141.47190781761492,-46.95227862640394,-89.37013470669216,-45.463502268763506,-43.64138137070495,-116.81241716673696,-53.99608223074753
1.09,244.30474853515625,1001.3760375976562,523.3159790039062,244.15037536621094,815.0823974609375,418.3290100097656,252.40406799316406,797.5534057617188,220.6643829345703,237.17105102539062,763.9918823242188,34.29964828491211,498.1944885253906,1000.0252075195312,541.5665283203125,451.1946105957031,896.4214477539062,404.0158386230469,450.2913818359375,1064.3243408203125,223.64108276367188,465.587646484375,1142.8426513671875,53.29362106323242,171.0334930419922,325.3642272949219,618.9521484375,144.00697326660156,413.4855651855469,537.375732421875,168.31045532226562,192.61227416992188,304.9018249511719,177.5375518798828,190.3687744140625,126.31793975830078,422.2369384765625,319.6004638671875,631.85009765625,451.3876037597656,404.09600830078125,542.8912963867188,406.1213073730469,298.2460632324219,253.55477905273438,390.5069274902344,354.2572326660156,85.79348754882812,318.2633056640625,700.8836059570312,755.8901977539062,60.59628902336678,124.47147061390933,105.91611846448302,36.98721350029069,100.06367861090229,141.66994394793448,-47.208695296234765,-89.25711578655046,-42.768173594260105,-43.5260135109103,-116.37960729642595,-54.390758299711905
1.095,244.96206665039062,1007.541015625,521.8560791015625,245.00430297851562,819.9824829101562,417.9972839355469,252.76113891601562,800.382080078125,220.32418823242188,237.3275604248047,763.7835693359375,34.77585983276367,498.97515869140625,1007.6116333007812,541.4129028320312,451.83355712890625,904.5861206054688,403.8456115722656,450.3749694824219,1070.2138671875,221.1932830810547,467.0851745605469,1152.068115234375,52.1516227722168,170.68226623535156,333.8207092285156,618.8505859375,143.8773193359375,422.222900390625,537.68212890625,169.151611328125,204.33314514160156,306.56585693359375,179.11863708496094,209.367919921875,128.09494018554688,421.7707214355469,325.6253967285156,632.6698608398438,451.7080078125,409.8589172363281,543.6854248046875,406.3220520019531,300.8923034667969,254.5580291748047,390.6155090332031,354.7984924316406,86.20066833496094,320.3619079589844,709.0564575195312,755.3365478515625,61.02491579484169,124.6377742257713,105.22905879225704,36.829905218423136,100.96859219243515,141.6987527739269,-47.442706337664845,-89.24458616534483,-40.18595908324218,-43.42892049001068,-115.92060796341605,-54.73718905517002
1.1,245.6366729736328,1013.733154296875,520.4315795898438,245.8438262939453,824.9984130859375,417.64630126953125,253.13844299316406,803.5299072265625,219.9145050048828,237.5092010498047,763.6893310546875,35.3900032043457,499.7343444824219,1015.1732177734375,541.2008666992188,452.5782775878906,912.6336059570312,403.5814208984375,450.49456787109375,1075.69921875,218.778076171875,468.51202392578125,1160.33935546875,51.02253723144531,170.30880737304688,342.3199768066406,618.7714233398438,143.7762908935547,430.98980712890625,537.965087890625,169.9794921875,216.46969604492188,307.9540100097656,180.77645874023438,228.74783325195312,129.7445526123047,421.30792236328125,331.70660400390625,633.4249267578125,452.0052185058594,415.7058410644531,544.4376831054688,406.4857177734375,303.56195068359375,255.56332397460938,390.70489501953125,355.37774658203125,86.60379791259766,322.43017578125,717.2636108398438,754.7651977539062,61.427209618495766,124.76934192605984,104.47419368045348,36.68962447361963,101.8860408616626,141.57656104277635,-47.65655152513244,-89.33927693884615,-37.741433498180925,-43.348353245868026,-115.43494084266597,-55.037078904073184
1.105,246.32859802246094,1019.9566650390625,519.0491333007812,246.66326904296875,830.1401977539062,417.2745056152344,253.53549194335938,807.0433349609375,219.42796325683594,237.7169952392578,763.7413330078125,36.15805435180664,500.4682922363281,1022.7052612304688,540.9270629882812,453.4249267578125,920.5490112304688,403.2291564941406,450.6454772949219,1080.7838134765625,216.42550659179688,469.85845947265625,1167.6826171875,49.910335540771484,169.9179229736328,350.8523864746094,618.7225952148438,143.70835876464844,439.784423828125,538.234130859375,170.7940216064453,229.0286102294922,309.04034423828125,182.50445556640625,248.4630126953125,131.24746704101562,420.8543701171875,337.8507385253906,634.1116943359375,452.27691650390625,421.641845703125,545.1403198242188,406.61529541015625,306.2531433105469,256.5687561035156,390.77685546875,355.98846435546875,87.00199890136719,324.4601745605469,725.489990234375,754.1803588867188,61.80095397960582,124.85768985111412,103.64953202996736,36.571229406586525,102.80672664855115,141.32308117926925,-47.85314436935914,-89.546676414744,-35.45534153325849,-43.28250585797065,-114.92291835768758,-55.29356668425213
1.11,247.03799438476562,1026.2156982421875,517.7144775390625,247.45791625976562,835.417724609375,416.87939453125,253.95191955566406,810.9696655273438,218.85751342773438,237.9514923095703,763.9747924804688,37.0954704284668,501.1740417480469,1030.2020263671875,540.5890502929688,454.3674011230469,928.3165893554688,402.7972412109375,450.8227233886719,1085.4737548828125,214.16294860839844,471.1164855957031,1174.131591796875,48.82010269165039,169.51426696777344,359.4082336425781,618.710693359375,143.6776123046875,448.60516357421875,538.4986572265625,171.59649658203125,242.01319885253906,309.8034362792969,184.29566955566406,268.46893310546875,132.58499145507812,420.4154357910156,344.0628967285156,634.727783203125,452.5210266113281,427.6705322265625,545.7866821289062,406.7143249511719,308.96575927734375,257.5716857910156,390.83349609375,356.6241149902344,87.39433288574219,326.44464111328125,733.7210693359375,753.585693359375,62.1439346220115,124.89426641918027,102.75321010084201,36.47980562093716,103.72144974459246,140.95883516849392,-48.03593505097015,-89.8709653653955,-33.34443552840304,-43.22955642230653,-114.38554770758866,-55.51102964152459
1.115,247.7650909423828,1032.5147705078125,516.4326782226562,248.22412109375,840.8408203125,416.4575500488281,254.38748168945312,815.3561401367188,218.19662475585938,238.21286010742188,764.4285278320312,38.21674346923828,501.84942626953125,1037.6571044921875,540.1853637695312,455.3976745605469,935.9202880859375,402.29656982421875,451.0212707519531,1089.77734375,212.0146942138672,472.27984619140625,1179.7275390625,47.75770950317383,169.1021728515625,367.9779968261719,618.7406616210938,143.6878204345703,457.4504699707031,538.767578125,172.38949584960938,255.4232635498047,310.2265625,186.14280700683594,288.7221374511719,133.73931884765625,419.99591064453125,350.3465576171875,635.2717895507812,452.7356872558594,433.7937316894531,546.3712158203125,406.786865234375,311.7010803222656,258.56903076171875,390.87725830078125,357.27825927734375,87.77974700927734,328.3773498535156,741.9434814453125,752.9845581054688,62.45392568916017,124.87077230568383,101.78361335491172,36.420569267676626,104.621313384509,140.5051928036492,-48.208734517719336,-90.31501271050374,-31.421555775414333,-43.18766085935363,-113.82450730844778,-55.694978171656686
1.12,248.5101318359375,1038.858642578125,515.2078247070312,248.95924377441406,846.4193115234375,416.0046691894531,254.8421630859375,820.2491455078125,217.43971252441406,238.50070190429688,765.1441040039062,39.53492736816406,502.4932556152344,1045.062744140625,539.716064453125,456.50592041015625,943.3444213867188,401.7401428222656,451.2362060546875,1093.7061767578125,210.00169372558594,473.3440246582031,1184.5174560546875,46.72947311401367,168.6857147216797,376.5522155761719,618.815673828125,143.7423858642578,466.3186950683594,539.0488891601562,173.1767120361328,269.2550048828125,310.29779052734375,188.0384063720703,309.1802062988281,134.69381713867188,419.59991455078125,356.7035827636719,635.7434692382812,452.91943359375,440.0116882324219,546.889404296875,406.8374328613281,314.4612731933594,259.5570373535156,390.9106750488281,357.944580078125,88.15709686279297,330.2528991699219,750.144775390625,752.3800659179688,62.72873461853092,124.77937530854808,100.73927592737459,36.398305124165745,105.49806674124619,139.98285463490856,-48.37560455957902,-90.88027042332585,-29.695681726692783,-43.154935988504974,-113.24205164334262,-55.8517918924247
1.125,249.2732696533203,1045.252197265625,514.043212890625,249.66171264648438,852.1633911132812,415.5155029296875,255.31622314453125,825.6934814453125,216.58241271972656,238.8140411376953,766.1658935546875,41.061126708984375,503.105224609375,1052.4107666015625,539.1827392578125,457.680908203125,950.5744018554688,401.1427307128906,451.46307373046875,1097.2744140625,208.1412811279297,474.3064270019531,1188.5537109375,45.74177932739258,168.26866149902344,385.121826171875,618.93701171875,143.84432983398438,475.2079772949219,539.3494873046875,173.96275329589844,283.5009460449219,310.0102844238281,189.9749298095703,329.801513671875,135.43333435058594,419.2308654785156,363.1342468261719,636.1432495117188,453.071044921875,446.32293701171875,547.337646484375,406.8706970214844,317.24908447265625,260.5317687988281,390.9363708496094,358.61669921875,88.52513885498047,332.06695556640625,758.3135986328125,751.7749633789062,62.96607599598681,124.61314349661473,99.6186990598195,36.41733850378105,106.3442691685043,139.4119454728559,-48.54068535401211,-91.56671229613322,-28.172246729954907,-43.12952478684102,-112.64086800092144,-55.98851899203805
1.13,250.05458068847656,1051.7000732421875,512.9415283203125,250.33096313476562,858.0834350585938,414.984130859375,255.81033325195312,831.7308959960938,215.62196350097656,239.15135192871094,767.5404663085938,42.80398178100586,503.6860656738281,1059.6925048828125,538.5885620117188,458.9102478027344,957.5969848632812,400.52032470703125,451.69805908203125,1100.5001220703125,206.4470977783203,475.16632080078125,1191.892578125,44.8007926940918,167.8544158935547,393.67816162109375,619.10400390625,143.996337890625,484.1159973144531,539.6746215820312,174.75296020507812,298.14990234375,309.36199951171875,191.94493103027344,350.54498291015625,135.94442749023438,418.8914794921875,369.63720703125,636.4722900390625,453.1897277832031,452.7242736816406,547.7132568359375,406.8915710449219,320.0675354003906,261.4889221191406,390.95697021484375,359.2884826660156,88.88253784179688,333.81610107421875,766.4401245117188,751.1718139648438,63.16356335705686,124.36638281562841,98.42048497661881,36.48133155145817,107.1531085851289,138.81140564718066,-48.70793812889909,-92.37289594508435,-26.85368596791119,-43.10957705047639,-112.02405802050983,-56.112669489670566
1.135,250.85398864746094,1058.20751953125,511.9045104980469,250.96739196777344,864.1903686523438,414.40399169921875,256.3255310058594,838.3994750976562,214.5576629638672,239.51052856445312,769.3159790039062,44.76914978027344,504.2374267578125,1066.8985595703125,537.9389038085938,460.18096923828125,964.4012451171875,399.8898010253906,451.93798828125,1103.404052734375,204.9291534423828,475.9245910644531,1194.5931396484375,43.9121208190918,167.4461669921875,402.2130126953125,619.31396484375,144.20069885253906,493.0400085449219,540.0281372070312,175.5531463623047,313.1866760253906,308.35595703125,193.94107055664062,371.3696594238281,136.21563720703125,418.5836181640625,376.20965576171875,636.732421875,453.27496337890625,459.21087646484375,548.0143432617188,406.9051208496094,322.9194641113281,262.4240417480469,390.9748840332031,359.9537048339844,89.22789764404297,335.49786376953125,774.5156860351562,750.5728759765625,63.31884493715279,124.03473871535357,97.14369741881802,36.59277758506377,107.91915861066434,138.1978818431105,-48.88123864581394,-93.29561199831285,-25.739252932971056,-43.09322016735749,-111.39504178546832,-56.232123046338586
1.14,251.67123413085938,1064.779541015625,510.9334716796875,251.57220458984375,870.4954833984375,413.7679443359375,256.86334228515625,845.7323608398438,213.3911590576172,239.888916015625,771.5416870117188,46.95881271362305,504.7618103027344,1074.019775390625,537.2408447265625,461.4798278808594,970.9789428710938,399.26837158203125,452.18060302734375,1106.0101318359375,203.59384155273438,476.5838317871094,1196.716552734375,43.08061981201172,167.04676818847656,410.71875,619.5623779296875,144.45933532714844,501.97662353515625,540.4118041992188,176.3693389892578,328.59197998046875,306.999755859375,195.9562225341797,392.2344055175781,136.23780822753906,418.3083801269531,382.8475036621094,636.9259033203125,453.3266906738281,465.7763366699219,548.23974609375,406.9162292480469,325.8075256347656,263.33258056640625,390.9924011230469,360.60626220703125,89.55975341796875,337.1106872558594,782.5327758789062,749.98046875,63.42940518020521,123.6156464618698,95.78784342772701,36.75317252194398,108.63802511410182,137.58604666684084,-49.06396203638363,-94.3300963395292,-24.825872487713667,-43.07856697219569,-110.75753143685591,-56.35502887026658
1.145,252.50579833984375,1071.4212646484375,510.029052734375,252.14739990234375,877.0103149414062,413.0687255859375,257.42584228515625,853.7571411132812,212.12684631347656,240.2833709716797,774.2672119140625,49.37125778198242,505.2625427246094,1081.046875,536.5032958984375,462.7938232421875,977.324951171875,398.6731872558594,452.4244079589844,1108.344970703125,202.4441680908203,477.14794921875,1198.3243408203125,42.310176849365234,166.6588592529297,419.1884765625,619.8429565429688,144.7738037109375,510.9217529296875,540.8255004882812,177.20762634277344,344.3422546386719,305.3057556152344,197.9835968017578,413.09722900390625,136.0042266845703,418.0660095214844,389.5452880859375,637.0553588867188,453.34527587890625,472.41265869140625,548.3887329101562,406.9298400878906,328.7337341308594,264.21002197265625,391.0115966796875,361.2402038574219,89.87664794921875,338.6537780761719,790.4854125976562,749.396728515625,63.49277689204803,123.1081812087296,94.35368411900492,36.962726142754775,109.3066607618677,136.98771946868925,-49.25895966030694,-95.46985746749394,-24.10835510314925,-43.06367043778934,-110.11546280641217,-56.489626422858294
1.15,253.3570556640625,1078.137939453125,509.1915588378906,252.69552612304688,883.7467651367188,412.2988586425781,258.01568603515625,862.494384765625,210.7721405029297,240.69046020507812,777.5416259765625,52.0004768371582,505.74346923828125,1087.97119140625,535.7371826171875,464.11065673828125,983.4376220703125,398.1207275390625,452.6687927246094,1110.437255859375,201.47996520996094,477.6221008300781,1199.4776611328125,41.60362243652344,166.28492736816406,427.6158752441406,620.1475830078125,145.14532470703125,519.8707275390625,541.2672119140625,178.07386779785156,360.4092712402344,303.29058837890625,200.0166778564453,433.9150695800781,135.5109405517578,417.85595703125,396.2965393066406,637.1237182617188,453.33154296875,479.11053466796875,548.4613647460938,406.9505920410156,331.6996154785156,265.0519104003906,391.0342102050781,361.84967041015625,90.1771469116211,340.1271667480469,798.3685913085938,748.8240356445312,63.50641280150478,122.51357116032426,92.8432776566251,37.22033291121596,109.92343629590658,136.41177195507709,-49.46867044510995,-96.70639986351338,-23.579063839395076,-43.046632048692544,-109.47288903144022,-56.644093791796905
1.155,254.22412109375,1084.9344482421875,508.4209289550781,253.2196502685547,890.7167358398438,411.4511413574219,258.635986328125,871.9576416015625,209.3376922607422,241.1064910888672,781.412841796875,54.835880279541016,506.20892333984375,1094.78466796875,534.9547729492188,465.4190673828125,989.3189086914062,397.6265563964844,452.91387939453125,1112.3175048828125,200.6982421875,478.01239013671875,1200.236328125,40.96265411376953,165.92724609375,435.9955749511719,620.4669799804688,145.57473754882812,528.8181762695312,541.7330322265625,178.97357177734375,376.7598876953125,300.97503662109375,202.04930114746094,454.6431579589844,134.75689697265625,417.6768493652344,403.09381103515625,637.134033203125,453.2868957519531,485.859375,548.4580078125,406.98297119140625,334.7060852050781,265.8538818359375,391.061767578125,362.4289855957031,90.45988464355469,341.5314025878906,806.1785278320312,748.2647705078125,63.46777930338902,121.83491790683303,91.26069874426844,37.52365612411407,110.48803628759924,135.8641041254392,-49.694737918651185,-98.02951447980847,-23.228839528832054,-43.02550578065055,-108.83400541724569,-56.82659479937384
1.16,255.10598754882812,1091.8160400390625,507.71697998046875,253.72308349609375,897.9320068359375,410.5188293457031,259.2904968261719,882.15234375,207.83758544921875,241.52784729003906,785.926513671875,57.86212921142578,506.66357421875,1101.47998046875,534.169677734375,466.709228515625,994.9746704101562,397.2048645019531,453.1603088378906,1114.017333984375,200.09347534179688,478.3256530761719,1200.6580810546875,40.38785171508789,165.5880126953125,444.3229675292969,620.7904663085938,146.06246948242188,537.7579956054688,542.2171020507812,179.9116668701172,393.355712890625,298.3836364746094,204.07562255859375,475.23480224609375,133.7440643310547,417.52667236328125,409.9289855957031,637.0894775390625,453.21319580078125,492.6474914550781,548.379638671875,407.03106689453125,337.7535400390625,266.6117248535156,391.0954284667969,362.9728088378906,90.72358703613281,342.8675842285156,813.912353515625,747.7214965820312,63.374427520124215,121.07733127842732,89.61243859439628,37.86902004829432,111.00169067174329,135.34728421184934,-49.93813802685659,-99.42713062081677,-23.04676528927928,-42.99835651273841,-108.20309102928647,-57.04513947152654
1.165,256.00152587890625,1098.7874755859375,507.0793762207031,254.2093048095703,905.4038696289062,409.4960021972656,259.9833068847656,893.0757446289062,206.2893524169922,241.95111083984375,791.1253662109375,61.05906295776367,507.1121520996094,1108.051513671875,533.3964233398438,467.9729309082031,1000.4141845703125,396.8682861328125,453.4093017578125,1115.5684814453125,199.65792846679688,478.5691833496094,1200.79736328125,39.878719329833984,165.26927185058594,452.5943298339844,621.106689453125,146.60858154296875,546.68359375,542.7120971679688,180.8923797607422,410.1529235839844,295.54425048828125,206.0901641845703,495.64105224609375,132.4776611328125,417.4025573730469,416.7932434082031,636.993408203125,453.1129455566406,499.4623718261719,548.2276000976562,407.0986022949219,340.8419189453125,267.3214111328125,391.1361389160156,363.4762268066406,90.96717071533203,344.13720703125,821.5679931640625,747.1972045898438,63.22401472390763,120.24774589712564,87.90775332395685,38.25186968606084,111.46678798200031,134.8612826422176,-50.19914705885347,-100.88545353321496,-23.020401634100097,-42.96326889652701,-107.5844385625222,-57.30748652790126
1.17,256.9095458984375,1105.853515625,506.5077209472656,254.68182373046875,913.1427612304688,408.3777770996094,260.7189636230469,904.7166137695312,204.71385192871094,242.37339782714844,797.0482177734375,64.40178680419922,507.5592956542969,1114.4947509765625,532.650146484375,469.20379638671875,1005.6503295898438,396.6275939941406,453.66229248046875,1117.00244140625,199.3821563720703,478.7505798339844,1200.7054443359375,39.433773040771484,164.9729766845703,460.8069763183594,621.4033813476562,147.2126922607422,555.587890625,543.2090454101562,181.91908264160156,427.10186767578125,292.48779296875,208.087646484375,515.810546875,130.9661102294922,417.3011169433594,423.6775817871094,636.8489990234375,452.98907470703125,506.2908935546875,548.0036010742188,407.1889343261719,343.9708557128906,267.9792175292969,391.1844787597656,363.9349060058594,91.18975830078125,345.34197998046875,829.1441040039062,746.6950073242188,63.014421273111964,119.35471458682105,86.15889408955888,38.66658297801723,111.8871334111285,134.40307834634166,-50.47733936554749,-102.38908094418184,-23.13588635669649,-42.918361138985745,-106.98231572964013,-57.621090431650046
1.175,257.828857421875,1113.0185546875,506.0017395019531,255.14398193359375,921.1578369140625,407.1607666015625,261.5021667480469,917.0556640625,203.1351318359375,242.79263305664062,803.7291870117188,67.86088562011719,508.0094909667969,1120.806884765625,531.9459838867188,470.3974304199219,1010.698974609375,396.4915771484375,453.92095947265625,1118.3494873046875,199.25518798828125,478.8774108886719,1200.4293212890625,39.050655364990234,164.70101928710938,468.9591064453125,621.6682739257812,147.87396240234375,564.4634399414062,543.6978759765625,182.99420166015625,444.1470642089844,289.2475280761719,210.06309509277344,535.6895141601562,129.22109985351562,417.2184143066406,430.5727233886719,636.6596069335938,452.8452453613281,513.11962890625,547.7099609375,407.30487060546875,347.1399841308594,268.5815734863281,391.2408752441406,364.3452453613281,91.3907241821289,346.48370361328125,836.639892578125,746.21826171875,62.74381413313918,118.40802900315532,84.38107454341684,39.106902857971704,112.26763325106748,133.96733076849176,-50.771562257951814,-103.92139873539865,-23.37830178267859,-42.861882939766446,-106.40089837889835,-57.99297219908975
1.18,258.7583312988281,1120.28662109375,505.5611572265625,255.59889221191406,929.4567260742188,405.8432922363281,262.33770751953125,930.0655517578125,201.5800018310547,243.20785522460938,811.197265625,71.40284729003906,508.4667663574219,1126.9869384765625,531.2987060546875,471.55120849609375,1015.5784912109375,396.4670104980469,454.18682861328125,1119.6380615234375,199.26507568359375,478.9571533203125,1200.0118408203125,38.72627639770508,164.455078125,477.050048828125,621.8888549804688,148.591064453125,573.3026123046875,544.1676025390625,184.1190948486328,461.2272644042969,285.85870361328125,212.01162719726562,555.221923828125,127.257568359375,417.1500244140625,437.4694519042969,636.4284057617188,452.6854553222656,519.9349975585938,547.3491821289062,407.4488220214844,350.348876953125,269.1253967285156,391.3055725097656,364.70465087890625,91.56977844238281,347.5641784667969,844.0550537109375,745.7708129882812,62.41075192215743,117.41847319822222,82.59222847241438,39.566169294847356,112.61410410007807,133.54691082979605,-51.08009549066935,-105.46479416993817,-23.731677550910945,-42.79213172186783,-105.84425089535469,-58.4296805491326
1.185,259.6969299316406,1127.66162109375,505.1859130859375,256.0493469238281,938.0451049804688,404.42578125,263.23028564453125,943.7118530273438,200.0775909423828,243.6194610595703,819.475341796875,74.99053192138672,508.93475341796875,1133.0357666015625,530.7222900390625,472.6642761230469,1020.30908203125,396.5584716796875,454.46136474609375,1120.89453125,199.3990936279297,478.99700927734375,1199.4910888671875,38.45695495605469,164.23675537109375,485.080078125,622.0531616210938,149.36219787597656,582.09765625,544.6065063476562,185.29400634765625,478.2755432128906,282.35784912109375,213.92852783203125,574.3499145507812,125.093505859375,417.09124755859375,444.3587951660156,636.1586303710938,452.5142822265625,526.7237548828125,546.9244995117188,407.62261962890625,353.59759521484375,269.6078796386719,391.37860107421875,365.01165771484375,91.72698974609375,348.58502197265625,851.3895263671875,745.3566284179688,62.01431458496168,116.39723210861689,80.81254177277674,40.03753900559633,112.93300043956191,133.133242115082,-51.400526577730545,-107.0012631207606,-24.1795583026568,-42.70765398136572,-105.31620034746649,-58.937088125011684
1.19,260.643798828125,1135.146728515625,504.8759765625,256.4977111816406,946.9261474609375,402.9109191894531,264.1842346191406,957.9535522460938,198.65875244140625,244.02947998046875,828.5798950195312,78.5838851928711,509.41644287109375,1138.9561767578125,530.2293090820312,473.7374267578125,1024.9122314453125,396.7685852050781,454.7457580566406,1122.142333984375,199.6441192626953,479.0037536621094,1198.9007568359375,38.23857116699219,164.04739379882812,493.05047607421875,622.14990234375,150.18495178222656,590.8408203125,545.0027465820312,186.5179901123047,495.21978759765625,278.7822265625,215.80906677246094,593.0140380859375,122.7498550415039,417.0372009277344,451.23223876953125,635.8535766601562,452.3367004394531,533.4732666015625,546.439453125,407.8276672363281,356.8865966796875,270.0267028808594,391.4599914550781,365.2663269042969,91.86286926269531,349.547607421875,858.6435546875,744.979736328125,61.554190099994,115.35545865302822,79.06388281651584,40.514324668647504,113.2312160556611,132.7171159573399,-51.72996397729483,-108.51277295439351,-24.70512639113528,-42.607126081925,-104.82034252710658,-59.520360130203386
1.195,261.5982666015625,1142.744384765625,504.6314392089844,256.9460754394531,956.1004028320312,401.3039245605469,265.2033386230469,972.744140625,197.35525512695312,244.4417724609375,838.5208740234375,82.14073944091797,509.9142150878906,1144.7528076171875,529.8306274414062,474.77264404296875,1029.4100341796875,397.09783935546875,455.040771484375,1123.4019775390625,199.9869384765625,478.98358154296875,1198.26953125,38.066688537597656,163.88812255859375,500.9635925292969,622.1685791015625,151.05642700195312,599.5247192382812,545.3443603515625,187.788818359375,511.9834289550781,275.1691589355469,217.64857482910156,611.1539306640625,120.25016784667969,416.98284912109375,458.0818786621094,635.5164794921875,452.1579895019531,540.1717529296875,545.898193359375,408.0647888183594,360.217041015625,270.380126953125,391.54974365234375,365.4704284667969,91.97836303710938,350.4529724121094,865.8173217773438,744.6444702148438,61.03075590753568,114.30381825439486,77.36905657392515,40.990144354567946,113.51580766697555,132.2888839742859,-52.06509622840838,-109.9817110156756,-25.291508702837803,-42.4895185585728,-104.35990737399925,-60.183690392145635
1.2,262.55987548828125,1150.456787109375,504.45245361328125,257.3959655761719,965.5654296875,399.61273193359375,266.2907409667969,988.0328369140625,196.19906616210938,244.86212158203125,849.30126953125,85.61766815185547,510.4297790527344,1150.4317626953125,529.5349731445312,475.7729797363281,1033.8240966796875,397.5448913574219,455.3468322753906,1124.6903076171875,200.41441345214844,478.9422302246094,1197.622314453125,37.93670654296875,163.75978088378906,508.8226013183594,622.100341796875,151.97311401367188,608.1422119140625,545.6198120117188,189.10304260253906,528.486328125,271.5554504394531,219.44229125976562,628.7094116210938,117.62029266357422,416.9233093261719,464.90069580078125,635.1506958007812,451.9837341308594,546.80859375,545.305419921875,408.3343200683594,363.5909423828125,270.66717529296875,391.6479187011719,365.62774658203125,92.07493591308594,351.3016357421875,872.9112548828125,744.3547973632812,60.44528085395041,113.25184468717566,75.75139780316294,41.45923877701094,113.79368189435502,131.8396254938616,-52.4021246589119,-111.39154705746267,-25.922342195269295,-42.35402321820473,-103.93778866498155,-60.93034833627942
1.205,263.5284423828125,1158.285400390625,504.3392028808594,257.8487548828125,975.315673828125,397.8479919433594,267.4486389160156,1003.7652587890625,195.2213897705078,245.2983856201172,860.9173583984375,88.97100830078125,510.9642028808594,1156.001220703125,529.3486938476562,476.74212646484375,1038.1754150390625,398.1065368652344,455.6639404296875,1126.02099609375,200.91380310058594,478.88470458984375,1196.97900390625,37.843971252441406,163.66287231445312,516.631591796875,621.9376831054688,152.93092346191406,616.6867065429688,545.818115234375,190.45591735839844,544.6458129882812,267.976806640625,221.18540954589844,645.6210327148438,114.8879623413086,416.8538818359375,471.6825256347656,634.759765625,451.8195495605469,553.374755859375,544.66650390625,408.6360778808594,367.0112609863281,270.88751220703125,391.7547607421875,365.7442626953125,92.15457153320312,352.09368896484375,879.9258422851562,744.1148681640625,59.79993283957603,112.20775563719292,74.23407700826522,41.91667241671655,114.07127229339841,131.3611263399335,-52.73697979227261,-112.72702670203125,-26.581771996493615,-42.20022650344569,-103.55634943166268,-61.76227323562949
1.21,264.5039978027344,1166.2308349609375,504.2919006347656,258.305419921875,985.3421630859375,396.0229797363281,268.67822265625,1019.885009765625,194.45184326171875,245.76034545898438,873.3588256835938,92.15782928466797,511.5177917480469,1161.469970703125,529.2753295898438,477.6841735839844,1042.4835205078125,398.77789306640625,455.9916076660156,1127.4044189453125,201.47288513183594,478.8154296875,1196.356201171875,37.783870697021484,163.59751892089844,524.3953247070312,621.675048828125,153.9252471923828,625.1522216796875,545.929443359375,191.8414306640625,560.3783569335938,264.4671325683594,222.87306213378906,661.831298828125,112.08228302001953,416.77020263671875,478.42236328125,634.3473510742188,451.67120361328125,559.8629760742188,543.9872436523438,408.969482421875,370.48193359375,271.0418395996094,391.8706970214844,365.8286437988281,92.21983337402344,352.82861328125,886.861572265625,743.9282836914062,59.097834880763685,111.17795686099367,72.83984516302485,42.35829222715506,114.35446214591957,130.8464305492182,-53.065400679153385,-113.97457844547344,-27.254775625336237,-42.02800448345559,-103.21744978404169,-62.68005441456883
1.215,265.48687744140625,1174.2930908203125,504.3106689453125,258.7668762207031,995.6324462890625,394.1536560058594,269.9796447753906,1036.33447265625,193.91751098632812,246.25958251953125,886.6092529296875,95.13697052001953,512.09033203125,1166.8482666015625,529.3157958984375,478.60321044921875,1046.7657470703125,399.5526428222656,456.3289794921875,1128.8475341796875,202.08010864257812,478.73828125,1195.766357421875,37.751922607421875,163.56346130371094,532.119140625,621.3090209960938,154.950927734375,633.5333251953125,545.9450073242188,193.2523956298828,575.60107421875,261.05816650390625,224.50035095214844,677.285888671875,109.23322296142578,416.6683044433594,485.1164855957031,633.9173583984375,451.5442810058594,566.2680053710938,543.2743530273438,409.3334045410156,374.0080871582031,271.1318664550781,391.9963684082031,365.8922424316406,92.27381896972656,353.50543212890625,893.7189331054688,743.7981567382812,58.34321077503597,110.16681249062572,71.59105114655506,42.78110174442287,114.64810893661502,130.29045768671818,-53.38281926244218,-115.12271033866317,-27.92767783961932,-41.83767718857476,-102.92234573713702,-63.682733925178724
1.22,266.4775390625,1182.471435546875,504.3955078125,259.2339782714844,1006.1708984375,392.2582092285156,271.3518371582031,1053.0560302734375,193.6421661376953,246.809326171875,900.6467895507812,97.8699951171875,512.680908203125,1172.14697265625,529.4678955078125,479.5030822753906,1051.037353515625,400.4231262207031,456.6748962402344,1130.3546142578125,202.7247314453125,478.6564025878906,1195.2188720703125,37.743831634521484,163.56004333496094,539.8087768554688,620.8383178710938,156.0023193359375,641.8253784179688,545.8577270507812,194.6805419921875,590.2335815429688,257.7789611816406,226.06236267089844,691.9346923828125,106.37100219726562,416.54486083984375,491.7624206542969,633.4738159179688,451.4442443847656,572.5867919921875,542.5349731445312,409.72637939453125,377.5957336425781,271.1604919433594,392.1328430175781,365.9495849609375,92.32022094726562,354.1225280761719,900.498779296875,743.72705078125,57.541289463624736,109.17666470462808,70.50939491618789,43.183129167475414,114.95604844193281,129.68995835345913,-53.684701139641334,-116.16188019498544,-28.58782097278089,-41.62996480867383,-102.67160698500146,-64.76750506932518
1.225,267.4766845703125,1190.764404296875,504.5464172363281,259.7076721191406,1016.9384155273438,390.35693359375,272.7926940917969,1069.99267578125,193.64540100097656,247.42396545410156,915.4445190429688,100.32215118408203,513.2882080078125,1177.37744140625,529.7268676757812,480.38726806640625,1055.31103515625,401.3806457519531,457.02783203125,1131.9267578125,203.39686584472656,478.5724792480469,1194.72021484375,37.75555419921875,163.58619689941406,547.4700927734375,620.2640991210938,157.07330322265625,650.0245361328125,545.662109375,196.11659240722656,604.1998901367188,254.65548706054688,227.55429077148438,705.73291015625,103.52552795410156,416.39727783203125,498.3591003417969,633.021240234375,451.3761901855469,578.8187866210938,541.7769775390625,410.14642333984375,381.2519836425781,271.1319274902344,392.281494140625,366.0183410644531,92.36326599121094,354.6778259277344,907.201904296875,743.716796875,56.69835344452849,108.2077785213462,69.61607576122691,43.56344491162412,115.28112445463546,129.04368631063528,-53.96643702537676,-117.08471364292397,-29.224048561255017,-41.40602278473821,-102.4650970348442,-65.92972615765599
1.23,268.4850769042969,1199.169677734375,504.7630920410156,260.18914794921875,1027.9129638671875,388.4716491699219,274.2989501953125,1087.0889892578125,193.94210815429688,248.11875915527344,930.9716186523438,102.46309661865234,513.9104614257812,1182.5511474609375,530.0850830078125,481.25848388671875,1059.596435546875,402.4154968261719,457.3860168457031,1133.5633544921875,204.0875701904297,478.4886474609375,1194.2744140625,37.78330993652344,163.6404571533203,555.1089477539062,619.5897827148438,158.15740966796875,658.1275634765625,545.3546752929688,197.5504913330078,617.430419921875,251.71034240722656,228.97149658203125,718.6425170898438,100.72575378417969,416.2236328125,504.9068908691406,632.5643310546875,451.34478759765625,584.9659423828125,541.0088500976562,410.59130859375,384.98486328125,271.0517883300781,392.4441833496094,366.1196594238281,92.40772247314453,355.16876220703125,913.82958984375,743.7681274414062,55.82163278576189,107.25856877476258,68.93179099402892,43.9222492132273,115.62461878070417,128.35275411807368,-54.2235177943204,-117.88593442093389,-29.82660357558194,-41.16749123387811,-102.3018875940495,-67.162613638914
1.235,269.5036315917969,1207.6842041015625,505.0451354980469,260.6800231933594,1039.0697021484375,386.6253356933594,275.8664245605469,1104.29150390625,194.5418243408203,248.9093017578125,947.1939697265625,104.26766204833984,514.5453491210938,1187.67919921875,530.5325927734375,482.1187744140625,1063.901123046875,403.5174255371094,457.74761962890625,1135.2613525390625,204.78890991210938,478.4065856933594,1193.883056640625,37.82362365722656,163.72105407714844,562.7308349609375,618.8214721679688,159.24786376953125,666.1319580078125,544.9338989257812,198.97154235839844,629.8639526367188,248.962646484375,230.3096160888672,730.6331176757812,97.99911499023438,416.0228576660156,511.4075622558594,632.1079711914062,451.3541564941406,591.0326538085938,540.2395629882812,411.0583190917969,388.8031311035156,270.9271240234375,392.6231994628906,366.27813720703125,92.4588394165039,355.5923767089844,920.3833618164062,743.8809814453125,54.91921458926305,106.3259081046242,68.4766045580501,44.26050098293223,115.98709794807343,127.61963598265402,-54.45145274039217,-118.56241134927727,-30.38758394731863,-40.916450454477854,-102.18028119990278,-68.45725990822199
1.24,270.5331726074219,1216.3043212890625,505.3919982910156,261.1823425292969,1050.3812255859375,384.8414611816406,277.4901428222656,1121.54931640625,195.448486328125,249.8109893798828,964.0750732421875,105.71630096435547,515.1904907226562,1192.7724609375,531.0572509765625,482.96929931640625,1068.2298583984375,404.6756591796875,458.110595703125,1137.0166015625,205.49388122558594,478.32757568359375,1193.546142578125,37.87330627441406,163.82594299316406,570.3405151367188,617.9673461914062,160.33766174316406,674.0358276367188,544.400390625,200.36871337890625,641.4493408203125,246.42779541015625,231.5647430419922,741.6829833984375,95.3709716796875,415.7948303222656,517.8642578125,631.6572265625,451.4078674316406,597.0258178710938,539.4786376953125,411.5445251464844,392.7161865234375,270.7666015625,392.82122802734375,366.52191162109375,92.52230834960938,355.9454650878906,926.8653564453125,744.0540771484375,53.999920511114595,105.40539394369563,68.26994024085894,44.580094550487956,116.36772825005232,126.8488920720979,-54.64608859578132,-119.11280760973145,-30.900485754190527,-40.65547902466443,-102.0977296721119,-69.80243503364039
1.245,271.5745544433594,1225.025146484375,505.80291748046875,261.69879150390625,1061.818115234375,383.14349365234375,279.1643371582031,1138.814208984375,196.66012573242188,250.83843994140625,981.5768432617188,106.79550170898438,515.8432006835938,1197.8411865234375,531.645263671875,483.8103942871094,1072.5853271484375,405.87921142578125,458.472900390625,1138.823486328125,206.1964569091797,478.2525329589844,1193.261962890625,37.92945861816406,163.95286560058594,577.9420166015625,617.0380249023438,161.4196319580078,681.8378295898438,543.7571411132812,201.73086547851562,652.1473388671875,244.1175079345703,232.7334442138672,751.7798461914062,92.86412811279297,415.54034423828125,524.2813720703125,631.217529296875,451.5087585449219,602.9548950195312,538.73583984375,412.0467224121094,396.73394775390625,270.580322265625,393.04144287109375,366.8826599121094,92.60420989990234,356.224609375,933.2781982421875,744.2849731445312,53.0730426022557,104.49198530341994,68.32997664581575,44.88354858023655,116.76489246193512,126.04631498029465,-54.8035168018252,-119.53766921365963,-31.360752595940824,-40.38757901483683,-102.050880766269,-71.18468950763932
1.25,272.6283874511719,1233.8411865234375,506.2768859863281,262.2326354980469,1073.349365234375,381.5543518066406,280.8828125,1156.0411376953125,198.16883850097656,252.00498962402344,999.6604614257812,107.49793243408203,516.5006713867188,1202.894775390625,532.2814331054688,484.6415710449219,1076.9683837890625,407.11712646484375,458.8324890136719,1140.6756591796875,206.89157104492188,478.1820068359375,1193.0279541015625,37.989471435546875,164.09945678710938,585.5382080078125,616.0460815429688,162.48654174804688,689.536865234375,543.0092163085938,203.04698181152344,661.9317016601562,242.0398712158203,233.81301879882812,760.92138671875,90.4984359741211,415.2610778808594,530.66455078125,630.7940063476562,451.6589660644531,608.8314819335938,538.021240234375,412.56146240234375,400.86669921875,270.3799743652344,393.2874450683594,367.3953857421875,92.71090698242188,356.4264221191406,939.62548828125,744.570068359375,52.1482547702129,103.58028944637937,68.67350422211524,45.173897791207565,117.17620038864709,125.21885701881331,-54.920145671405976,-119.83929977928463,-31.765837414526857,-40.116260064503024,-102.03552947606988,-72.58825221457258
1.255,273.69512939453125,1242.7464599609375,506.8128356933594,262.7878723144531,1084.9427490234375,380.0957336425781,282.6390075683594,1173.18798828125,199.96092224121094,253.32211303710938,1018.2869873046875,107.82246398925781,517.1600341796875,1207.9420166015625,532.9497680664062,485.46160888671875,1081.378662109375,408.37847900390625,459.1873474121094,1142.5662841796875,207.5750274658203,478.1164245605469,1192.8404541015625,38.05097961425781,164.26336669921875,593.1304321289062,615.0059814453125,163.53121948242188,697.1322631835938,542.1639404296875,204.3065185546875,670.7901611328125,240.19940185546875,234.80148315429688,769.1156005859375,88.29044342041016,414.95965576171875,537.0205688476562,630.3919677734375,451.85986328125,614.6693115234375,537.3449096679688,413.08514404296875,405.124755859375,270.1785888671875,393.56317138671875,368.09832763671875,92.8489990234375,356.5474548339844,945.9113159179688,744.90478515625,51.23537625067473,102.66510965064862,69.31536171840253,45.45447552057698,117.5988119794277,124.37395038391617,-54.992912277520986,-120.02146901907363,-32.11496459700891,-39.845351090533995,-102.04676089663057,-73.99532520215004
1.26,274.7749938964844,1251.7333984375,507.4094543457031,263.369140625,1096.56591796875,378.7875671386719,284.4260559082031,1190.2154541015625,202.01708984375,254.79893493652344,1037.417724609375,107.7740249633789,517.818359375,1212.990478515625,533.6337890625,486.26861572265625,1085.814453125,409.65277099609375,459.5355529785156,1144.4884033203125,208.24349975585938,478.0559387207031,1192.6949462890625,38.11186218261719,164.44229125976562,600.718505859375,613.9335327148438,164.54656982421875,704.6234741210938,541.230712890625,205.49957275390625,678.7251586914062,238.59730529785156,235.69778442382812,776.3807373046875,86.25321960449219,414.6396484375,543.3571166992188,630.016357421875,452.112060546875,620.4837646484375,536.716796875,413.6141052246094,409.5185241699219,269.9904479980469,393.8729248046875,369.03265380859375,93.02519989013672,356.5846252441406,952.1409301757812,745.2833251953125,50.343884678804216,101.74234890214046,70.26712187493627,45.728829097832715,118.02943020528772,123.51939682881539,-55.01932738758259,-120.0894157796193,-32.40941199720203,-39.57904400574142,-102.0789810373736,-75.38622143493413
1.265,275.8678283691406,1260.7943115234375,508.0652160644531,263.98162841796875,1108.1861572265625,377.647705078125,286.2371826171875,1207.0875244140625,204.3128204345703,256.4418029785156,1057.014892578125,107.36331176757812,518.4728393554688,1218.0469970703125,534.3170776367188,487.06011962890625,1090.2738037109375,410.92987060546875,459.8752136230469,1146.4349365234375,208.89443969726562,478.00048828125,1192.586669921875,38.17020797729492,164.63412475585938,608.300537109375,612.8458251953125,165.5257110595703,712.0099487304688,540.220947265625,206.6172332763672,685.7536010742188,237.23159790039062,236.5017547607422,782.7451171875,84.39620971679688,414.3054504394531,549.6824951171875,629.6717529296875,452.4154357910156,626.2916259765625,536.1464233398438,414.1446533203125,414.0582275390625,269.8309631347656,394.2212219238281,370.2420349121094,93.24626159667969,356.5351257324219,958.3203735351562,745.6989135742188,49.48310743306729,100.80868912747042,71.53757562701088,46.00044818045501,118.46486291003339,122.66273548912216,-54.997491809715086,-120.04976297810444,-32.652477106774455,-39.32183418716366,-102.12595494299467,-76.7395498595797
1.27,276.9730224609375,1269.9202880859375,508.778564453125,264.6309814453125,1119.771728515625,376.6913757324219,288.0655517578125,1223.77099609375,206.8189239501953,258.25396728515625,1077.041259765625,106.60633850097656,519.1206665039062,1223.117919921875,534.9837036132812,487.83331298828125,1094.7545166015625,412.2001037597656,460.20452880859375,1148.39892578125,209.52598571777344,477.9499816894531,1192.5106201171875,38.22427749633789,164.83709716796875,615.8726806640625,611.7608032226562,166.46206665039062,719.2910766601562,539.147705078125,207.65167236328125,691.90673828125,236.097412109375,237.21421813964844,788.24658203125,82.7252426147461,413.9623107910156,556.0059204101562,629.3621215820312,452.7691955566406,632.1107788085938,535.6428833007812,414.6731262207031,418.7539367675781,269.71630859375,394.6126708984375,371.77227783203125,93.51887512207031,356.39666748046875,964.4567260742188,746.1441040039062,48.661588426285135,99.86262084660984,73.1310252956194,46.27274703147842,118.90199409789682,121.81118996686848,-54.92617804145689,-119.91046343001531,-32.84953822697645,-39.07838055174918,-102.18102954123438,-78.03275363857642
1.275,278.08966064453125,1279.1015625,509.5476379394531,265.32318115234375,1131.2918701171875,375.930908203125,289.904541015625,1240.2352294921875,209.50201416015625,260.2352294921875,1097.4608154296875,105.52387237548828,519.7593994140625,1228.2083740234375,535.6185302734375,488.58502197265625,1099.2547607421875,413.4543762207031,460.5218200683594,1150.373779296875,210.136962890625,477.9041748046875,1192.46142578125,38.27250289916992,165.04974365234375,623.4293212890625,610.69677734375,167.34938049316406,726.4661254882812,538.02587890625,208.5963592529297,697.22900390625,235.1873321533203,237.8369598388672,792.9313354492188,81.24264526367188,413.6162109375,562.3367919921875,629.0908813476562,453.1718444824219,637.9595947265625,535.2142944335938,415.1961975097656,423.61529541015625,269.6632080078125,395.0520324707031,373.67071533203125,93.84957122802734,356.1676025390625,970.5580444335938,746.6107788085938,47.88710801029538,98.9043735682709,75.04741503945047,46.54872598994956,119.33822905084196,120.97077598821045,-54.80503940412234,-119.68051054828194,-33.00761818643252,-38.853373085267606,-102.23727356527395,-79.24252015442286
1.28,279.2162780761719,1288.327880859375,510.3705749511719,266.0643005371094,1142.7177734375,375.3755187988281,291.7477722167969,1256.45263671875,212.3251953125,262.3819580078125,1118.2381591796875,104.14086151123047,520.3865356445312,1233.3231201171875,536.2077026367188,489.3120422363281,1103.77294921875,414.6841125488281,460.82537841796875,1152.3533935546875,210.7267303466797,477.86279296875,1192.4337158203125,38.31344985961914,165.27110290527344,630.9629516601562,609.6720581054688,168.18190002441406,733.5341796875,536.8713989257812,209.44622802734375,701.7767333984375,234.49163818359375,238.37271118164062,796.8531494140625,79.94741821289062,413.27374267578125,568.6849365234375,628.8603515625,453.621337890625,643.856689453125,534.8677978515625,415.7106628417969,428.6517028808594,269.6885070800781,395.5439147949219,375.98565673828125,94.24462127685547,355.8470153808594,976.6334228515625,747.0902709960938,47.16641689357036,97.93609291513388,77.28160348246502,46.831066005834714,119.7713419113984,120.1466391751062,-54.634501342281496,-119.36998670428711,-33.13543761498738,-38.65152222594054,-102.28758583332824,-80.34515866640693
1.285,280.35101318359375,1297.588134765625,511.2452087402344,266.86029052734375,1154.0230712890625,375.03118896484375,293.58905029296875,1272.3980712890625,215.24871826171875,264.6868896484375,1139.338134765625,102.48567962646484,520.9998779296875,1238.466552734375,536.73876953125,490.01104736328125,1108.3087158203125,415.8812255859375,461.1136474609375,1154.33203125,211.29515075683594,477.825439453125,1192.422119140625,38.34581756591797,165.50071716308594,638.4644775390625,608.7044067382812,168.954345703125,740.4939575195312,535.7014770507812,210.19764709472656,705.616455078125,233.9987030029297,238.82505798339844,800.0719604492188,78.8355484008789,412.9421691894531,575.0601806640625,628.6721801757812,454.1151428222656,649.8203125,534.6091918945312,416.2138366699219,433.8722229003906,269.80877685546875,396.0927429199219,378.7657165527344,94.70995330810547,355.4347839355469,982.6926879882812,747.57373046875,46.50506926150558,96.96199716298975,79.82303054218733,47.12187756070648,120.2000184511071,119.34230680425975,-54.4159689708178,-118.98978416657823,-33.242867819211995,-38.47725502888062,-102.3250656664672,-81.31746485881646
1.29,281.4914855957031,1306.87060546875,512.1693725585938,267.716796875,1165.183837890625,374.9006042480469,295.4225158691406,1288.0494384765625,218.2307586669922,267.13922119140625,1160.7255859375,100.58940124511719,521.5974731445312,1243.6424560546875,537.200927734375,490.6788635253906,1112.862060546875,417.0380859375,461.3850402832031,1156.3043212890625,211.84246826171875,477.791748046875,1192.42138671875,38.36842346191406,165.73866271972656,645.9232788085938,607.81103515625,169.66209411621094,747.3442993164062,534.53369140625,210.8485870361328,708.82275390625,233.69532775878906,239.19837951660156,802.652099609375,77.90034484863281,412.629150390625,581.472412109375,628.5267333984375,454.6502990722656,655.8681030273438,534.4428100585938,416.7035217285156,439.28564453125,270.0400085449219,396.70257568359375,382.05902099609375,95.25106811523438,354.9317626953125,988.7466430664062,748.0524291992188,45.907354463452776,95.98794656365959,82.6559131308918,47.42277256799969,120.62356386532366,118.56010275259297,-54.15164509841702,-118.55149122890975,-33.340902441625815,-38.334745832876166,-102.34303589610468,-82.13695124851779
1.295,282.63494873046875,1316.16357421875,513.1406860351562,268.63873291015625,1176.1796875,374.983154296875,297.2425842285156,1303.38671875,221.22808837890625,269.7248229980469,1182.36474609375,98.48503875732422,522.177490234375,1248.8544921875,537.5852661132812,491.3125305175781,1117.4342041015625,418.1474609375,461.6380310058594,1158.2657470703125,212.36929321289062,477.76129150390625,1192.42626953125,38.38019943237305,165.98561096191406,653.32763671875,607.0076904296875,170.30120849609375,754.0836791992188,533.3862915039062,211.39849853515625,711.4758911132812,233.567138671875,239.4976806640625,804.6611328125,77.1328353881836,412.3427429199219,587.9312744140625,628.4232788085938,455.2235412597656,662.0165405273438,534.3713989257812,417.1781311035156,444.90057373046875,270.3969421386719,397.37701416015625,385.91253662109375,95.87293243408203,354.33966064453125,994.806640625,748.5177001953125,45.37621483693388,95.02162184980756,85.75911701157054,47.73471054962809,121.04215056088623,117.80055686466324,-53.84478645444982,-118.06697607914857,-33.440655113918694,-38.22772992290032,-102.33536483207753,-82.78257049933728
1.3,283.77813720703125,1325.4544677734375,514.1566162109375,269.6302795410156,1186.9935302734375,375.2751159667969,299.0439453125,1318.39306640625,224.19683837890625,272.42645263671875,1204.21875,96.20675659179688,522.7385864257812,1254.1060791015625,537.8848266601562,491.9093322753906,1122.0272216796875,419.2023620605469,461.87115478515625,1160.212158203125,212.87646484375,477.733642578125,1192.431640625,38.38022994995117,166.2427978515625,660.6650390625,606.3087158203125,170.8684844970703,760.710693359375,532.2772216796875,211.8483428955078,713.659423828125,233.59902954101562,239.72854614257812,806.1679077148438,76.52225494384766,412.0912170410156,594.4461669921875,628.3600463867188,455.8314208984375,668.280517578125,534.3958740234375,417.6368408203125,450.72552490234375,270.89288330078125,398.1190490722656,390.37115478515625,96.57996368408203,353.6612243652344,1000.8845825195312,748.96142578125,44.91311660780815,94.0719401668008,89.10642888682264,48.05799876796621,121.45685072415915,117.06257900742321,-53.4994063280151,-117.5482653012338,-33.55341065517234,-38.1592465764692,-102.29677778153106,-83.23550888402728
1.305,284.91754150390625,1334.73095703125,515.2144775390625,270.6944274902344,1197.6123046875,375.7697448730469,300.8213806152344,1333.0535888671875,227.0933074951172,275.22406005859375,1226.2484130859375,93.78913116455078,523.2793579101562,1259.400634765625,538.0945434570312,492.46697998046875,1126.64404296875,420.1961364746094,462.0829162597656,1162.1400146484375,213.36497497558594,477.7083435058594,1192.4327392578125,38.367740631103516,166.51197814941406,667.922607421875,605.7266235351562,171.36160278320312,767.2240600585938,531.2241821289062,212.2004852294922,715.4576416015625,233.77545166015625,239.8968963623047,807.2412719726562,76.05644989013672,411.88299560546875,601.0262451171875,628.3341674804688,456.4703063964844,674.67333984375,534.5152587890625,418.07958984375,456.76910400390625,271.5389404296875,398.9308776855469,395.47698974609375,97.37590789794922,352.9001770019531,1006.9927978515625,749.3759765625,44.518116099047546,93.14898474005713,92.66693446077966,48.39237703487146,121.86949538160695,116.34368962389749,-53.12037255017353,-117.0070515325062,-33.68966961923377,-38.131630810264426,-102.22295768953217,-83.47951010198292
1.31,286.04925537109375,1343.98095703125,516.3114013671875,271.8328857421875,1208.0267333984375,376.4573974609375,302.56982421875,1347.356689453125,229.87461853027344,278.0953369140625,1248.412353515625,91.26641082763672,523.798828125,1264.7412109375,538.2112426757812,492.9835510253906,1131.288330078125,421.122314453125,462.27197265625,1164.0465087890625,213.8359832763672,477.6848449707031,1192.4248046875,38.3421516418457,166.79547119140625,675.0875854492188,605.2716064453125,171.77915954589844,773.622802734375,530.2439575195312,212.45864868164062,716.9533081054688,234.08090209960938,240.00892639160156,807.9483032226562,75.72235107421875,411.7264099121094,607.6798706054688,628.3418579101562,457.1366882324219,681.2061157226562,534.7267456054688,418.50726318359375,463.0400390625,272.3438720703125,399.8138732910156,401.2685546875,98.2638168334961,352.0611572265625,1013.1437377929688,749.7546997070312,44.189922418044716,92.26320291499525,96.40588600823173,48.736923574538054,122.28269436378037,115.63975254863959,-52.71327453015944,-116.45436635777064,-33.85882597827717,-38.14644534441075,-102.11071366627715,-83.50125715413222
1.315,287.1692199707031,1353.1923828125,517.4444580078125,273.0457763671875,1218.2314453125,377.3259582519531,304.28436279296875,1361.2928466796875,232.49952697753906,281.01605224609375,1270.6658935546875,88.67180633544922,524.2963256835938,1270.131103515625,538.2337036132812,493.4576110839844,1135.964111328125,421.97467041015625,462.4370422363281,1165.9296875,214.29061889648438,477.6626281738281,1192.4029541015625,38.30311584472656,167.095947265625,682.1476440429688,604.9517822265625,172.12071228027344,779.9063720703125,529.3523559570312,212.6278076171875,718.2252197265625,234.50027465820312,240.0709228515625,808.3535766601562,75.50641632080078,411.62969970703125,614.415283203125,628.3784790039062,457.8269958496094,687.887939453125,535.0256958007812,418.9215393066406,469.5474853515625,273.3135070800781,400.7684326171875,407.78009033203125,99.2459487915039,351.1496887207031,1019.3497314453125,750.0916748046875,43.92586689578951,91.42540705837132,100.28511518511772,49.0902571972089,122.69951421414078,114.94543227721954,-52.28426451846465,-115.90021832266493,-34.068487928352596,-38.2042675987106,-101.9582677802789,-83.29108991087776
1.32,288.2731018066406,1362.35400390625,518.6104125976562,274.3316650390625,1228.2252197265625,378.3608093261719,305.95989990234375,1374.8551025390625,234.92910766601562,283.96063232421875,1292.960693359375,86.03691864013672,524.7711791992188,1275.5731201171875,538.1622314453125,493.88818359375,1140.676025390625,422.7471618652344,462.5769958496094,1167.788330078125,214.72996520996094,477.64105224609375,1192.3631591796875,38.25058364868164,167.41647338867188,689.0916137695312,604.772705078125,172.3868865966797,786.0750122070312,528.5635375976562,212.71400451660156,719.3465576171875,235.01914978027344,240.08920288085938,808.5175170898438,75.39505004882812,411.6006774902344,621.2398071289062,628.4387817382812,458.5379333496094,694.7255249023438,535.4058227539062,419.3251953125,476.30096435546875,274.45050048828125,401.7938232421875,415.0407409667969,100.3237533569336,350.17205810546875,1025.6229248046875,750.38232421875,43.72206062739747,90.64622918786137,104.26394302990946,49.45041115194971,123.12369860314084,114.25419678877063,-51.83987839838733,-115.35329039486608,-34.324335694612216,-38.304822036568055,-101.7652060875375,-82.84296869050033
1.325,289.3565979003906,1371.4552001953125,519.8057861328125,275.6872863769531,1238.0103759765625,379.5452880859375,307.5914001464844,1388.038818359375,237.12741088867188,286.90277099609375,1315.24462890625,83.39112091064453,525.2230224609375,1281.0701904296875,537.9988403320312,494.27484130859375,1145.4287109375,423.43408203125,462.69085693359375,1169.622314453125,215.155029296875,477.6195068359375,1192.301025390625,38.18484878540039,167.7603302001953,695.9097900390625,604.7373657226562,172.57933044433594,792.1298217773438,527.8899536132812,212.72430419921875,720.3832397460938,235.62413024902344,240.0698699951172,808.4959106445312,75.37489318847656,411.6467590332031,628.1602783203125,628.5172119140625,459.26629638671875,701.7232666015625,535.8593139648438,419.7218017578125,483.310546875,275.7539978027344,402.88824462890625,423.0741271972656,101.49779510498047,349.13525390625,1031.974853515625,750.6228637695312,43.573543782901794,89.9357386449791,108.3002330094007,49.81507940028365,123.55916202839728,113.55856371092045,-51.38692029271229,-114.82062134755712,-34.62960824797776,-38.44677510905322,-101.53274963934896,-82.15508219800894
1.33,290.41534423828125,1380.4859619140625,521.0269165039062,277.1076354980469,1247.593017578125,380.86083984375,309.173583984375,1400.84130859375,239.06222534179688,289.8158874511719,1337.4610595703125,80.7611312866211,525.6517944335938,1286.6251220703125,537.746826171875,494.6175537109375,1150.2269287109375,424.0302429199219,462.7779846191406,1171.432861328125,215.5665740966797,477.59722900390625,1192.2127685546875,38.10664749145508,168.13095092773438,702.5944213867188,604.8462524414062,172.7008056640625,798.0729370117188,527.3419799804688,212.6665802001953,721.3927612304688,236.30313110351562,240.01885986328125,808.3391723632812,75.4332046508789,411.774658203125,635.1829223632812,628.6080932617188,460.00933837890625,708.8834838867188,536.3770751953125,420.1158447265625,490.58685302734375,277.2195129394531,404.0487060546875,431.8977355957031,102.76766204833984,348.0468444824219,1038.41650390625,750.8109741210938,43.474244588958186,89.30343373759877,112.35074151665134,50.18168342971745,124.00989285968922,112.85050208178995,-50.932184077551625,-114.3074988934541,-34.985136056927956,-38.62787962167653,-101.26362269199169,-81.22971950623838
1.335,291.4450378417969,1389.437744140625,522.269775390625,278.5858154296875,1256.982177734375,382.28729248046875,310.7010192871094,1413.2620849609375,240.70553588867188,292.6737060546875,1359.5494384765625,78.17058563232422,526.0574951171875,1292.240234375,537.4107055664062,494.9168395996094,1155.0753173828125,424.5307922363281,462.8380432128906,1173.222412109375,215.96510314941406,477.5733337402344,1192.094970703125,38.0172233581543,168.53176879882812,709.139892578125,605.097412109375,172.755126953125,803.90771484375,526.9276123046875,212.54937744140625,722.4235229492188,237.04544067382812,239.9417724609375,808.0919189453125,75.55804443359375,411.9903869628906,642.3130493164062,628.7059326171875,460.76446533203125,716.2062377929688,536.948974609375,420.5126037597656,498.1411437988281,278.8387451171875,405.27105712890625,441.5226745605469,104.13194274902344,346.914794921875,1044.9576416015625,750.9451904296875,43.417435186426076,88.75756393916004,116.37278877941662,50.547316407824695,124.47995792768552,112.12132705412205,-50.482280834172855,-113.81735495984134,-35.38930847421841,-38.84498960190177,-100.96212865781816,-80.07345973127266
1.34,292.4415588378906,1398.3031005859375,523.5299072265625,280.1131591796875,1266.1898193359375,383.8029479980469,312.1681823730469,1425.302001953125,242.0341796875,295.4508972167969,1381.4453125,75.6397933959961,526.440185546875,1297.91796875,536.9959716796875,495.1735534667969,1159.9781494140625,424.9317932128906,462.87115478515625,1174.9949951171875,216.35081481933594,477.54693603515625,1191.9443359375,37.91843795776367,168.966064453125,715.5431518554688,605.486572265625,172.7471466064453,809.6388549804688,526.6524658203125,212.3817596435547,723.5146484375,237.84194946289062,239.84381103515625,807.7930297851562,75.73847961425781,412.2989196777344,649.5552978515625,628.8057250976562,461.52960205078125,723.6897583007812,537.5643920898438,420.9181213378906,505.9850769042969,280.5997009277344,406.550048828125,451.95343017578125,105.58812713623047,345.747314453125,1051.6072998046875,751.0253295898438,43.395684166118116,88.30531646989931,120.32468549853127,50.909124788260584,124.97295461452165,111.36243054109752,-50.04346499994088,-113.35178857010428,-35.83818310543799,-39.0941907561691,-100.63399374943347,-78.69692611836956
1.345,293.4010009765625,1407.07568359375,524.8024291992188,281.67938232421875,1275.230224609375,385.3851318359375,313.56927490234375,1436.962890625,243.03028869628906,298.1234436035156,1403.080322265625,73.18553161621094,526.8002319335938,1303.6600341796875,536.5088500976562,495.3889465332031,1164.939453125,425.22991943359375,462.8779602050781,1176.756591796875,216.72344970703125,477.51690673828125,1191.7586669921875,37.8128547668457,169.43692016601562,721.8040161132812,606.0071411132812,172.6826934814453,815.2725830078125,526.5196533203125,212.17308044433594,724.6959228515625,238.68505859375,239.7297821044922,807.4752807617188,75.96466827392578,412.7042541503906,656.9134521484375,628.9031982421875,462.3029479980469,731.3307495117188,538.21240234375,421.3388977050781,514.130859375,282.4866638183594,407.8792724609375,463.187744140625,107.13253021240234,344.552734375,1058.3726806640625,751.05224609375,43.40110096053735,87.95268463577759,124.16650643347407,51.2640974222698,125.49212490865187,110.56514574738583,-49.621513892448604,-112.91058237202292,-36.32565025444774,-39.370954596580816,-100.28623650021723,-77.1146883143188
1.35,294.31982421875,1415.750732421875,526.0819091796875,283.2726135253906,1284.1192626953125,387.01007080078125,314.89849853515625,1448.247802734375,243.68165588378906,300.66925048828125,1424.3836669921875,70.82099914550781,527.137939453125,1309.4681396484375,535.9562377929688,495.5645751953125,1169.962646484375,425.42303466796875,462.8597717285156,1178.5152587890625,217.08226013183594,477.48211669921875,1191.5360107421875,37.703826904296875,169.947021484375,727.925048828125,606.6506958007812,172.56845092773438,820.8162841796875,526.529541015625,211.9328155517578,725.9887084960938,239.56875610351562,239.6039581298828,807.1658325195312,76.22797393798828,413.20916748046875,664.390380859375,628.9951171875,463.0831298828125,739.1243286132812,538.882080078125,421.7818908691406,522.5907592773438,284.48052978515625,409.2513732910156,475.2168273925781,108.7602310180664,343.33935546875,1065.260009765625,751.0275268554688,43.42560320185632,87.70411126198678,127.8612549191281,51.60945749095208,126.03980917758383,109.72136238155184,-49.22135861730925,-112.49225430861908,-36.844432051347155,-39.67012534732751,-99.9271476682681,-75.34515497198468
1.355,295.1948547363281,1424.3245849609375,527.3621826171875,284.8795471191406,1292.8739013671875,388.65350341796875,316.1500244140625,1459.159912109375,243.98199462890625,303.068359375,1445.2818603515625,68.55586242675781,527.4536743164062,1315.343505859375,535.34521484375,495.7022399902344,1175.05078125,425.50994873046875,462.8184814453125,1180.28125,217.4259796142578,477.4412841796875,1191.275634765625,37.595619201660156,170.4985809326172,733.9117431640625,607.4071044921875,172.41192626953125,826.2791137695312,526.6801147460938,211.67039489746094,727.40625,240.4884033203125,239.47015380859375,806.886474609375,76.52092742919922,413.8152770996094,671.9879760742188,629.0794677734375,463.8691711425781,747.0645751953125,539.5631713867188,422.2543029785156,531.3772583007812,286.55908203125,410.6581726074219,488.02557373046875,110.46497344970703,342.1152648925781,1072.273681640625,750.9537963867188,43.46108420516009,87.5627103055694,131.37509581923825,51.94258477715269,126.61751241584545,108.82364038274864,-48.84727738793663,-112.0938311873869,-37.385617419412625,-39.98629070176668,-99.56594284453337,-73.40997275004969
1.36,296.0233154296875,1432.795166015625,528.636474609375,286.4858093261719,1301.51171875,390.2906494140625,317.31817626953125,1469.702392578125,243.9311065673828,305.3035583496094,1465.7008056640625,66.39639282226562,527.7478637695312,1321.2869873046875,534.6832885742188,495.8039245605469,1180.2061767578125,425.4908142089844,462.7569580078125,1182.0675048828125,217.752685546875,477.3929443359375,1190.9776611328125,37.493465423583984,171.09323120117188,739.7724609375,608.2647705078125,172.2212371826172,831.6712646484375,526.966796875,211.39498901367188,728.955322265625,241.4405517578125,239.33169555664062,806.654052734375,76.83720397949219,414.5227355957031,679.7072143554688,629.1555786132812,464.6604309082031,755.1446533203125,540.2462768554688,422.7633056640625,540.5025634765625,288.6974182128906,412.0906982421875,501.5928955078125,112.23912811279297,340.8882141113281,1079.416259765625,750.8341064453125,43.49959930141185,87.53019503269633,134.67819072670864,52.26116335036713,127.22548172156917,107.86549070718343,-48.5025250310386,-111.71165760174452,-37.94012824632807,-40.31381672333782,-99.2126567697584,-71.333771479465
1.365,296.8030700683594,1441.161376953125,529.897216796875,288.0760803222656,1310.0498046875,391.89678955078125,318.39752197265625,1479.8780517578125,243.53492736816406,307.36041259765625,1485.5662841796875,64.34574127197266,528.0210571289062,1327.29931640625,533.9779663085938,495.8717346191406,1185.4307861328125,425.36700439453125,462.6788330078125,1183.8896484375,218.059814453125,477.3356018066406,1190.6436767578125,37.40366744995117,171.73193359375,745.5182495117188,609.2110595703125,172.00498962402344,837.00439453125,527.3826293945312,211.1152801513672,730.6367797851562,242.42282104492188,239.19134521484375,806.4808349609375,77.17156219482422,415.33050537109375,687.5477905273438,629.2242431640625,465.45654296875,763.3572387695312,540.9231567382812,423.3158874511719,549.9784545898438,290.8683776855469,413.53948974609375,515.8923950195312,114.07362365722656,339.66558837890625,1086.6888427734375,750.6720581054688,43.53363604396523,87.60680852530675,137.74503044823433,52.56324427665905,127.86268913649519,106.84162357090452,-48.18942955918254,-111.34135809922472,-38.498602020875865,-40.647197885647444,-98.87774214720673,-69.14327970719796
1.37,297.53253173828125,1449.423828125,531.1357421875,289.6343994140625,1318.5050048828125,393.44744873046875,319.38311767578125,1489.6890869140625,242.8053436279297,309.22760009765625,1504.8050537109375,62.4042854309082,528.2734985351562,1333.3804931640625,533.2367553710938,495.9078063964844,1190.7259521484375,425.1411437988281,462.58880615234375,1185.76611328125,218.3440704345703,477.2677307128906,1190.2767333984375,37.33363342285156,172.41493225097656,751.1624755859375,610.2325439453125,171.7721405029297,842.2911987304688,527.9187622070312,210.8394317626953,732.4473266601562,243.4335174560547,239.0514373779297,806.3751220703125,77.51973724365234,416.236083984375,695.5084228515625,629.2879638671875,466.2574768066406,771.694580078125,541.5870361328125,423.9185485839844,559.8161010742188,293.0432434082031,414.99462890625,530.8927612304688,115.9579086303711,338.4540710449219,1094.090576171875,750.4716796875,43.55633018066732,87.79146833803406,140.5545383074636,52.84719202854984,128.52673149232135,105.74792530652871,-47.909464165964835,-110.97823915940465,-39.05199758784778,-40.98098082786595,-98.57210868183245,-66.86733755660094
1.375,298.2107849121094,1457.5836181640625,532.3427734375,291.14459228515625,1326.892333984375,394.9188232421875,320.2706298828125,1499.136474609375,241.7599639892578,310.89703369140625,1523.3468017578125,60.57002258300781,528.5056762695312,1339.53076171875,532.4669189453125,495.9142761230469,1196.0924072265625,424.8172302246094,462.4925537109375,1187.718505859375,218.6014404296875,477.1877136230469,1189.882080078125,37.29193115234375,173.1416473388672,756.7208251953125,611.3152465820312,171.5318145751953,847.5452270507812,528.5642700195312,210.57479858398438,734.380615234375,244.47146606445312,238.913818359375,806.3419189453125,77.87834930419922,417.2358093261719,703.5865478515625,629.3504638671875,467.06341552734375,780.1488037109375,542.23291015625,424.5771789550781,570.0255737304688,295.1921081542969,416.4461364746094,546.5586547851562,117.87996673583984,337.25982666015625,1101.6190185546875,750.2369384765625,43.561542770844966,88.08183549778079,143.09040317101437,53.11197558412064,129.2133834424584,104.58227270731243,-47.66305079155916,-110.61773825212259,-39.592349471654416,-41.310248888421654,-98.30656467499465,-64.53548639189468
1.38,298.8376159667969,1465.643310546875,533.508056640625,292.59033203125,1335.2249755859375,396.2882080078125,321.05657958984375,1508.219970703125,240.4216766357422,312.3638916015625,1541.1248779296875,58.839046478271484,528.7178955078125,1345.7496337890625,531.6755981445312,495.8932189941406,1201.530517578125,424.4002990722656,462.3967590332031,1189.771728515625,218.82713317871094,477.0939636230469,1189.4664306640625,37.288291931152344,173.9107666015625,762.2105102539062,612.4451293945312,171.29312133789062,852.7806396484375,529.3067626953125,210.32794189453125,736.4281616210938,245.53562927246094,238.7799072265625,806.38330078125,78.24475860595703,418.3246765136719,711.7784423828125,629.4170532226562,467.8746337890625,788.7120361328125,542.8577270507812,425.2967529296875,580.6158447265625,297.2846984863281,417.8838806152344,562.851318359375,119.82630157470703,336.0882263183594,1109.2698974609375,749.9720458984375,43.54425044032129,88.47424329581162,145.34121623425142,53.35681974778885,129.9169326571718,103.3435316122065,-47.44978877788617,-110.25549080030433,-40.11274118946778,-41.63057016673241,-98.09181346182534,-62.177809978854384
1.385,299.41351318359375,1473.6063232421875,534.6205444335938,293.95587158203125,1343.5140380859375,397.5345458984375,321.7383728027344,1516.9381103515625,238.8181610107422,313.6266174316406,1558.0777587890625,57.2060432434082,528.910400390625,1352.0367431640625,530.8694458007812,495.8466491699219,1207.0401611328125,423.8965148925781,462.3092956542969,1191.953369140625,219.01565551757812,476.98492431640625,1189.03955078125,37.333580017089844,174.72015380859375,767.6502075195312,613.6080322265625,171.06504821777344,858.0121459960938,530.1327514648438,210.1044464111328,738.5807495117188,246.62496948242188,238.65072631835938,806.4988403320312,78.61693572998047,419.49664306640625,720.0789794921875,629.4942016601562,468.6914978027344,797.3765869140625,543.4602661132812,426.0810852050781,591.5945434570312,299.2908935546875,419.2980041503906,579.7294921875,121.78205108642578,334.94390869140625,1117.0374755859375,749.680908203125,43.500556368470995,88.9639552685203,147.3001122113672,53.58151316954391,130.62996946581382,102.03271237769388,-47.26861774969373,-109.88748078618292,-40.60759463673347,-41.93826326227796,-97.9380830020749,-59.8238975447081
1.39,299.9397888183594,1481.476318359375,535.66845703125,295.2259826660156,1351.767333984375,398.6387939453125,322.31463623046875,1525.2880859375,236.98110961914062,314.6867980957031,1574.1505126953125,55.66477966308594,529.0833740234375,1358.391357421875,530.0548706054688,495.7764587402344,1212.6212158203125,423.3128967285156,462.23895263671875,1194.294677734375,219.16078186035156,476.8592529296875,1188.6136474609375,37.439720153808594,175.56689453125,773.0593872070312,614.7903442382812,170.8562774658203,863.25439453125,531.027587890625,209.90890502929688,740.8289794921875,247.7382049560547,238.52699279785156,806.6864013671875,78.99336242675781,420.74462890625,728.4819946289062,629.5894165039062,469.514404296875,806.1349487304688,544.041259765625,426.9327697753906,602.9674682617188,301.1812744140625,420.6789855957031,597.1497802734375,123.73102569580078,333.8307800292969,1124.91455078125,749.3673095703125,43.42790412452453,89.54505586190567,148.96503396020807,53.78608943423876,131.34354779000165,100.65192322916795,-47.11760030035995,-109.51048771096,-41.073273160391125,-42.23035347443522,-97.8550685217673,-57.502478654144994
1.395,300.4184875488281,1489.258056640625,536.6397094726562,296.3866882324219,1359.989990234375,399.58447265625,322.7851257324219,1533.2659912109375,234.94557189941406,315.5490417480469,1589.295654296875,54.20856857299805,529.2369995117188,1364.812744140625,529.2378540039062,495.6844787597656,1218.2730712890625,422.6571044921875,462.19561767578125,1196.8294677734375,219.25572204589844,476.7158203125,1188.2034912109375,37.619598388671875,176.4473876953125,778.4578857421875,615.9788208007812,170.67510986328125,868.52197265625,531.9762573242188,209.74485778808594,743.1640625,248.87359619140625,238.40908813476562,806.9423828125,79.37288665771484,422.0608215332031,736.97998046875,629.7107543945312,470.3435363769531,814.97998046875,544.6034545898438,427.8529052734375,614.739013671875,302.92767333984375,422.0177001953125,615.067626953125,125.65586853027344,332.75189208984375,1132.8927001953125,749.0346069335938,43.32517505240162,90.21066441095547,150.33829159567154,53.97097924331257,132.04720136662678,99.20481983348361,-46.99440517935207,-109.12182340601102,-41.50751974737449,-42.50495015143622,-97.85153284299687,-55.24037216044175
1.4,300.8523864746094,1496.956298828125,537.5219116210938,297.42535400390625,1368.1837158203125,400.3582458496094,323.1509094238281,1540.8670654296875,232.74905395507812,316.2208251953125,1603.4739990234375,52.830692291259766,529.3713989257812,1371.3001708984375,528.4240112304688,495.5724182128906,1223.99560546875,421.937255859375,462.1899719238281,1199.5943603515625,219.29312133789062,476.5537414550781,1187.8277587890625,37.88689041137695,177.35739135742188,783.8654174804688,617.1610107421875,170.5292510986328,873.8289184570312,532.96337890625,209.61480712890625,745.5781860351562,250.0288543701172,238.29714965820312,807.2619018554688,79.75462341308594,423.4366149902344,745.5643920898438,629.8668212890625,471.17901611328125,823.9046020507812,545.1510009765625,428.8409423828125,626.9114379882812,304.5037841796875,423.3057861328125,633.4379272460938,127.53821563720703,331.7095642089844,1140.9622802734375,748.6858520507812,43.19274666743519,90.95296990879456,151.42635072085653,54.13676083427612,132.729410293164,97.69615765811022,-46.89617134925123,-108.71962770907302,-41.909979091946184,-42.76083367099767,-97.93550242163869,-53.06255793435969
1.405,301.244873046875,1504.5762939453125,538.302734375,298.33123779296875,1376.3466796875,400.9502258300781,323.4143371582031,1548.0859375,230.43055725097656,316.7120666503906,1616.65576171875,51.52478790283203,529.486572265625,1377.8529052734375,527.6182861328125,495.44195556640625,1229.7882080078125,421.16162109375,462.23358154296875,1202.62841796875,219.2653045654297,476.37261962890625,1187.5076904296875,38.255836486816406,178.29214477539062,789.3010864257812,618.3253173828125,170.4258270263672,879.1886596679688,533.9735107421875,209.5202178955078,748.06494140625,251.2010955810547,238.19114685058594,807.6394653320312,80.13784790039062,424.863037109375,754.2255249023438,630.066162109375,472.0206298828125,832.9022216796875,545.689697265625,429.8946533203125,639.4852294921875,305.88531494140625,424.5354309082031,652.21533203125,129.3589324951172,330.7052917480469,1149.1129150390625,748.3233642578125,43.03263152775219,91.76320427177836,152.23992711937183,54.284337461944716,133.37729330393415,96.13189575298145,-46.81973448460772,-108.30275223681303,-42.281823373600076,-42.99795521068964,-98.11373217515467,-50.99106377336406
1.41,301.5999755859375,1512.123046875,538.970458984375,299.0955810546875,1384.4739990234375,401.3545837402344,323.5790710449219,1554.917236328125,228.02978515625,317.03497314453125,1628.8209228515625,50.285118103027344,529.5827026367188,1384.47021484375,526.8253784179688,495.2947998046875,1235.6512451171875,420.3385009765625,462.3384704589844,1205.972412109375,219.16433715820312,476.1725769042969,1187.2686767578125,38.740997314453125,179.2464599609375,794.782958984375,619.461181640625,170.37123107910156,884.6134643554688,534.9916381835938,209.4615936279297,750.619140625,252.38681030273438,238.09085083007812,808.0689086914062,80.52191162109375,426.3308410644531,762.9527587890625,630.3168334960938,472.86773681640625,841.9663696289062,546.2263793945312,431.0101318359375,652.4586791992188,307.0506286621094,425.69970703125,671.3547973632812,131.0982666015625,329.73992919921875,1157.333740234375,747.9492797851562,42.848231731131875,92.63202651227374,152.79304668375744,54.414521595693316,133.9776785903024,94.51836919050595,-46.76169594344094,-107.87079111628464,-42.62571313599585,-43.21716395433478,-98.3917639977492,-49.044906089136475
1.415,301.9222106933594,1519.6019287109375,539.5142822265625,299.712158203125,1392.55712890625,401.56964111328125,323.6498107910156,1561.35595703125,225.58612060546875,317.2035217285156,1639.9598388671875,49.106788635253906,529.6599731445312,1391.1513671875,526.0494995117188,495.1326599121094,1241.5849609375,419.4758605957031,462.5170593261719,1209.668701171875,218.98236083984375,475.954345703125,1187.1392822265625,39.356903076171875,180.21487426757812,800.3275756835938,620.5588989257812,170.37115478515625,890.1142578125,536.0032958984375,209.43850708007812,753.23681640625,253.5818634033203,237.99594116210938,808.5438842773438,80.90615844726562,427.8306579589844,771.7346801757812,630.6263427734375,473.7193908691406,851.0906372070312,546.7684326171875,432.1816711425781,665.8282470703125,307.9807434082031,426.7924499511719,690.811767578125,132.73623657226562,328.8135986328125,1165.61328125,747.5651245117188,42.644573886405055,93.54920236964335,153.10355934188323,54.528203289287546,134.51673302853067,92.86251177649422,-46.71862413989777,-107.42391639785801,-42.94531891732805,-43.42000235037483,-98.77405492188204,-47.24042279695186
1.42,302.21630859375,1527.017578125,539.9247436523438,300.1772766113281,1400.5849609375,401.5982666015625,323.6324768066406,1567.3983154296875,223.1378173828125,317.233154296875,1650.0728759765625,47.98586654663086,529.7186889648438,1397.8958740234375,525.2943725585938,494.95733642578125,1247.5906982421875,418.58111572265625,462.7818908691406,1213.7601318359375,218.7117462158203,475.7193603515625,1187.1517333984375,40.11769104003906,181.1917724609375,805.9496459960938,621.6099243164062,170.43038940429688,895.7003784179688,536.99462890625,209.44973754882812,755.9152221679688,254.78158569335938,237.9059600830078,809.0576171875,81.28990173339844,429.3531799316406,780.55908203125,631.0007934570312,474.5740051269531,860.2686157226562,547.3237915039062,433.4018859863281,679.5880737304688,308.65972900390625,427.8083190917969,710.54248046875,134.2528076171875,327.92584228515625,1173.93994140625,747.171875,42.42781223894505,94.5042092948292,153.19167313309526,54.62611440909046,134.98090655496082,91.1711494755715,-46.68699051122013,-106.96297419934635,-43.245585941197504,-43.608976424788864,-99.26349418920384,-45.590247113639776
1.425,302.4872131347656,1534.374755859375,540.1942749023438,300.4901123046875,1408.5435791015625,401.4479064941406,323.5337219238281,1573.0423583984375,220.72122192382812,317.1404113769531,1659.1710205078125,46.919410705566406,529.75927734375,1404.703369140625,524.5633544921875,494.7708435058594,1253.6700439453125,417.6610107421875,463.14520263671875,1218.28955078125,218.34547424316406,475.4699401855469,1187.3419189453125,41.036685943603516,182.1715850830078,811.66162109375,622.6067504882812,170.552978515625,901.3794555664062,537.9527587890625,209.4933319091797,758.652099609375,255.98089599609375,237.82044982910156,809.6033935546875,81.67231750488281,430.88934326171875,789.4134521484375,631.4450073242188,475.4295349121094,869.4940185546875,547.9000854492188,434.6617431640625,693.72998046875,309.0746765136719,428.7427673339844,730.50390625,135.62823486328125,327.0756530761719,1182.302001953125,746.770263671875,42.2053597580549,95.48594391361036,153.08044206025716,54.70889829729833,135.35682436053315,89.45135441831235,-46.66342983476761,-106.48913734722156,-43.53179462768523,-43.78708813982337,-99.86162737345656,-44.10401591384965
1.43,302.7398376464844,1541.677490234375,540.317626953125,300.6527099609375,1416.416748046875,401.1304016113281,323.3609924316406,1578.2879638671875,218.37001037597656,316.9422912597656,1667.2747802734375,45.90544891357422,529.7824096679688,1411.5736083984375,523.859375,494.5754699707031,1259.8258056640625,416.721435546875,463.6187438964844,1223.298828125,217.87733459472656,475.2093200683594,1187.748779296875,42.12594223022461,183.14886474609375,817.4735717773438,623.54296875,170.74205017089844,907.156982421875,538.8659057617188,209.56675720214844,761.4458618164062,257.1743469238281,237.7388916015625,810.1742553710938,82.05248260498047,432.43048095703125,798.2847900390625,631.9619140625,476.2832946777344,878.7601928710938,548.50439453125,435.95074462890625,708.2435302734375,309.2159423828125,429.5919494628906,750.6536865234375,136.84344482421875,326.2615661621094,1190.6881103515625,746.3607177734375,41.985447461531095,96.48318122262503,152.79471539897298,54.77690274494989,135.63208844175085,87.70962238475352,-46.64466061995151,-106.00408517209519,-43.80997527250426,-43.95784290837332,-100.56853058187349,-42.78830403553229
1.435,302.978759765625,1548.9290771484375,540.2922973632812,300.6700439453125,1424.1864013671875,400.661865234375,323.12225341796875,1583.13818359375,216.1146697998047,316.6560363769531,1674.4141845703125,44.94286346435547,529.7890014648438,1418.506591796875,523.1849975585938,494.3738098144531,1266.0618896484375,415.76727294921875,464.2132568359375,1228.828369140625,217.3023681640625,474.941650390625,1188.414306640625,43.39576721191406,184.1184844970703,823.3928833007812,624.4131469726562,170.9998321533203,913.0364379882812,539.72314453125,209.6670684814453,764.294921875,258.3563537597656,237.66075134277344,810.763427734375,82.4293212890625,433.9683837890625,807.1599731445312,632.5524291992188,477.132080078125,888.0604248046875,549.142822265625,437.25701904296875,723.1156616210938,309.0770568847656,430.352783203125,770.9500122070312,137.8802947998047,325.48162841796875,1199.087158203125,745.943359375,41.77688234178254,97.48456844543045,152.360727736191,54.83017265203634,135.7954370504209,85.95201118566183,-46.62757702645024,-105.50973715613549,-44.08624596902979,-44.12511239485434,-101.3826473773662,-41.64655850021924
1.44,303.2081298828125,1556.13232421875,540.1189575195312,300.54998779296875,1431.833740234375,400.0622253417969,322.8257141113281,1587.599365234375,213.9820098876953,316.2986755371094,1680.6278076171875,44.03125762939453,529.7802734375,1425.5023193359375,522.54248046875,494.1687316894531,1272.3826904296875,414.8022766113281,464.938232421875,1234.9154052734375,216.6171417236328,474.6721496582031,1189.38330078125,44.854225158691406,185.07579040527344,829.424072265625,625.212646484375,171.32766723632812,919.0189819335938,540.5150146484375,209.7909698486328,767.1974487304688,259.5211486816406,237.58551025390625,811.364013671875,82.80162048339844,435.4955139160156,816.0260620117188,633.2152099609375,477.9719543457031,897.3875122070312,549.8200073242188,438.5675354003906,738.33056640625,308.6547546386719,431.0227355957031,791.3512573242188,138.72193908691406,324.733642578125,1207.48876953125,745.518310546875,41.588650948590896,98.4790323954964,151.80524083338855,54.868471334979745,135.83705969606012,84.18453070075026,-46.60947531457029,-105.00808556835909,-44.36643053393965,-44.29277809708134,-102.30096970106615,-40.67976209552154
1.445,303.43145751953125,1563.2891845703125,539.8015747070312,300.3030090332031,1439.339111328125,399.3546142578125,322.47967529296875,1591.681396484375,211.9948272705078,315.88653564453125,1685.9620361328125,43.170753479003906,529.7579956054688,1432.5611572265625,521.933837890625,493.963623046875,1278.7943115234375,413.8291931152344,465.8014221191406,1241.5936279296875,215.82012939453125,474.4070129394531,1190.7025146484375,46.50666046142578,186.0166778564453,835.5689697265625,625.9379272460938,171.7259979248047,925.1033935546875,541.2329711914062,209.9350128173828,770.1513671875,260.66314697265625,237.5126495361328,811.9690551757812,83.16801452636719,437.0049133300781,824.8701782226562,633.9464721679688,478.79852294921875,906.7340698242188,550.5388793945312,439.86834716796875,753.8692016601562,307.9489440917969,431.5998840332031,811.815673828125,139.35317993164062,324.01519775390625,1215.882568359375,745.0857543945312,41.42969408294206,99.45573794412667,151.15534705840366,54.89114776944905,135.74918704838296,82.41258415607575,-46.58768524463798,-104.50149087451197,-44.656730991705786,-44.46485027164084,-103.31860748616565,-39.885878659356706
1.45,303.65130615234375,1570.400634765625,539.3477783203125,299.94207763671875,1446.682861328125,398.56475830078125,322.0923767089844,1595.39794921875,210.17172241210938,315.4350891113281,1690.469482421875,42.361812591552734,529.7240600585938,1439.68359375,521.3606567382812,493.7622375488281,1285.3033447265625,412.8495178222656,466.8085632324219,1248.892333984375,214.91204833984375,474.1533508300781,1192.4202880859375,48.355247497558594,186.93771362304688,841.826416015625,626.586181640625,172.19430541992188,931.2860107421875,541.869873046875,210.09571838378906,773.1536865234375,261.77679443359375,237.4416961669922,812.5717163085938,83.52704620361328,438.4903259277344,833.6799926757812,634.739990234375,479.6068420410156,916.0922241210938,551.3001708984375,441.1447448730469,769.7094116210938,306.9627685546875,432.0827331542969,832.3010864257812,139.76075744628906,323.32373046875,1224.2593994140625,744.64599609375,41.308467482682204,100.40441515387107,150.437471851559,54.897296558745666,135.5258566680472,80.64191457780817,-46.55993520081063,-103.99226834375477,-44.96266439052755,-44.64501074561824,-104.42911669076311,-39.26083808359846
1.455,303.8692932128906,1577.4666748046875,538.7689208984375,299.48211669921875,1453.8465576171875,397.7200927734375,321.6718444824219,1598.766845703125,208.5270233154297,314.95855712890625,1694.2083740234375,41.60503005981445,529.680908203125,1446.869873046875,520.824462890625,493.5687255859375,1291.9180908203125,411.86383056640625,467.96295166015625,1256.8353271484375,213.89613342285156,473.9191589355469,1194.5860595703125,50.398582458496094,187.8362579345703,848.192626953125,627.1551513671875,172.7311553955078,937.5611572265625,542.4195556640625,210.26962280273438,776.2009887695312,262.8567810058594,237.37222290039062,813.1650390625,83.87714385986328,439.9462585449219,842.4439086914062,635.587158203125,480.3914489746094,925.4537353515625,552.1025390625,442.3815612792969,785.8250122070312,305.70233154296875,432.47021484375,852.764404296875,139.9336700439453,322.65655517578125,1232.6103515625,744.1997680664062,41.23245595804573,101.31573520312583,149.67648668365075,54.88547482870712,135.16384026437993,78.87804544497516,-46.524288803215086,-103.48270165165846,-45.28937346420719,-44.836609975767146,-105.62426649911741,-38.798203943029364
1.46,304.0858459472656,1584.4866943359375,538.0797119140625,298.93975830078125,1460.8128662109375,396.8489074707031,321.22564697265625,1601.8095703125,207.07081604003906,314.4697265625,1697.240966796875,40.900962829589844,529.6314697265625,1454.120849609375,520.3267211914062,493.3875732421875,1298.6470947265625,410.8716735839844,469.26519775390625,1265.4403076171875,212.77841186523438,473.7131652832031,1197.2489013671875,52.63134002685547,188.71047973632812,854.6610717773438,627.6434326171875,173.33419799804688,943.920654296875,542.8770751953125,210.45347595214844,779.2890625,263.8980712890625,237.30384826660156,813.7423095703125,84.21670532226562,441.36798095703125,851.15087890625,636.47705078125,481.1466369628906,934.8098754882812,552.9420776367188,443.5635070800781,802.1859130859375,304.17681884765625,432.76171875,873.1612548828125,139.86351013183594,322.0111083984375,1240.92724609375,743.7482299804688,41.20817646622629,102.18111211227182,148.8958284745812,54.854078942460234,134.6620544129629,77.12748251445373,-46.47900738602098,-102.97521142497666,-45.64169542932129,-45.04250164188156,-106.89412900041145,-38.489636008150455
1.465,304.3002014160156,1591.45849609375,537.2982788085938,298.33258056640625,1467.5665283203125,395.9794921875,320.7608642578125,1604.551025390625,205.80911254882812,313.9797668457031,1699.632080078125,40.249977111816406,529.5787963867188,1461.43701171875,519.8684692382812,493.2236022949219,1305.5003662109375,409.8717956542969,470.713134765625,1274.7181396484375,211.5679168701172,473.5445556640625,1200.457763671875,55.044063568115234,189.5594024658203,861.222900390625,628.0501098632812,174.00013732910156,950.3544311523438,543.2384643554688,210.64427185058594,782.4130249023438,264.8960266113281,237.23622131347656,814.2965698242188,84.54411315917969,442.75140380859375,859.7911376953125,637.3963623046875,481.8663024902344,944.15185546875,553.8125,444.6753234863281,818.7572631835938,302.3983154296875,432.9568786621094,893.4456176757812,139.54464721679688,321.38494873046875,1249.2025146484375,743.29296875,41.240537723410284,102.99330961919992,148.11609465661934,54.80111124402359,134.02235344472422,75.3974637014449,-46.422650376894524,-102.47214102188934,-46.02403155021216,-45.265029226746265,-108.22692141333309,-38.32463766860303
1.47,304.5104064941406,1598.379638671875,536.4458618164062,297.67877197265625,1474.0950927734375,395.13922119140625,320.28399658203125,1607.019287109375,204.74407958984375,313.4982604980469,1701.448486328125,39.6521110534668,529.5265502929688,1468.819091796875,519.4509887695312,493.081787109375,1312.48828125,408.86236572265625,472.3014831542969,1284.6724853515625,210.2768096923828,473.4227294921875,1204.2596435546875,57.62300491333008,190.38294982910156,867.8671264648438,628.3748168945312,174.7247772216797,956.8505859375,543.5009155273438,210.83926391601562,785.5677490234375,265.84625244140625,237.16909790039062,814.8213500976562,84.85778045654297,444.0932922363281,868.3557739257812,638.3300170898438,482.5443115234375,953.470458984375,554.7050170898438,445.70220947265625,835.4994506835938,300.3817443847656,433.0557556152344,913.569580078125,138.9744873046875,320.7758483886719,1257.4288330078125,742.83642578125,41.3328524734703,103.74636338661861,147.3551546978934,54.724361005504505,133.24915948904766,73.69646272756938,-46.35407839815457,-101.97583325833159,-46.44030620474396,-45.505811358503195,-109.60937522127048,-38.29124645919737
1.475,304.71331787109375,1605.246337890625,535.5459594726562,296.996337890625,1480.3892822265625,394.35369873046875,319.8009033203125,1609.2449951171875,203.87437438964844,313.0330505371094,1702.7567138671875,39.106998443603516,529.4785766601562,1476.267822265625,519.0753173828125,492.9671936035156,1319.6217041015625,407.8411560058594,474.0219421386719,1295.2999267578125,208.92039489746094,473.3570251464844,1208.6990966796875,60.35013198852539,191.1818389892578,874.5808715820312,628.6177368164062,175.50302124023438,963.3956298828125,543.6624755859375,211.03607177734375,788.7476806640625,266.7447814941406,237.10227966308594,815.3101806640625,85.15619659423828,445.3909912109375,876.83740234375,639.2612915039062,483.174560546875,962.7564086914062,555.6087036132812,446.6300964355469,852.3677978515625,298.1446533203125,433.05877685546875,933.483154296875,138.15365600585938,320.1819152832031,1265.5994873046875,742.381591796875,41.48649785562881,104.43588334523753,146.6271644063333,54.621499120962085,132.34937982489419,72.03443369024694,-46.27235148420124,-101.48861647773168,-46.89414839108514,-45.76574429337563,-111.0268529437465,-38.37612288450214
1.48,304.9046936035156,1612.05419921875,534.6240234375,296.3026123046875,1486.4434814453125,393.6460876464844,319.3167419433594,1611.260498046875,203.1955108642578,312.59033203125,1703.62255859375,38.61381149291992,529.43896484375,1483.7835693359375,518.7426147460938,492.8847961425781,1326.9114990234375,406.8056945800781,475.86328125,1306.5892333984375,207.51705932617188,473.3563232421875,1213.817626953125,63.20328140258789,191.9576416015625,881.3497924804688,628.7794799804688,176.3289794921875,969.9747924804688,543.7222290039062,211.23265075683594,791.9476928710938,267.5878601074219,237.03562927246094,815.7570190429688,85.43799591064453,446.6426086425781,885.2297973632812,640.1719970703125,483.7510681152344,972.0003051757812,556.510498046875,447.446044921875,869.3121337890625,295.7071533203125,432.9667663574219,953.1341552734375,137.08609008789062,319.6016845703125,1273.7080078125,741.9324340820312,41.70089690438331,105.0591726313902,145.942549854728,54.49003748139782,131.3325174819438,70.42272537300653,-46.176793916363295,-101.0128508110976,-47.388984443704715,-46.045069704543494,-112.46348856072736,-38.564567707513106
1.485,305.0794677734375,1618.7984619140625,533.7064208984375,295.6136474609375,1492.255859375,393.03656005859375,318.8360290527344,1613.099365234375,202.70025634765625,312.1746520996094,1704.1097412109375,38.17124938964844,529.4118041992188,1491.3668212890625,518.4541015625,492.8392639160156,1334.368896484375,405.75372314453125,477.8114929199219,1318.5220947265625,206.08810424804688,473.4287414550781,1219.6524658203125,66.15641021728516,192.71263122558594,888.1585083007812,628.861083984375,177.1959228515625,976.5726318359375,543.6802368164062,211.42726135253906,795.1629028320312,268.3721923828125,236.96908569335938,816.1563110351562,85.70199584960938,447.8467712402344,893.5283813476562,641.043212890625,484.2681884765625,981.19287109375,557.3956298828125,448.1383972167969,886.27685546875,293.09161376953125,432.7810974121094,972.4683837890625,135.77915954589844,319.0340881347656,1281.7481689453125,741.4935302734375,41.973646468332845,105.6151069470128,145.30802272784587,54.32746440240453,130.210400517415,68.8737040556914,-46.06703363447255,-100.55073561947086,-47.927735612359584,-46.34321903636456,-113.90271444493104,-38.8411509398737
1.49,305.2319030761719,1625.4735107421875,532.8200073242188,294.94366455078125,1497.8292236328125,392.5417175292969,318.362548828125,1614.7952880859375,202.3791046142578,311.78924560546875,1704.2791748046875,37.77754592895508,529.4014282226562,1499.017822265625,518.2109985351562,492.8348388671875,1342.0040283203125,404.6832580566406,479.85003662109375,1331.0733642578125,204.65748596191406,473.5811767578125,1226.236083984375,69.18004608154297,193.44967651367188,894.9909057617188,628.8642578125,178.09642028808594,983.1730346679688,543.5374145507812,211.6184844970703,798.3892211914062,269.0947265625,236.90267944335938,816.503173828125,85.9472427368164,449.0028381347656,901.7301025390625,641.8554077148438,484.72076416015625,990.3251953125,558.247802734375,448.6973876953125,903.2009887695312,290.32257080078125,432.5036926269531,991.4297485351562,134.24359130859375,318.4786682128906,1289.7135009765625,741.0703125,42.30019317173628,106.10478086775197,144.72565623345633,54.131449033191416,128.99644105207824,67.40102412021008,-45.942781515087574,-100.10461314089643,-48.51344012100867,-46.65898758327219,-115.32746925240174,-39.189753257866414
1.495,305.35589599609375,1632.073974609375,531.9909057617188,294.3045654296875,1503.170166015625,392.1744384765625,317.8994445800781,1616.38134765625,202.22068786621094,311.4358825683594,1704.1878662109375,37.43050003051758,529.4119262695312,1506.7364501953125,518.0146484375,492.87518310546875,1349.82666015625,403.5929870605469,481.9603576660156,1344.211669921875,203.25131225585938,473.8189392089844,1233.5955810546875,72.24180603027344,194.17218017578125,901.8306274414062,628.7911376953125,179.02243041992188,989.7600708007812,543.295654296875,211.80517578125,801.6238403320312,269.752685546875,236.83644104003906,816.7936401367188,86.17308044433594,450.1106262207031,909.83349609375,642.5892333984375,485.1042785644531,999.3886108398438,559.0499877929688,449.115234375,920.0186767578125,287.4263000488281,432.1370849609375,1009.9605102539062,132.4934844970703,317.93560791015625,1297.597900390625,740.6688842773438,42.67451148263396,106.53082544574295,144.1940849129345,53.8997438581641,127.70566871946016,66.0184565850065,-45.80407402029047,-99.67667450931043,-49.148789962897354,-46.99050523910876,-116.72084200639267,-39.59424945591792
1.5,305.4452209472656,1638.594482421875,531.243896484375,293.7056579589844,1508.2899169921875,391.9436950683594,317.44927978515625,1617.889892578125,202.2123260498047,311.115234375,1703.8887939453125,37.12755584716797,529.4473266601562,1514.5225830078125,517.866455078125,492.9631042480469,1357.8453369140625,402.4824523925781,484.12225341796875,1357.89990234375,201.8974609375,474.14544677734375,1241.751953125,75.30708312988281,194.8838653564453,908.661376953125,628.6443481445312,179.96542358398438,996.3179931640625,542.957763671875,211.98634338378906,804.8652954101562,270.3435974121094,236.7704620361328,817.0247802734375,86.3791732788086,451.1705322265625,917.8388671875,643.2257690429688,485.4149169921875,1008.3748168945312,559.7845458984375,449.3865661621094,936.6593627929688,284.4305725097656,431.68463134765625,1028.002197265625,130.54608154296875,317.40570068359375,1305.3946533203125,740.2960205078125,43.088977276105055,106.89777074465343,143.70791843809718,53.630437923655506,126.35397582171686,64.73976657978079,-45.65113396063177,-99.26909377203003,-49.836384896981826,-47.33520739671741,-118.06652367269824,-40.03877417766989
1.505,305.493896484375,1645.0296630859375,530.6013793945312,293.1533508300781,1513.203857421875,391.85455322265625,317.01397705078125,1619.3507080078125,202.34033203125,310.82708740234375,1703.4298095703125,36.86583709716797,529.5114135742188,1522.3753662109375,517.7680053710938,493.10052490234375,1366.0670166015625,401.352294921875,486.3143615722656,1372.0963134765625,200.62490844726562,474.56182861328125,1250.7200927734375,78.33979797363281,195.58871459960938,915.467529296875,628.4273681640625,180.9164276123047,1002.8321533203125,542.5276489257812,212.1612091064453,808.1139526367188,270.8653259277344,236.70484924316406,817.1950073242188,86.56559753417969,452.1834716796875,925.7479248046875,643.747314453125,485.64984130859375,1017.2763671875,560.4337158203125,449.5086669921875,953.0489501953125,281.36431884765625,431.15057373046875,1045.4959716796875,128.421630859375,316.890380859375,1313.0975341796875,739.9588623046875,43.534741630676706,107.21208537199101,143.258195633706,53.321907106395344,124.95760306309035,63.57802407068226,-45.48440931452137,-98.8839395880255,-50.57865990316424,-47.69002802530801,-119.34912407510046,-40.50800909085885
1.51,305.49652099609375,1651.3748779296875,530.0828247070312,292.65106201171875,1517.9307861328125,391.9084777832031,316.5949401855469,1620.7916259765625,202.5904998779297,310.5703430175781,1702.85400390625,36.642250061035156,529.607666015625,1530.2940673828125,517.7210083007812,493.28826904296875,1374.4964599609375,400.20452880859375,488.514892578125,1386.7557373046875,199.4630126953125,475.06689453125,1260.5081787109375,81.3031997680664,196.2906951904297,922.2344360351562,628.1441650390625,181.8662872314453,1009.2890625,542.01025390625,212.3290252685547,811.3719482421875,271.3160400390625,236.63970947265625,817.3043823242188,86.73281860351562,453.1507568359375,933.5640869140625,644.1375122070312,485.8071594238281,1026.086181640625,560.98046875,449.4815979003906,969.1104125976562,278.2572021484375,430.53997802734375,1062.383544921875,126.14302062988281,316.391845703125,1320.6995849609375,739.6651611328125,44.00229063263123,107.48145201747116,142.83350280978073,52.97313765089291,123.53215134821897,62.54568888526143,-45.30459640353919,-98.5231314472052,-51.377704279118234,-48.05141815118702,-120.55466587704015,-40.98752090267095
1.515,305.4483947753906,1657.6265869140625,529.7042846679688,292.19927978515625,1522.4931640625,392.103515625,316.1931457519531,1622.2374267578125,202.9484405517578,310.34332275390625,1702.1993408203125,36.453556060791016,529.7390747070312,1538.277099609375,517.7272338867188,493.5260009765625,1383.13671875,399.0425720214844,490.7020263671875,1401.8297119140625,198.4408721923828,475.6568298339844,1271.118408203125,84.16072082519531,196.99371337890625,928.9486694335938,627.7996215820312,182.80572509765625,1015.6769409179688,541.4114990234375,212.48910522460938,814.643798828125,271.6943054199219,236.57505798339844,817.3547973632812,86.88177490234375,454.0740661621094,941.2921752929688,644.3822631835938,485.8860168457031,1034.79833984375,561.40869140625,449.3085021972656,984.7653198242188,275.13916015625,429.8590393066406,1078.608154296875,123.73544311523438,315.9129638671875,1328.19384765625,739.4224853515625,44.48167603811339,107.71498088764469,142.4201093484039,52.583482416589504,122.09280588263698,61.653694116420695,-45.11257785769337,-98.18849525389419,-52.23551098935869,-48.41545239644179,-121.67076003381982,-41.46390446692013
1.52,305.3459777832031,1663.7818603515625,529.4773559570312,291.795654296875,1526.915771484375,392.43475341796875,315.80908203125,1623.70947265625,203.3999481201172,310.1439208984375,1701.49853515625,36.29643249511719,529.9082641601562,1546.3228759765625,517.78857421875,493.81219482421875,1391.9881591796875,397.87139892578125,492.8545227050781,1417.2686767578125,197.5865020751953,476.3253173828125,1282.5462646484375,86.87684631347656,197.70138549804688,935.5986328125,627.3992919921875,183.72560119628906,1021.9862060546875,540.7384643554688,212.6407470703125,817.9359130859375,271.9991455078125,236.51084899902344,817.350341796875,87.01390838623047,454.9554443359375,948.9383544921875,644.4699096679688,485.8867492675781,1043.4071044921875,561.7037353515625,448.9955749511719,999.9353637695312,272.0400695800781,429.1148376464844,1094.115478515625,121.22594451904297,315.45721435546875,1335.5736083984375,739.238525390625,44.96307715913326,107.92258390290544,142.0031407410916,52.15300149314521,120.65300997486656,60.9120312944184,-44.90952640736441,-97.88154052276288,-53.15338346100643,-48.77767710053638,-122.68726455050458,-41.9257132910335
1.525,305.18701171875,1669.839111328125,529.4095458984375,291.4352111816406,1531.2257080078125,392.8947448730469,315.4429016113281,1625.225830078125,203.93118286132812,309.96966552734375,1700.7791748046875,36.167564392089844,530.117431640625,1554.428955078125,517.9070434570312,494.14404296875,1401.0484619140625,396.6976623535156,494.9522399902344,1433.0216064453125,196.92605590820312,477.06353759765625,1294.7816162109375,89.41788482666016,198.41690063476562,942.1746826171875,626.94970703125,184.61692810058594,1028.20947265625,539.9993896484375,212.78317260742188,821.2571411132812,272.2301025390625,236.44696044921875,817.2974243164062,87.13116455078125,455.7971496582031,956.5099487304688,644.3917236328125,485.8108215332031,1051.9080810546875,561.8529663085938,448.5520935058594,1014.5437622070312,268.98919677734375,428.3155822753906,1108.854736328125,118.64290618896484,315.02874755859375,1342.8316650390625,739.120849609375,45.43702797675812,108.11487525416163,141.56685607970326,51.68234323974531,119.22467077528984,60.32960320074898,-44.69676370504229,-97.60367727397067,-54.13242282221853,-49.133539758902856,-123.59579536079666,-42.36254991200195
1.53,304.9705810546875,1675.7984619140625,529.5036010742188,291.11090087890625,1535.451171875,393.47406005859375,315.094482421875,1626.8011474609375,204.52896118164062,309.81805419921875,1700.064208984375,36.063690185546875,530.3681640625,1562.593017578125,518.0846557617188,494.5176696777344,1410.3123779296875,395.529541015625,496.97650146484375,1449.0379638671875,196.4831085205078,477.86041259765625,1307.8087158203125,91.75273132324219,199.14292907714844,948.6693725585938,626.4580688476562,185.47122192382812,1034.3421630859375,539.20361328125,212.9155731201172,824.6181640625,272.3873291015625,236.383056640625,817.2054443359375,87.23602294921875,456.6016540527344,964.0149536132812,644.1422729492188,485.6607971191406,1060.29736328125,561.8461303710938,447.9902038574219,1028.51708984375,266.01483154296875,427.4704284667969,1122.7801513671875,116.01551055908203,314.6322326660156,1349.9615478515625,739.0762939453125,45.895041279140884,108.302415746289,141.09613698287933,51.17296755330017,117.81735837358292,59.9148709814196,-44.47596340981036,-97.35584030486419,-55.172546916079284,-49.47826215782476,-124.3901384817997,-42.76566696948498
1.535,304.6972961425781,1681.6611328125,529.7577514648438,290.81390380859375,1539.6207275390625,394.1617126464844,314.7633972167969,1628.4462890625,205.18089294433594,309.6863708496094,1699.3720703125,35.981658935546875,530.66162109375,1570.8116455078125,518.3236083984375,494.92803955078125,1419.7720947265625,394.3768005371094,498.91046142578125,1465.267822265625,196.27793884277344,478.70294189453125,1321.607177734375,93.85357666015625,199.8814239501953,955.0775756835938,625.9325561523438,186.2804718017578,1040.382568359375,538.3616333007812,213.03704833984375,828.03173828125,272.4718322753906,236.31863403320312,817.08642578125,87.33151245117188,457.37139892578125,971.4622192382812,643.7197265625,485.44049072265625,1068.5718994140625,561.6756591796875,447.3247985839844,1041.78759765625,263.143798828125,426.58941650390625,1135.8516845703125,113.37313079833984,314.2727966308594,1356.956787109375,739.111083984375,46.329683898693304,108.49565517532983,140.57672897257964,50.62684700207279,116.438797452387,59.67541765459106,-44.249052123494636,-97.13860586625546,-56.272885550471045,-49.8068761363767,-125.06626919262636,-43.128347841874245
1.54,304.3692932128906,1687.43017578125,530.166015625,290.5341796875,1543.7628173828125,394.94586181640625,314.44903564453125,1630.1689453125,205.8754425048828,309.57208251953125,1698.7169189453125,35.918479919433594,530.9984741210938,1579.08154296875,518.6260375976562,495.3691711425781,1429.4166259765625,393.25054931640625,500.7392578125,1481.66259765625,196.3269805908203,479.5765380859375,1336.1524658203125,95.6964111328125,200.6335906982422,961.39697265625,625.3819580078125,187.03736877441406,1046.3316650390625,537.48486328125,213.14663696289062,831.5123291015625,272.4853515625,236.2530059814453,816.955810546875,87.42119598388672,458.1088562011719,978.8606567382812,643.1260375976562,485.1546630859375,1076.729248046875,561.337158203125,446.5730895996094,1054.2943115234375,260.4010314941406,425.6833190917969,1148.0362548828125,110.74476623535156,313.95599365234375,1363.8115234375,739.2305297851562,46.73489749419687,108.70446459208631,139.99590898154656,50.04682450437423,115.09430465437367,59.61912524044561,-44.01802477906281,-96.95235044859939,-57.43175753758044,-50.11446210455384,-125.62199623273503,-43.44525889646226
1.545,303.9901428222656,1693.1102294921875,530.7182006835938,290.260986328125,1547.9041748046875,395.8141174316406,314.1507263183594,1631.973876953125,206.6020965576172,309.4726257324219,1698.1092529296875,35.87133026123047,531.378662109375,1587.398681640625,518.9940185546875,495.834228515625,1439.2322998046875,392.16314697265625,502.45025634765625,1498.175537109375,196.64227294921875,480.465576171875,1351.4166259765625,97.26154327392578,201.39979553222656,967.6275634765625,624.8157958984375,187.73545837402344,1052.193603515625,536.5858154296875,213.2433624267578,835.0755615234375,272.4307861328125,236.18521118164062,816.8323974609375,87.5091781616211,458.81634521484375,986.21923828125,642.366943359375,484.8092041015625,1084.767578125,560.8294677734375,445.75433349609375,1065.9854736328125,257.8092041015625,424.7635803222656,1159.3087158203125,108.15837097167969,313.6875305175781,1370.52099609375,739.4389038085938,47.10629135867066,108.93742255771565,139.34356661915479,49.43637434153442,113.78726062032035,59.75379194888768,-43.78529106516294,-96.79675555883172,-58.64566263834895,-50.396134752263634,-126.05703857376045,-43.71296807466456
1.55,303.5647277832031,1698.7073974609375,531.40087890625,289.9835205078125,1552.0699462890625,396.7540283203125,313.8676452636719,1633.8626708984375,207.351318359375,309.3857116699219,1697.556396484375,35.83760070800781,531.8018798828125,1595.7587890625,519.4295654296875,496.3158264160156,1449.203125,391.12786865234375,504.0330810546875,1514.761962890625,197.23106384277344,481.3539123535156,1367.369140625,98.53394317626953,202.1794891357422,973.7721557617188,624.244140625,188.3690948486328,1057.9754638671875,535.6776123046875,213.32627868652344,838.7382202148438,272.3120422363281,236.11407470703125,816.7384643554688,87.6000747680664,459.49591064453125,993.54638671875,641.4520874023438,484.4107971191406,1092.6854248046875,560.15478515625,444.88909912109375,1076.820068359375,255.3884735107422,423.8419494628906,1169.652587890625,105.64035034179688,313.4734191894531,1377.0814208984375,739.7389526367188,47.44092941637052,109.20218227404234,138.61184463968925,48.799576932204445,112.51941045050131,60.08720584728826,-43.55332978894978,-96.67116418173732,-59.90993965681854,-50.647110111420545,-126.37290777397342,-43.9300126404419
1.555,303.09918212890625,1704.2293701171875,532.1973876953125,289.69140625,1556.2823486328125,397.7535400390625,313.59893798828125,1635.8345947265625,208.11456298828125,309.3092346191406,1697.0623779296875,35.814884185791016,532.2671508789062,1604.1568603515625,519.9347534179688,496.8061218261719,1459.310302734375,390.1585998535156,505.47943115234375,1531.3798828125,198.09564208984375,482.2253723144531,1383.977294921875,99.50344848632812,202.97117614746094,979.8359985351562,623.6771850585938,188.93365478515625,1063.68701171875,534.7742309570312,213.39453125,842.5177001953125,272.1343994140625,236.03817749023438,816.699951171875,87.6989974975586,460.1492004394531,1000.8497924804688,640.394775390625,483.9670104980469,1100.4818115234375,559.3189086914062,443.9989318847656,1086.76904296875,253.15599060058594,422.9302673339844,1179.0611572265625,103.21495819091797,313.319580078125,1383.4901123046875,740.1321411132812,47.73764520876816,109.50464079701345,137.79599641659223,48.14105609931701,111.29087644873402,60.62729448466297,-43.324944849370155,-96.57428455310682,-61.217972902069135,-50.86291947794544,-126.57256675835137,-44.09640545683962
1.56,302.60064697265625,1709.68505859375,533.0889892578125,289.3752136230469,1560.560791015625,398.8011474609375,313.3437805175781,1637.886962890625,208.88426208496094,309.2412109375,1696.6292724609375,35.800987243652344,532.7731323242188,1612.5880126953125,520.5110473632812,497.297119140625,1469.533447265625,389.2696228027344,506.78314208984375,1547.9896240234375,199.2331085205078,483.064453125,1401.2076416015625,100.1648941040039,203.77243041992188,985.8267211914062,623.1254272460938,189.4254608154297,1069.340576171875,533.8897705078125,213.4473876953125,846.4313354492188,271.90447998046875,235.9558868408203,816.7465209960938,87.81147003173828,460.77740478515625,1008.1360473632812,639.2117919921875,483.4860534667969,1108.15576171875,558.3311157226562,443.10546875,1095.8165283203125,251.1257781982422,422.0403747558594,1187.5369873046875,100.90385437011719,313.23199462890625,1389.7464599609375,740.618408203125,47.99665860037888,109.84925431467923,136.8939772853363,47.466040845911834,110.10077887933147,61.38203114373772,-43.10294522880602,-96.50437609561766,-62.56147052862646,-51.03935603493363,-126.66053364568413,-44.21434100136426
1.565,302.07696533203125,1715.084716796875,534.0552978515625,289.02679443359375,1564.920654296875,399.88623046875,313.10137939453125,1640.014892578125,209.65379333496094,309.1800231933594,1696.2567138671875,35.79391860961914,533.3179931640625,1621.0465087890625,521.1600341796875,497.7808837890625,1479.8504638671875,388.4751892089844,507.9399108886719,1564.553955078125,200.63548278808594,483.85675048828125,1419.0252685546875,100.51814270019531,204.5798797607422,991.7542724609375,622.59912109375,189.84185791015625,1074.950927734375,533.0386962890625,213.4844207763672,850.4962768554688,271.63037109375,235.86538696289062,816.9114379882812,87.94342803955078,461.381103515625,1015.4100341796875,637.9232177734375,482.9766540527344,1115.7066650390625,557.2039794921875,442.2300720214844,1103.96044921875,249.30850219726562,421.1835632324219,1195.0933837890625,98.72571563720703,313.2163391113281,1395.851318359375,741.1959228515625,48.219747306974654,110.23862876027454,135.90696142945671,46.77996699487031,108.94775485456518,62.358474554489135,-42.890376764670435,-96.45904086920413,-63.93002734388368,-51.1727122546377,-126.64251264456271,-44.28740959669233
1.57,301.53662109375,1720.439453125,535.0747680664062,288.63983154296875,1569.3734130859375,400.9991149902344,312.87103271484375,1642.2125244140625,210.4174041748047,309.12420654296875,1695.9429931640625,35.7918815612793,533.8994750976562,1629.5264892578125,521.8825073242188,498.24969482421875,1490.23779296875,387.7890930175781,508.94708251953125,1581.038330078125,202.289794921875,484.5895080566406,1437.3956298828125,100.56798553466797,205.38929748535156,997.63037109375,622.1080932617188,190.18113708496094,1080.534423828125,532.235107421875,213.5054168701172,854.7288818359375,271.32171630859375,235.76466369628906,817.2315673828125,88.10110473632812,461.9602355957031,1022.6751098632812,636.5515747070312,482.447998046875,1123.1339111328125,555.9533081054688,441.39300537109375,1111.2130126953125,247.71136474609375,420.3705749511719,1201.7530517578125,96.6958999633789,313.278076171875,1401.8074951171875,741.8612670898438,48.4099812057876,110.67348228899789,134.83908962491023,46.08870293173831,107.82989008785773,63.56335804358497,-42.69023630677842,-96.43545851423431,-65.3114674094493,-51.25986890620291,-126.52538723211639,-44.3210817434844
1.575,300.9883117675781,1725.7611083984375,536.1258544921875,288.2099609375,1573.9267578125,402.1311950683594,312.65216064453125,1644.47265625,211.170166015625,309.0725402832031,1695.6849365234375,35.793235778808594,534.5149536132812,1638.02197265625,522.6790161132812,498.6963806152344,1500.671630859375,387.22454833984375,509.8034973144531,1597.410400390625,204.17837524414062,485.2521057128906,1456.2835693359375,100.32390594482422,206.19557189941406,1003.4685668945312,621.661376953125,190.4425506591797,1086.1092529296875,531.4927978515625,213.51060485839844,859.1443481445312,270.98974609375,235.6516571044922,817.7469482421875,88.29100036621094,462.5140380859375,1029.9324951171875,635.1217651367188,481.909423828125,1130.4365234375,554.5977172851562,440.6129455566406,1117.60009765625,246.3380126953125,419.611083984375,1207.5484619140625,94.8262939453125,313.4222412109375,1407.6204833984375,742.6094970703125,48.57141796401069,111.15305997922832,133.69682966090716,45.398174179960904,106.74565126091886,65.00167297023847,-42.50566623836792,-96.43012246328905,-66.69142856139884,-51.29821602802389,-126.31727395269941,-44.32261196781798
1.58,300.44091796875,1731.06201171875,537.1870727539062,287.735107421875,1578.583984375,403.2748718261719,312.4443054199219,1646.7872314453125,211.9079132080078,309.0240173339844,1695.478271484375,35.796512603759766,535.1614379882812,1646.5262451171875,523.5494384765625,499.1144104003906,1511.127685546875,386.79351806640625,510.5093078613281,1613.640625,206.2791748046875,485.83642578125,1475.654296875,99.79986572265625,206.992919921875,1009.28369140625,621.2671508789062,190.626220703125,1091.6943359375,530.8245239257812,213.5005645751953,863.75634765625,270.64727783203125,235.5242462158203,818.5008544921875,88.5197525024414,463.0410461425781,1037.1812744140625,633.66015625,481.37030029296875,1137.61376953125,553.1585083007812,439.90643310546875,1123.161376953125,245.1885223388672,418.9136657714844,1212.5208740234375,93.1252212524414,313.65350341796875,1413.29736328125,743.4339599609375,48.70912480767251,111.67479107893888,132.4893183690146,44.71424169623046,105.69379289176561,66.67658415747474,-42.339547582686095,-96.4392617035885,-68.05409370193703,-51.28608760578916,-126.02711147901647,-44.30053996034417
1.585,299.9031066894531,1736.354736328125,538.2378540039062,287.2154541015625,1583.3447265625,404.4234619140625,312.2471923828125,1649.1480712890625,212.627197265625,308.9779052734375,1695.318115234375,35.800357818603516,535.8356323242188,1655.0328369140625,524.4927978515625,499.4980773925781,1521.581787109375,386.5066833496094,511.06561279296875,1629.701416015625,208.56619262695312,486.3370666503906,1495.47314453125,99.01383209228516,207.77481079101562,1015.0916137695312,620.9320678710938,190.73309326171875,1097.3096923828125,530.2420043945312,213.476318359375,868.5765380859375,270.30859375,235.38027954101562,819.5391235351562,88.79408264160156,463.5389709472656,1044.4183349609375,632.1939697265625,480.8399353027344,1144.6644287109375,551.6587524414062,439.2874450683594,1127.9482421875,244.25958251953125,418.28558349609375,1216.7196044921875,91.59745788574219,313.9758605957031,1418.84814453125,744.3265380859375,48.828789533667646,112.23463808340182,131.22755514255033,44.04281385313382,104.67361818494135,68.58930087097491,-42.194920449515195,-96.45832683920455,-69.38136504706038,-51.22247112096318,-125.66488374188613,-44.26487797050072
1.59,299.3831787109375,1741.65185546875,539.2589721679688,286.6535339355469,1588.20458984375,405.5711669921875,312.0606384277344,1651.546142578125,213.32521057128906,308.9335632324219,1695.1990966796875,35.80352020263672,536.5341186523438,1663.53515625,525.5074462890625,499.8426208496094,1532.010986328125,386.3729248046875,511.4744873046875,1645.5677490234375,211.00997924804688,486.751708984375,1515.705322265625,97.98738861083984,208.53421020507812,1020.9088134765625,620.661376953125,190.7648162841797,1102.9749755859375,529.7555541992188,213.4393310546875,873.6146240234375,269.9893493652344,235.2177734375,820.9097900390625,89.12068176269531,464.0048828125,1051.6383056640625,630.7506713867188,480.3273010253906,1151.58740234375,550.1233520507812,438.7671203613281,1132.023193359375,243.54461669921875,417.73248291015625,1220.2005615234375,90.2444076538086,314.3928527832031,1424.28466796875,745.2778930664062,48.93665470771097,112.82723195388132,129.9244722668202,43.389387890268665,103.6854245376129,70.73784812171152,-42.074468327791806,-96.48266467076253,-70.65423267464396,-51.107442858479686,-125.24119920513174,-44.226499535641324
1.595,298.88897705078125,1746.96533203125,540.232666015625,286.0541076660156,1593.15625,406.7127685546875,311.8846435546875,1653.972900390625,213.9997100830078,308.8905334472656,1695.1156005859375,35.80483627319336,537.2531127929688,1672.0262451171875,526.5906982421875,500.14434814453125,1542.393310546875,386.3992004394531,511.7387390136719,1661.216796875,213.5782012939453,487.0810241699219,1536.315673828125,96.7451171875,209.263671875,1026.752197265625,620.45849609375,190.7236785888672,1108.7099609375,529.3735961914062,213.39144897460938,878.8781127929688,269.7064208984375,235.03485107421875,822.6627197265625,89.5060806274414,464.43511962890625,1058.833740234375,629.3572387695312,479.84100341796875,1158.3812255859375,548.5780029296875,438.353515625,1135.45703125,243.0340576171875,417.2584533691406,1223.0250244140625,89.06431579589844,314.9073486328125,1429.62109375,746.2775268554688,49.03912712806675,113.446147555327,128.59394786905875,42.759088730181844,102.73035107752821,73.11716272036671,-41.98073162812932,-96.5071735565386,-71.85230265859451,-50.9419017592443,-124.7673788443785,-44.19706867225531
1.6,298.42767333984375,1752.3067626953125,541.1431884765625,285.4240417480469,1598.189208984375,407.8435974121094,311.7194519042969,1656.419189453125,214.64901733398438,308.84857177734375,1695.061767578125,35.80320739746094,537.98876953125,1680.4993896484375,527.739013671875,500.4006652832031,1552.7086181640625,386.5902099609375,511.86175537109375,1676.6279296875,216.23619079589844,487.3287658691406,1557.2686767578125,95.31405639648438,209.95542907714844,1032.638427734375,620.3250122070312,190.61251831054688,1114.533447265625,529.1024780273438,213.3347930908203,884.3720703125,269.4775390625,234.82984924316406,824.8486328125,89.95661163330078,464.82550048828125,1065.995361328125,628.0393676757812,479.3888854980469,1165.0445556640625,547.0489501953125,438.05157470703125,1138.327392578125,242.71571350097656,416.865966796875,1225.2579345703125,88.0526351928711,315.521484375,1434.873779296875,747.31396484375,49.14276626862784,114.08411866118865,127.25091800422626,42.156497294064366,101.81052475149386,75.71864081416805,-41.915905062022574,-96.5266285452035,-72.95460487181396,-50.727864430150305,-124.25504889600815,-44.1884129095493
1.605,298.0055847167969,1757.6866455078125,541.9768676757812,284.77203369140625,1603.2908935546875,408.9591979980469,311.56536865234375,1658.8765869140625,215.2718963623047,308.8074645996094,1695.0316162109375,35.797569274902344,538.7371826171875,1688.9483642578125,528.9476928710938,500.6101379394531,1562.939453125,386.9482116699219,511.84765625,1691.7830810546875,218.947509765625,487.5016174316406,1578.5274658203125,93.72296905517578,210.6015625,1038.5838623046875,620.2603759765625,190.43463134765625,1120.4630126953125,528.9464111328125,213.27175903320312,890.0994262695312,269.321044921875,234.6013946533203,827.5186157226562,90.47822570800781,465.1712646484375,1073.1121826171875,626.8211059570312,478.97808837890625,1171.5762939453125,545.5621337890625,437.863037109375,1140.7159423828125,242.5751953125,416.5557861328125,1226.966796875,87.2023696899414,316.23681640625,1440.0606689453125,748.375244140625,49.25388093757218,114.73334027715316,125.91031168210145,41.585527349601875,100.92903881106838,78.52965839756706,-41.88185491058323,-96.53574791285926,-73.9398931395997,-50.468339922593884,-123.71592671766452,-44.21197380565417
1.61,297.62823486328125,1763.114501953125,542.7220458984375,284.10833740234375,1608.4468994140625,410.0553283691406,311.4228820800781,1661.33642578125,215.86752319335938,308.7672119140625,1695.019287109375,35.78691101074219,539.4945068359375,1697.3665771484375,530.2112426757812,500.7723693847656,1573.0704345703125,387.472900390625,511.7010192871094,1706.6663818359375,221.6746368408203,487.6090087890625,1600.0535888671875,92.00164794921875,211.1942138671875,1044.604248046875,620.2620239257812,190.1937255859375,1126.5152587890625,528.9072265625,213.20477294921875,896.0610961914062,269.2555236816406,234.34844970703125,830.7234497070312,91.0764389038086,465.46746826171875,1080.1719970703125,625.7238159179688,478.61480712890625,1177.9749755859375,544.1426391601562,437.7867736816406,1142.7064208984375,242.596435546875,416.32708740234375,1228.2196044921875,86.50454711914062,317.0540771484375,1445.2012939453125,749.44873046875,49.3785337527554,115.38578855308401,124.58711682263294,41.049255520841825,100.08977694350017,81.53357983612608,-41.88020238463656,-96.52910381892262,-74.78671151946112,-50.16723218134115,-123.16181648248501,-44.27894912652317
1.615,297.3000793457031,1768.598388671875,543.3695068359375,283.4444274902344,1613.641845703125,411.1278076171875,311.2926330566406,1663.7906494140625,216.4354248046875,308.72784423828125,1695.0191650390625,35.770233154296875,540.2568359375,1705.7484130859375,531.5228271484375,500.8880920410156,1583.08984375,388.16131591796875,511.4271545410156,1721.2645263671875,224.3794708251953,487.662841796875,1621.8070068359375,90.1801986694336,211.72561645507812,1050.7144775390625,620.3253784179688,189.89378356933594,1132.704345703125,528.9843139648438,213.13619995117188,902.256103515625,269.2992248535156,234.07034301757812,834.5125122070312,91.75623321533203,465.7087707519531,1087.1617431640625,624.7661743164062,478.3041687011719,1184.239990234375,542.8142700195312,437.81884765625,1144.3814697265625,242.76219177246094,416.1775207519531,1229.08349609375,85.94869232177734,317.9733581542969,1450.31640625,750.5218505859375,49.52217630756485,116.03357664732391,123.2954416694804,40.54994096807033,99.29738009136031,84.70974446318127,-41.91188894411965,-96.50180527300117,-75.4748511228841,-49.82947753198789,-122.6037276823364,-44.398772367609325
1.62,297.0246276855469,1774.1448974609375,543.911865234375,282.7926330566406,1618.859619140625,412.1722717285156,311.17535400390625,1666.2313232421875,216.9754638671875,308.6894836425781,1695.025634765625,35.746578216552734,541.0204467773438,1714.08837890625,532.8749389648438,500.95892333984375,1592.9888916015625,389.0076599121094,511.0318908691406,1735.56640625,227.02403259277344,487.6769714355469,1643.7447509765625,88.28829193115234,212.18833923339844,1056.927978515625,620.4441528320312,189.5390625,1139.04296875,529.1746215820312,213.0681915283203,908.6821899414062,269.4696044921875,233.76678466796875,838.9330444335938,92.52191162109375,465.8899230957031,1094.0682373046875,623.9633178710938,478.0501403808594,1190.37109375,541.5988159179688,437.952880859375,1145.8206787109375,243.05465698242188,416.1033020019531,1229.623291015625,85.52326202392578,318.9939880371094,1455.4276123046875,751.58203125,49.68967837800707,116.66911491978101,122.04846540082104,40.088810651361996,98.55704921727374,88.03334905355746,-41.97764271462461,-96.4490317373376,-75.98472918010792,-49.46077375153487,-122.05186210059586,-44.5792703142161
1.625,296.8043518066406,1779.7591552734375,544.3441162109375,282.165771484375,1624.084228515625,413.1842956542969,311.0718688964844,1668.6510009765625,217.48768615722656,308.6523742675781,1695.033203125,35.71502685546875,541.78173828125,1722.3819580078125,534.259033203125,500.9874267578125,1602.7625732421875,390.00347900390625,510.52191162109375,1749.5635986328125,229.5709991455078,487.6669006347656,1665.8209228515625,86.35446166992188,212.57546997070312,1063.257080078125,620.6101684570312,189.13400268554688,1145.5413818359375,529.4727783203125,213.0023956298828,915.3358764648438,269.7828369140625,233.4379119873047,844.0294799804688,93.3770751953125,466.0057067871094,1100.8780517578125,623.326904296875,477.8554382324219,1196.368408203125,540.5155639648438,438.18035888671875,1147.098876953125,243.45603942871094,416.0994873046875,1229.9007568359375,85.21610260009766,320.114501953125,1460.5565185546875,752.6171264648438,49.885066895436864,117.28553842794145,120.85768483433424,39.66615311976335,97.87430195551576,91.47584237173294,-42.077616721452955,-96.36658437726403,-76.29841638294558,-49.06745061547005,-121.51534543597053,-44.8262760801519
1.63,296.640625,1785.4442138671875,544.6630249023438,281.5766296386719,1629.3004150390625,414.1593933105469,310.983154296875,1671.04296875,217.97235107421875,308.61676025390625,1695.0367431640625,35.67470169067383,542.537353515625,1730.625,535.665771484375,500.9769592285156,1612.4095458984375,391.137451171875,509.9045715332031,1763.2496337890625,231.98435974121094,487.64923095703125,1687.986572265625,84.40540313720703,212.8806610107422,1069.7122802734375,620.8141479492188,188.68321228027344,1152.2080078125,529.8712768554688,212.93991088867188,922.21337890625,270.2531433105469,233.08424377441406,849.8422241210938,94.32449340820312,466.0511779785156,1107.5787353515625,622.8646850585938,477.7214660644531,1202.2332763671875,539.5809936523438,438.4910888671875,1148.283935546875,243.94911193847656,416.1599426269531,1229.97314453125,85.01487731933594,321.33282470703125,1465.725341796875,753.6154174804688,50.11141522515365,117.87693041478587,119.73257972467724,39.281096948114566,97.2550203729482,95.00517476520258,-42.21167295581819,-96.25072700099328,-76.39967892935323,-48.65642064307855,-121.00157447817583,-45.142841848703114
1.635,296.5338439941406,1791.2015380859375,544.8670654296875,281.0378112792969,1634.49365234375,415.09295654296875,310.9101867675781,1673.4005126953125,218.42984008789062,308.5829772949219,1695.031005859375,35.624813079833984,543.2841796875,1738.814453125,537.085205078125,500.931396484375,1621.931884765625,392.3957824707031,509.1882019042969,1776.620361328125,234.22987365722656,487.64111328125,1710.18896484375,82.46541595458984,213.09837341308594,1076.302734375,621.0455322265625,188.19134521484375,1159.048583984375,530.3607788085938,212.8810272216797,929.3106689453125,270.892333984375,232.7067413330078,856.4071044921875,95.36605834960938,466.02178955078125,1114.15869140625,622.5806884765625,477.6483154296875,1207.96728515625,538.8084106445312,438.8734436035156,1149.4354248046875,244.51771545410156,416.2777404785156,1229.8924560546875,84.90743255615234,322.6460266113281,1470.955078125,754.5663452148438,50.37090989248861,118.43847796544998,118.68060590804657,38.93186536819036,96.70496120728387,98.58661206961841,-42.37907634159831,-96.09868176840098,-76.27480586458091,-48.23473724990879,-120.51642362172078,-45.52973254069974
1.64,296.4833068847656,1797.03076171875,544.9566040039062,280.56103515625,1639.651123046875,415.9803771972656,310.8539733886719,1675.718017578125,218.86061096191406,308.5513916015625,1695.01123046875,35.56467056274414,544.0193481445312,1746.9481201171875,538.5068359375,500.85528564453125,1631.335693359375,393.76202392578125,508.3819274902344,1789.6734619140625,236.27577209472656,487.6596984863281,1732.3714599609375,80.55585479736328,213.2239532470703,1083.0357666015625,621.29345703125,187.6631317138672,1166.0667724609375,530.9302978515625,212.82513427734375,936.6243286132812,271.7091369628906,232.3067169189453,863.7545166015625,96.5027084350586,465.91363525390625,1120.608154296875,622.4751586914062,477.6348571777344,1213.57373046875,538.2074584960938,439.3149108886719,1150.6038818359375,245.14720153808594,416.4452209472656,1229.705322265625,84.8821029663086,324.05047607421875,1476.266357421875,755.4600219726562,50.66459451698117,118.96672016941227,117.70654127159952,38.61550887124153,96.23001207371385,102.18283034603974,-42.57863067419646,-95.90860974297493,-75.91281169892855,-47.80958569516645,-120.06365532409566,-45.98467903395658
1.645,296.4873962402344,1802.9298095703125,544.933349609375,280.1571350097656,1644.761962890625,416.8172302246094,310.8156433105469,1677.9906005859375,219.26512145996094,308.5224304199219,1694.9727783203125,35.493743896484375,544.7403564453125,1755.0247802734375,539.9196166992188,500.75341796875,1640.6297607421875,395.2174987792969,507.495849609375,1802.408203125,238.09312438964844,487.72161865234375,1754.4739990234375,78.69474029541016,213.2538299560547,1089.91650390625,621.5465087890625,187.1033172607422,1173.2642822265625,531.5676879882812,212.7705841064453,944.15185546875,272.7088317871094,231.88583374023438,871.90869140625,97.734375,465.723388671875,1126.919189453125,622.5446166992188,477.6785888671875,1219.0565185546875,537.7845458984375,439.8023376464844,1151.830078125,245.8247528076172,416.6542053222656,1229.452392578125,84.92793273925781,325.5418395996094,1481.677978515625,756.2880859375,50.99249166852388,119.45962312228949,116.81253490752874,38.328318781196856,95.8355659179474,105.75569507955083,-42.809075166267235,-95.67932358804883,-75.30491877464495,-47.38805644960266,-119.6450726759899,-46.502711540990305
1.65,296.5434875488281,1808.894775390625,544.80029296875,279.8355407714844,1649.8172607421875,417.59942626953125,310.7962341308594,1680.2142333984375,219.643798828125,308.49658203125,1694.9111328125,35.41169738769531,545.44482421875,1763.044189453125,541.3125,500.6309814453125,1649.8260498046875,396.74151611328125,506.5410461425781,1814.825439453125,239.65647888183594,487.8423767089844,1776.4327392578125,76.89645385742188,213.1854705810547,1096.9488525390625,621.7936401367188,186.5165557861328,1180.640625,532.2599487304688,212.71469116210938,951.89208984375,273.892822265625,231.446044921875,880.88720703125,99.05996704101562,465.4486083984375,1133.0863037109375,622.7823486328125,477.77593994140625,1224.4207763671875,537.5421142578125,440.3223571777344,1153.1453857421875,246.53961181640625,416.8962097167969,1229.1683349609375,85.03489685058594,327.1150817871094,1487.207275390625,757.0431518554688,51.3536228744243,119.91654108154125,115.99812635618753,38.06562635016837,95.52676831258788,109.26624605167228,-43.06846820391053,-95.41106175170103,-74.44614444110012,-46.97670206127896,-119.26075347344741,-47.076907066452435
1.655,296.648193359375,1814.920654296875,544.5617065429688,279.6040954589844,1654.8104248046875,418.3232116699219,310.7967834472656,1682.3858642578125,219.99696350097656,308.4743347167969,1694.8218994140625,35.31845474243164,546.1307983398438,1771.007080078125,542.6742553710938,500.4932861328125,1658.9390869140625,398.31158447265625,505.5294189453125,1826.926513671875,240.94419860839844,488.0359802246094,1798.1806640625,75.17160034179688,213.0176239013672,1104.134521484375,622.0245361328125,185.9074249267578,1188.193359375,532.9937133789062,212.65371704101562,959.8457641601562,275.2582702636719,230.98960876464844,890.7006225585938,100.47727966308594,465.08770751953125,1139.1065673828125,623.1786499023438,477.9222717285156,1229.6727294921875,537.479248046875,440.8616943359375,1154.571533203125,247.28318786621094,417.16265869140625,1228.882080078125,85.1939697265625,328.7643737792969,1492.8692626953125,757.7196044921875,51.7460790231456,120.33821951982645,115.26027447503736,37.82200436392475,95.30844420920982,112.67599229357188,-43.354636351713054,-95.10516876533335,-73.33478892124259,-46.58155677715911,-118.90893294956437,-47.69807000559834
1.66,296.7972717285156,1821.000732421875,544.2227172851562,279.46881103515625,1659.737060546875,418.9854736328125,310.8183288574219,1684.5040283203125,220.32484436035156,308.45623779296875,1694.7015380859375,35.21427536010742,546.7964477539062,1778.91552734375,543.9937133789062,500.3458557128906,1667.9844970703125,399.9039001464844,504.4736633300781,1838.7138671875,241.93893432617188,488.3144226074219,1819.64794921875,73.52696990966797,212.75027465820312,1111.4732666015625,622.2296752929688,185.28036499023438,1195.918701171875,533.755615234375,212.58291625976562,968.0155029296875,276.7979736328125,230.5189208984375,901.3519287109375,101.98300170898438,464.6400451660156,1144.979736328125,623.7213745117188,478.112060546875,1234.819580078125,537.591552734375,441.4073791503906,1156.1217041015625,248.04905700683594,417.44512939453125,1228.6168212890625,85.39718627929688,330.4833679199219,1498.6766357421875,758.3131103515625,52.167114106558415,120.72650203815994,114.59377777946321,37.59174605740955,95.18436654902575,115.94842454683356,-43.66538189038283,-94.76386748590986,-71.97223040791867,-46.207805406168774,-118.58649660779,-48.3558119516598
1.665,296.9858093261719,1827.127197265625,543.78955078125,279.43377685546875,1664.595703125,419.58380126953125,310.86181640625,1686.5687255859375,220.62744140625,308.44287109375,1694.546142578125,35.099830627441406,547.4402465820312,1786.7720947265625,545.2598266601562,500.1942138671875,1676.9794921875,401.4936218261719,503.3870849609375,1850.1893310546875,242.62789916992188,488.6873474121094,1840.7626953125,71.96566009521484,212.3846893310547,1118.9635009765625,622.401123046875,184.63955688476562,1203.8109130859375,534.5328369140625,212.4966583251953,976.4061279296875,278.5002746582031,230.03656005859375,912.8368530273438,103.57269287109375,464.1059875488281,1150.7086181640625,624.3961181640625,478.33905029296875,1239.8697509765625,537.8715209960938,441.94720458984375,1157.8011474609375,248.83273315429688,417.7353820800781,1228.390625,85.63765716552734,332.2649230957031,1504.6392822265625,758.8208618164062,52.61311956334521,121.08459413828655,113.99064384183714,37.36855755738378,95.15806940435323,119.04893252345113,-43.997973621655206,-94.390960983217,-70.3643031503125,-45.85977971057213,-118.28905133662639,-49.03853931241312
1.67,297.2083435058594,1833.2916259765625,543.26904296875,279.5010986328125,1669.3868408203125,420.1166076660156,310.92803955078125,1688.5816650390625,220.90457153320312,308.4348449707031,1694.35302734375,34.97627258300781,548.0608520507812,1794.5806884765625,546.4620971679688,500.0439758300781,1685.941162109375,403.0554504394531,502.283447265625,1861.354736328125,243.00318908691406,489.1618957519531,1861.4521484375,70.48734283447266,211.9233856201172,1126.6014404296875,622.532470703125,183.98899841308594,1211.86328125,535.3132934570312,212.38864135742188,985.0245971679688,280.3491516113281,229.54519653320312,925.1436767578125,105.24072265625,463.4869689941406,1156.298583984375,625.1869506835938,478.59649658203125,1244.83251953125,538.308837890625,442.4696960449219,1159.60888671875,249.63156127929688,418.0256652832031,1228.2169189453125,85.90947723388672,334.1014099121094,1510.764404296875,759.2415161132812,53.08005553941376,121.41627211299362,113.44171911569254,37.146211325257184,95.2319896355582,121.94657409249976,-44.34982815029397,-93.99104742860288,-68.52010205169583,-45.54083421622863,-118.01145157888443,-49.73440924503171
1.675,297.4590148925781,1839.4844970703125,542.6686401367188,279.6707763671875,1674.11328125,420.5830993652344,311.0177307128906,1690.546630859375,221.15579223632812,308.43280029296875,1694.11962890625,34.845359802246094,548.6570434570312,1802.345947265625,547.5903930664062,499.9007568359375,1694.885986328125,404.56402587890625,501.1766357421875,1872.2109375,243.06190490722656,489.74224853515625,1881.642822265625,69.08860778808594,211.37013244628906,1134.3819580078125,622.6192016601562,183.33230590820312,1220.0677490234375,536.0860595703125,212.2520751953125,993.8800048828125,282.32452392578125,229.0474853515625,938.2537231445312,106.98027038574219,462.785400390625,1161.7579345703125,626.0767822265625,478.877197265625,1249.718017578125,538.890625,442.9643859863281,1161.538330078125,250.4442901611328,418.30877685546875,1228.10498046875,86.20768737792969,335.9846496582031,1517.0560302734375,759.5751953125,53.5633482383987,121.72596746410346,112.93604505171356,36.91862656695605,95.40766962580926,124.61418411716795,-44.71809575358441,-93.57001650626668,-66.45305132117025,-45.253173532387166,-117.74813567567442,-50.431783561664076
1.68,297.73162841796875,1845.6966552734375,541.9965209960938,279.9408264160156,1678.780029296875,420.9834899902344,311.1314392089844,1692.469482421875,221.38035583496094,308.4373474121094,1693.8443603515625,34.70952224731445,549.2277221679688,1810.0728759765625,548.6351318359375,499.77020263671875,1703.8291015625,405.9945068359375,500.08050537109375,1882.7579345703125,242.80624389648438,490.4298400878906,1901.2625732421875,67.76347351074219,210.72984313964844,1142.2982177734375,622.658935546875,182.6728057861328,1228.41552734375,536.8417358398438,212.0799560546875,1002.9832763671875,284.4024963378906,228.5460968017578,952.1414794921875,108.78329467773438,462.00469970703125,1167.0975341796875,627.0479125976562,479.1738586425781,1254.5372314453125,539.60205078125,443.42193603515625,1163.5791015625,251.2707977294922,418.5782775878906,1228.0601806640625,86.52812194824219,337.9059143066406,1523.5152587890625,759.8233032226562,54.05823076046818,122.01837606612355,112.46184497970415,36.680042186822675,95.68567652572477,127.02897282217702,-45.10000907418575,-93.13463079895652,-64.18036313982392,-44.99798037788787,-117.49341017023806,-51.11981494177945
1.685,298.01983642578125,1851.9180908203125,541.2610473632812,280.3072814941406,1683.3939208984375,421.31878662109375,311.26953125,1694.35888671875,221.5771942138672,308.4490966796875,1693.5267333984375,34.57197570800781,549.77197265625,1817.767578125,549.5875854492188,499.6579895019531,1712.7830810546875,407.32305908203125,499.0084533691406,1892.9937744140625,242.24346923828125,491.22320556640625,1920.2412109375,66.50393676757812,210.00843811035156,1150.3421630859375,622.651123046875,182.013427734375,1236.8966064453125,537.5723876953125,211.86537170410156,1012.3468627929688,286.55596923828125,228.04356384277344,966.7755737304688,110.64054870605469,461.1492004394531,1172.33056640625,628.0824584960938,479.47918701171875,1259.3017578125,540.4266357421875,443.83428955078125,1165.7181396484375,252.11166381835938,418.8284912109375,1228.0850830078125,86.86736297607422,339.856201171875,1530.140625,759.9885864257812,54.55972743728455,122.29813119662185,112.00663780238415,36.42557254039974,96.06525151843675,129.17354019945367,-45.4926189553598,-92.69277605214563,-61.72349896369059,-44.77537103319662,-117.24181379793819,-51.7887997901808
1.69,298.3173522949219,1858.1397705078125,540.4710693359375,280.7644348144531,1687.963623046875,421.5908203125,311.4321594238281,1696.22607421875,221.7449188232422,308.4685974121094,1693.16748046875,34.436824798583984,550.288818359375,1825.4361572265625,550.4396362304688,499.56976318359375,1721.7576904296875,408.5274353027344,497.97314453125,1902.9151611328125,241.38580322265625,492.1180725097656,1938.5115966796875,65.30057525634766,209.2127685546875,1158.50439453125,622.597412109375,181.35675048828125,1245.5008544921875,538.2721557617188,211.601806640625,1021.9844360351562,288.75518798828125,227.54232788085938,982.1192626953125,112.5415267944336,460.22418212890625,1177.4722900390625,629.1626586914062,479.78607177734375,1264.023681640625,541.3467407226562,444.194580078125,1167.9410400390625,252.9678192138672,419.0546875,1228.1795654296875,87.22254180908203,341.8261413574219,1536.92724609375,760.0746459960938,55.0629379605503,122.56956729388713,111.55785882663815,36.15118311809994,96.54443151658262,131.03533514726217,-45.89326850210023,-92.25286080275555,-59.107146437854084,-44.584493481078766,-116.98836606751239,-52.430684674033174
1.695,298.6180419921875,1864.3526611328125,539.6354370117188,281.3049011230469,1692.4990234375,421.8021240234375,311.6192321777344,1698.08544921875,221.8817596435547,308.496337890625,1692.7685546875,34.30913162231445,550.77734375,1833.0849609375,551.1842651367188,499.5111389160156,1730.75927734375,409.5876159667969,496.9862060546875,1912.5166015625,240.25010681152344,493.1076354980469,1956.011474609375,64.14322662353516,208.35037231445312,1166.7744140625,622.501220703125,180.7049560546875,1254.21728515625,538.9367065429688,211.283447265625,1031.9102783203125,290.96832275390625,227.04461669921875,998.1314086914062,114.47451782226562,459.2357177734375,1182.5394287109375,630.2714233398438,480.08770751953125,1268.715576171875,542.3440551757812,444.4972839355469,1170.2330322265625,253.84017944335938,419.2530212402344,1228.3416748046875,87.59127044677734,343.8061828613281,1543.8681640625,760.086181640625,55.56309281952244,122.83629309940949,111.10314029098583,35.85398753912119,97.12004592054552,132.607213598945,-46.29921521249872,-91.82412900882534,-56.35963992150218,-44.42370967468963,-116.72864083461378,-53.03898265559518
1.7,298.9161682128906,1870.5487060546875,538.7633056640625,281.91998291015625,1697.010986328125,421.9558410644531,311.8303527832031,1699.954345703125,221.98561096191406,308.53265380859375,1692.333984375,34.195030212402344,551.2367553710938,1840.720458984375,551.8154296875,499.4876708984375,1739.789794921875,410.4861145019531,496.0578918457031,1921.7911376953125,238.85760498046875,494.1827392578125,1972.6839599609375,63.02162170410156,207.42938232421875,1175.140869140625,622.3677978515625,180.0598907470703,1263.03466796875,539.5638427734375,210.9054718017578,1042.1387939453125,293.1623229980469,226.55245971679688,1014.7672119140625,116.42659759521484,458.1905212402344,1187.5499267578125,631.3925170898438,480.37774658203125,1273.3902587890625,543.400146484375,444.7381896972656,1172.579833984375,254.72943115234375,419.42071533203125,1228.56787109375,87.9715347290039,345.78680419921875,1550.9539794921875,760.0285034179688,56.055679016167915,123.10104599942753,110.63090024190956,35.53261815461639,97.78723747546218,133.88759452170996,-46.70793215338773,-91.41623946690274,-53.511931160731876,-44.29071787347763,-116.45891095816062,-53.609002539509135
1.705,299.2064514160156,1876.7208251953125,537.8635864257812,282.5997619628906,1701.51171875,422.0553894042969,312.06488037109375,1701.853759765625,222.05397033691406,308.57769775390625,1691.8695068359375,34.10176086425781,551.6661376953125,1848.3489990234375,552.3280639648438,499.5047912597656,1748.8468017578125,411.2087707519531,495.1968688964844,1930.729736328125,237.2333221435547,495.33221435546875,1988.4791259765625,61.92598342895508,206.4582061767578,1183.5916748046875,622.2036743164062,179.42308044433594,1271.9417724609375,540.1529541015625,210.46429443359375,1052.68408203125,295.3035583496094,226.067626953125,1031.9793701171875,118.38365936279297,457.09600830078125,1192.5228271484375,632.5106811523438,480.6504211425781,1278.0606689453125,544.4965209960938,444.9143981933594,1174.9686279296875,255.63572692871094,419.55584716796875,1228.8533935546875,88.36156463623047,347.7585144042969,1558.173095703125,759.9075317382812,56.53643947503164,123.36557378266866,110.13010135457944,35.18738812246551,98.5396587984552,134.8805417283462,-47.117146276395914,-91.03905043874934,-50.59679475193971,-44.182533409366755,-116.17640221383392,-54.138332238615035
1.71,299.484375,1882.86328125,536.9451904296875,283.3334655761719,1706.013427734375,422.1044616699219,312.3218078613281,1703.8077392578125,222.08399963378906,308.63140869140625,1691.3836669921875,34.03773498535156,552.0648193359375,1855.97607421875,552.7184448242188,499.5677490234375,1757.9232177734375,411.74493408203125,494.40997314453125,1939.322021484375,235.40560913085938,496.543212890625,2003.3546142578125,60.84758377075195,205.44541931152344,1192.114501953125,622.0166625976562,178.7958221435547,1280.9268798828125,540.7050170898438,209.95782470703125,1063.5595703125,297.3584289550781,225.5915985107422,1049.718994140625,120.33052062988281,455.9599914550781,1197.4774169921875,633.6121215820312,480.9005126953125,1282.739990234375,545.6154174804688,445.0242614746094,1177.3885498046875,256.55859375,419.6575622558594,1229.19287109375,88.759765625,349.7120361328125,1565.5128173828125,759.7294921875,57.001574424124584,123.63021852934935,109.59136143657577,34.820196369029816,99.3695253002403,135.5950706501818,-47.52452390303745,-90.70292016395315,-47.64885933707137,-44.09591474960044,-115.87899693266667,-54.626121517571264
1.715,299.7461853027344,1888.9716796875,536.0166015625,284.1098327636719,1710.5291748046875,422.1067810058594,312.599853515625,1705.8443603515625,222.07252502441406,308.69342041015625,1690.8870849609375,34.01254653930664,552.4320068359375,1863.60693359375,552.9841918945312,499.681396484375,1767.007568359375,412.088134765625,493.7020568847656,1947.5565185546875,233.40541076660156,497.8016662597656,2017.276611328125,59.7791862487793,204.3995361328125,1200.69677734375,621.8151245117188,178.17922973632812,1289.9788818359375,541.2225952148438,209.38560485839844,1074.7772216796875,299.29425048828125,225.12562561035156,1067.936279296875,122.2509765625,454.7906799316406,1202.4329833984375,634.6843872070312,481.12359619140625,1287.441162109375,546.73974609375,445.06744384765625,1179.8304443359375,257.496826171875,419.725830078125,1229.58056640625,89.16466522216797,351.6385498046875,1572.95849609375,759.5007934570312,57.44763547963322,123.8939899070781,109.00622110480015,34.43481970669461,100.2675285815343,136.0453557463522,-47.92829131533429,-90.41776983470601,-44.70228345898124,-44.02730271357956,-115.56534699526091,-55.07313981626919
1.72,299.98907470703125,1895.0430908203125,535.0860595703125,284.9172058105469,1715.0721435546875,422.06585693359375,312.8973388671875,1707.9947509765625,222.0160675048828,308.762939453125,1690.3936767578125,34.036949157714844,552.7671508789062,1871.2457275390625,553.1240844726562,499.85028076171875,1776.083740234375,412.2361145019531,493.0758972167969,1955.420654296875,231.2656707763672,499.0926208496094,2030.2203369140625,58.71540451049805,203.32879638671875,1209.3258056640625,621.6079711914062,177.57427978515625,1299.0863037109375,541.7092895507812,208.74888610839844,1086.34765625,301.0797119140625,224.67066955566406,1086.5816650390625,124.1279296875,453.5964660644531,1207.4083251953125,635.716552734375,481.31573486328125,1292.177001953125,547.8536987304688,445.04473876953125,1182.287841796875,258.4485778808594,419.7615051269531,1230.010498046875,89.57484436035156,353.5296936035156,1580.4954833984375,759.2279052734375,57.871533443014584,124.15464051261102,108.36770547705737,34.03683784693169,101.22292291600058,136.25040710451606,-48.32670100836518,-90.19366295557518,-41.791191542428066,-43.973163733469676,-115.23471436376751,-55.48159200351115
1.725,300.2113342285156,1901.076416015625,534.1612548828125,285.7440185546875,1719.655517578125,421.9848937988281,313.2123107910156,1710.2938232421875,221.91091918945312,308.8388366699219,1689.9205322265625,34.12281799316406,553.0698852539062,1878.895263671875,553.1385498046875,500.078369140625,1785.13134765625,412.1912536621094,492.5323791503906,1962.9017333984375,229.02049255371094,500.40069580078125,2042.17041015625,57.652896881103516,202.24105834960938,1217.9893798828125,621.4041137695312,176.98202514648438,1308.2384033203125,542.1696166992188,208.05076599121094,1098.2794189453125,302.6854553222656,224.2274169921875,1105.6060791015625,125.94351959228516,452.3858642578125,1212.4217529296875,636.6993408203125,481.473876953125,1296.9599609375,548.942626953125,444.95819091796875,1184.756591796875,259.4112243652344,419.7662048339844,1230.4769287109375,89.9888916015625,355.3778076171875,1588.1080322265625,758.9171142578125,58.27062551421747,124.40835675963308,107.67041829962602,33.63347818648896,102.22371316816827,136.23338109427385,-48.71835352894544,-90.04016596414715,-38.948032312362386,-43.92982709555949,-114.88711135590577,-55.855177525139
1.73,300.4123840332031,1907.072509765625,533.2491455078125,286.57904052734375,1724.2926025390625,421.8666076660156,313.5425109863281,1712.7796630859375,221.75320434570312,308.9194030761719,1689.4881591796875,34.28303527832031,553.340087890625,1886.557373046875,553.0294189453125,500.368896484375,1794.1265869140625,411.9606018066406,492.0703430175781,1969.987548828125,226.70448303222656,501.7104797363281,2053.121337890625,56.590476989746094,201.14356994628906,1226.6756591796875,621.212158203125,176.40350341796875,1317.4248046875,542.6087646484375,207.29603576660156,1110.5789794921875,304.0845642089844,223.79637145996094,1124.9622802734375,127.67932891845703,451.16729736328125,1217.489990234375,637.6248168945312,481.595458984375,1301.8021240234375,549.9935913085938,444.810791015625,1187.2344970703125,260.381591796875,419.7421569824219,1230.9742431640625,90.40536499023438,357.1761169433594,1595.781005859375,758.5743408203125,58.642678904222294,124.65003652014013,106.91044167419523,33.23352652687231,103.25679741092694,136.02123729246756,-49.102157895795955,-89.96633675882555,-36.20284636556687,-43.89413387473698,-114.52260732957616,-56.19771803146962
1.735,300.5927429199219,1913.03369140625,532.3561401367188,287.4115905761719,1728.99658203125,421.7131042480469,313.8854064941406,1715.493408203125,221.5389404296875,309.0024108886719,1689.120361328125,34.5313606262207,553.5780029296875,1894.232177734375,552.800048828125,500.7244567871094,1803.04248046875,411.55572509765625,491.6868896484375,1976.6666259765625,224.3519744873047,503.0069580078125,2063.0771484375,55.52906799316406,200.04296875,1235.3736572265625,621.0400390625,175.83995056152344,1326.6353759765625,543.0320434570312,206.4911651611328,1123.25048828125,305.2529602050781,223.3778533935547,1144.604248046875,129.31655883789062,449.94903564453125,1222.6287841796875,638.486572265625,481.6786804199219,1306.71484375,550.9950561523438,444.606689453125,1189.721435546875,261.3560485839844,419.6921691894531,1231.4970703125,90.82279205322266,358.91864013671875,1603.499267578125,758.2052612304688,58.98573211488252,124.87342994083969,106.08500967204515,32.846963116619605,104.30832211718223,135.6438790603117,-49.4770927349405,-89.9808056053416,-33.58345598181859,-43.86294773137928,-114.14187304870589,-56.51421356420984
1.74,300.7541809082031,1918.9642333984375,531.4878540039062,288.2318420410156,1733.7806396484375,421.5258483886719,314.2381896972656,1718.47900390625,221.2642364501953,309.0849304199219,1688.8453369140625,34.88222885131836,553.7843627929688,1901.9178466796875,552.4553833007812,501.1466064453125,1811.8497314453125,410.99267578125,491.3776550292969,1982.929443359375,221.99627685546875,504.27587890625,2072.05126953125,54.47154998779297,198.9451141357422,1244.0731201171875,620.8947143554688,175.29286193847656,1335.8607177734375,543.44482421875,205.64414978027344,1136.2960205078125,306.16973876953125,222.9720458984375,1164.488525390625,130.83627319335938,448.7389831542969,1227.85205078125,639.2797241210938,481.7221374511719,1311.7091064453125,551.9371337890625,444.3507995605469,1192.2188720703125,262.33062744140625,419.6195983886719,1232.04052734375,91.23966979980469,360.60052490234375,1611.2486572265625,757.8148803710938,59.29816223923265,125.07121705316973,105.19286406722733,32.48456434728459,105.36401286789271,135.1331747591641,-49.84250372784791,-90.09134831247951,-31.1142363727933,-43.83364922745449,-113.74554544334362,-56.80950020411848
1.745,300.899658203125,1924.8702392578125,530.6490478515625,289.0309753417969,1738.6578369140625,421.30560302734375,314.597900390625,1721.7823486328125,220.92530822753906,309.1634521484375,1688.6944580078125,35.35050964355469,553.9602661132812,1909.6109619140625,552.0018920898438,501.6361083984375,1820.5177001953125,410.2915344238281,491.13702392578125,1988.768310546875,219.6691436767578,505.5039978027344,2080.066162109375,53.422489166259766,197.85508728027344,1252.76513671875,620.781982421875,174.7639617919922,1345.0924072265625,543.8521728515625,204.76426696777344,1149.715087890625,306.8173522949219,222.5791015625,1184.5736083984375,132.2196502685547,447.54461669921875,1233.1719970703125,640.0004272460938,481.72509765625,1316.794921875,552.8116455078125,444.0489501953125,1194.7296142578125,263.3011169433594,419.52801513671875,1232.6002197265625,91.65441131591797,362.2179870605469,1619.0157470703125,757.4078369140625,59.578653492009835,125.23528302202533,104.23379936467586,32.15756353279073,106.40958144743638,134.5222987774505,-50.197938585001566,-90.30481154978168,-28.81619584073195,-43.80406978568578,-113.33435345507284,-57.08837839345334
1.75,301.03314208984375,1930.759765625,529.84375,289.8015441894531,1743.6416015625,421.0523681640625,314.96136474609375,1725.451171875,220.51870727539062,309.23370361328125,1688.703369140625,35.95121383666992,554.1076049804688,1917.3062744140625,551.447509765625,502.1925048828125,1829.0150146484375,409.4759216308594,490.95849609375,1994.1788330078125,217.40016174316406,506.6794738769531,2087.15283203125,52.3878288269043,196.77719116210938,1261.4417724609375,620.7061767578125,174.2553253173828,1354.322265625,544.2586059570312,203.86187744140625,1163.5047607421875,307.1819152832031,222.19918823242188,1204.8201904296875,133.44825744628906,446.37286376953125,1238.5987548828125,640.6461791992188,481.6871643066406,1321.9813232421875,553.6117553710938,443.7075500488281,1197.257568359375,264.2632141113281,419.4212646484375,1233.17236328125,92.06539916992188,363.768310546875,1626.7886962890625,756.9880981445312,59.826079132344205,125.35704204262379,103.20857221774179,31.87722724775068,107.43090035631917,133.8448320170586,-50.54307289099913,-90.62714903633258,-26.70709908352501,-43.7724000706628,-112.90913072487568,-57.355606891233364
1.755,301.15960693359375,1936.6422119140625,529.0752563476562,290.537353515625,1748.7451171875,420.7654724121094,315.3254089355469,1729.5338134765625,220.04150390625,309.2906799316406,1688.9112548828125,36.699153900146484,554.2288208007812,1924.996337890625,550.8014526367188,502.8144836425781,1837.310791015625,408.5724792480469,490.8350524902344,1999.16015625,215.21624755859375,507.7920837402344,2093.349609375,51.374473571777344,195.71498107910156,1270.09619140625,620.6702270507812,173.76939392089844,1363.543212890625,544.6676635742188,202.94810485839844,1177.65966796875,307.253173828125,221.83255004882812,1225.19091796875,134.50436401367188,445.22991943359375,1244.140380859375,641.21533203125,481.60833740234375,1327.2763671875,554.332275390625,443.3336181640625,1199.8070068359375,265.21258544921875,419.3033447265625,1233.7532958984375,92.47096252441406,365.2499694824219,1634.5570068359375,756.55908203125,60.03950153355913,125.42762800181663,102.1188622359108,31.654236408447844,108.41465438471789,133.1333412103521,-50.87776679740878,-91.06308460870898,-24.801257132922103,-43.73745575399508,-112.47044438022314,-57.615190035336425
1.76,301.284912109375,1942.52880859375,528.345947265625,291.23370361328125,1753.982177734375,420.44366455078125,315.6869201660156,1734.0789794921875,219.49143981933594,309.3287048339844,1689.36083984375,37.60855484008789,554.3271484375,1932.671875,550.0744018554688,503.49957275390625,1845.3758544921875,407.6098937988281,490.759521484375,2003.7152099609375,213.14134216308594,508.8332824707031,2098.701416015625,50.38987350463867,194.67132568359375,1278.72314453125,620.6752319335938,173.30894470214844,1372.748779296875,545.0820922851562,202.03468322753906,1192.1722412109375,307.0248107910156,221.4796600341797,1245.650146484375,135.37127685546875,444.121337890625,1249.802978515625,641.707275390625,481.4889221191406,1332.6868896484375,554.96923828125,442.9344482421875,1202.3831787109375,266.1449890136719,419.1782531738281,1234.340087890625,92.86941528320312,366.6624755859375,1642.311767578125,756.1235961914062,60.21817013920824,125.43820974922232,100.96706194607128,31.49814559884757,109.34883115184942,132.41831836848883,-51.202002944157925,-91.61613838212828,-23.109941753206613,-43.698357356010746,-112.0190193299859,-57.871122386632294
1.765,301.41558837890625,1948.431884765625,527.6576538085938,291.88751220703125,1759.36669921875,420.0850524902344,316.0428161621094,1739.1341552734375,218.86712646484375,309.3413391113281,1690.097900390625,38.69265365600586,554.4063720703125,1940.3221435546875,549.2780151367188,504.2443542480469,1853.182861328125,406.61834716796875,490.724853515625,2007.8511962890625,211.19610595703125,509.79644775390625,2103.25927734375,49.441619873046875,193.64849853515625,1287.3182373046875,620.7207641601562,172.87705993652344,1381.933349609375,545.5032958984375,201.13351440429688,1207.031982421875,306.4942321777344,221.1411895751953,1266.1636962890625,136.03359985351562,443.05169677734375,1255.5904541015625,642.1218872070312,481.3295593261719,1338.2186279296875,555.5197143554688,442.5176696777344,1204.9908447265625,267.05633544921875,419.0499267578125,1234.9302978515625,93.25904083251953,368.00640869140625,1650.045654296875,755.68408203125,60.36138045521213,125.38043462202984,99.75609243045437,31.41739178467003,110.22250215404114,131.7283824137033,-51.515874210575845,-92.28831331070424,-21.641102772827907,-43.65478303986163,-111.55520383801552,-58.126209142358476
1.77,301.55865478515625,1954.365478515625,527.0117797851562,292.49713134765625,1764.913330078125,419.6873474121094,316.3902587890625,1744.7449951171875,218.16835021972656,309.3215637207031,1691.1710205078125,39.96323776245117,554.47119140625,1947.934326171875,548.4249877929688,505.0445251464844,1860.7080078125,405.6283264160156,490.7244567871094,2011.5804443359375,209.39779663085938,510.67681884765625,2107.078369140625,48.537025451660156,192.6482696533203,1295.8785400390625,620.8046264648438,172.4771270751953,1391.0921630859375,545.9315795898438,200.25653076171875,1222.2257080078125,305.6628112792969,220.81814575195312,1286.6978759765625,136.47763061523438,442.0247497558594,1261.5047607421875,642.4597778320312,481.1310119628906,1343.8756103515625,555.9819946289062,442.0908508300781,1207.63525390625,267.9426574707031,418.9221496582031,1235.521484375,93.63813018798828,369.28326416015625,1657.7529296875,755.2423095703125,60.468494503660025,125.24672519015354,98.48936430086525,31.418373006141366,111.02663479840822,131.08799553797462,-51.81958504023842,-93.07997816667017,-20.399822255911516,-43.606659883520535,-111.07955662097193,-58.383419126811035
1.775,301.72137451171875,1960.3441162109375,526.4090576171875,293.0625,1770.63671875,419.24786376953125,316.7267150878906,1750.9542236328125,217.39617919921875,309.26177978515625,1692.6307373046875,41.43021774291992,554.5267333984375,1955.49462890625,547.52880859375,505.8948974609375,1867.9315185546875,404.6698913574219,490.7524719238281,2014.91943359375,207.76016235351562,511.4715881347656,2110.217529296875,47.682769775390625,191.67201232910156,1304.4022216796875,620.923095703125,172.11276245117188,1400.2208251953125,546.3658447265625,199.41542053222656,1237.7374267578125,304.53564453125,220.51193237304688,1307.2196044921875,136.69168090820312,441.0433349609375,1267.5455322265625,642.7218017578125,480.894287109375,1349.66064453125,556.35498046875,441.6615905761719,1210.3211669921875,268.8000793457031,418.7984619140625,1236.112060546875,94.00501251220703,370.4953308105469,1665.4295654296875,754.7998657226562,60.53892880313833,125.03035822226252,97.17091953343419,31.505555085045756,111.75407677463954,130.51788012832134,-52.11321859510076,-93.99000553197706,-19.388754136374985,-43.55442489413298,-110.59230025842893,-58.64448261568623
1.78,301.9112243652344,1966.3834228515625,525.85009765625,293.5848693847656,1776.552490234375,418.7637023925781,317.050048828125,1757.8001708984375,216.55328369140625,309.15399169921875,1694.5291748046875,43.101173400878906,554.5789184570312,1962.9881591796875,546.6034545898438,506.789794921875,1874.8382568359375,403.77178955078125,490.8038330078125,2017.8895263671875,206.2935028076172,512.1796264648438,2112.7373046875,46.88462829589844,190.72084045410156,1312.8880615234375,621.0709228515625,171.78768920898438,1409.31591796875,546.8038330078125,198.62135314941406,1253.5477294921875,303.12158203125,220.22430419921875,1327.6953125,136.66632080078125,440.10931396484375,1273.7110595703125,642.9091796875,480.6204833984375,1355.57470703125,556.63818359375,441.23712158203125,1213.053466796875,269.625,418.68212890625,1236.700439453125,94.35804748535156,371.6456298828125,1673.0726318359375,754.3579711914062,60.572021688515576,124.72624383309568,95.80507177140112,31.68119943162145,112.39960932358156,130.03410239910602,-52.39714922752725,-95.01505304970516,-18.60729711520011,-43.49843759018421,-110.09408999774345,-58.91172061768698
1.785,302.1353759765625,1972.499267578125,525.3353271484375,294.06683349609375,1782.676025390625,418.2317810058594,317.35870361328125,1765.3160400390625,215.64405822753906,308.9898986816406,1696.919189453125,44.98090744018555,554.6339721679688,1970.3994140625,545.6632690429688,507.7229309082031,1881.4185791015625,402.9604797363281,490.87451171875,2020.5162353515625,205.00474548339844,512.8015747070312,2114.7001953125,46.14723587036133,189.7957000732422,1321.3360595703125,621.2413940429688,171.50570678710938,1418.3740234375,547.2420043945312,197.8848114013672,1269.63330078125,301.43310546875,219.95748901367188,1348.0909423828125,136.39479064941406,439.22357177734375,1279.997314453125,643.0233154296875,480.3109436035156,1361.6170654296875,556.831787109375,440.82427978515625,1215.8363037109375,270.413818359375,418.5760803222656,1237.28564453125,94.69566345214844,372.7375793457031,1680.680908203125,753.917724609375,60.56710149633338,124.33067796691347,94.39693963622176,31.94517159544307,112.9602465138957,129.64791760634546,-52.671514267876205,-96.15005344178547,-18.05257017943748,-43.43944476944722,-109.58541207660853,-59.18648857114556
1.79,302.4007568359375,1978.7076416015625,524.8650512695312,294.5119934082031,1789.0233154296875,417.64910888671875,317.6515808105469,1773.5281982421875,214.67489624023438,308.76116943359375,1699.8529052734375,47.07108688354492,554.6983032226562,1977.7127685546875,544.7228393554688,508.6877746582031,1887.668212890625,402.2595520019531,490.96136474609375,2022.8289794921875,203.89768981933594,513.3395385742188,2116.168212890625,45.473934173583984,188.89749145507812,1329.7464599609375,621.4266967773438,171.2705078125,1427.3927001953125,547.6756591796875,197.21542358398438,1285.9671630859375,299.4860534667969,219.714111328125,1368.3709716796875,135.8731689453125,438.3860778808594,1286.39892578125,643.0655517578125,479.9671325683594,1367.785400390625,556.93603515625,440.4294738769531,1218.673828125,271.1631164550781,418.48284912109375,1237.86669921875,95.01641845703125,373.7750549316406,1688.25390625,753.4800415039062,60.523409950834946,123.84210106171287,92.95197557142484,32.29511602507867,113.4349595668516,129.36566297317842,-52.93668524017133,-97.38758711188345,-17.718741313269163,-43.37816258276166,-109.06703101514417,-59.470475303085266
1.795,302.7137451171875,1985.024169921875,524.439697265625,294.92486572265625,1795.60986328125,417.0126953125,317.9283142089844,1782.4561767578125,213.6542205810547,308.4596252441406,1703.381591796875,49.36986541748047,554.7786254882812,1984.9127197265625,543.7964477539062,509.6776428222656,1893.5889892578125,401.68896484375,491.0622863769531,2024.8604736328125,202.97314453125,513.796875,2117.202392578125,44.86671829223633,188.02711486816406,1338.1199951171875,621.6177978515625,171.08563232421875,1436.369384765625,548.0991821289062,196.62181091308594,1302.5172119140625,297.29937744140625,219.4971923828125,1388.4986572265625,135.10064697265625,437.595947265625,1292.908935546875,643.0374145507812,479.59063720703125,1374.075439453125,556.95166015625,440.058349609375,1221.5693359375,271.8695983886719,418.4046325683594,1238.44287109375,95.31896209716797,374.7620544433594,1695.791748046875,753.0460205078125,60.4401050548075,123.26076019932361,91.47655165529613,32.726358677480874,113.8249277751612,129.1884577832974,-53.1930153747506,-98.71808773739862,-17.59703779176823,-43.31529294799253,-108.53992587441891,-59.76526567039619
1.8,303.0799560546875,1991.4638671875,524.0599365234375,295.3105773925781,1802.450927734375,416.3199157714844,318.18927001953125,1792.1107177734375,212.5926513671875,308.07745361328125,1707.5537109375,51.87165069580078,554.88134765625,1991.98486328125,542.8983154296875,510.6858825683594,1899.1881103515625,401.2647705078125,491.176025390625,2026.645751953125,202.22921752929688,514.1779174804688,2117.86181640625,44.32622528076172,187.185546875,1346.4576416015625,621.8049926757812,170.95433044433594,1445.301513671875,548.506103515625,196.1114501953125,1319.246826171875,294.89495849609375,219.31008911132812,1408.434814453125,134.07969665527344,436.8514099121094,1299.51904296875,642.9401245117188,479.18328857421875,1380.48095703125,556.8793334960938,439.71588134765625,1224.526123046875,272.5299377441406,418.3431091308594,1239.0140380859375,95.60211944580078,375.70257568359375,1703.29541015625,752.6167602539062,60.31625459937479,122.5893085917391,89.9776167217318,33.23237944211556,114.13308661118589,129.11309643857646,-53.44076204953603,-100.1300592678466,-17.67658930834307,-43.251414832843636,-108.00549123521992,-60.072797514498234
1.805,303.50421142578125,1998.040283203125,523.7265625,295.67462158203125,1809.5606689453125,415.5683898925781,318.4354553222656,1802.4935302734375,211.50296020507812,307.6075744628906,1712.4140625,54.56688690185547,555.0126953125,1998.9156494140625,542.0420532226562,511.7060852050781,1904.4786376953125,400.99859619140625,491.302001953125,2028.221435546875,201.66162109375,514.4879760742188,2118.203369140625,43.85179901123047,186.37388610839844,1354.76025390625,621.97802734375,170.87937927246094,1454.1866455078125,548.889404296875,195.6905517578125,1336.11376953125,292.297119140625,219.15634155273438,1428.138671875,132.81617736816406,436.1499938964844,1306.2193603515625,642.7750854492188,478.74713134765625,1386.99365234375,556.7199096679688,439.4062805175781,1227.5469970703125,273.1410217285156,418.2996520996094,1239.579833984375,95.86490631103516,376.6004638671875,1710.765869140625,752.1937255859375,60.150836266435135,121.83262294117873,88.46289421484414,33.80466944612715,114.36448130716622,129.13164047398413,-53.680288076803805,-101.609831944977,-17.943412229138005,-43.18694287763833,-107.46550645770986,-60.39549727947761
1.81,303.99029541015625,2004.765380859375,523.4407958984375,296.0225830078125,1816.951904296875,414.7563781738281,318.6685791015625,1813.5966796875,210.40003967285156,307.0439453125,1718.0025634765625,57.4420051574707,555.1784057617188,2005.693603515625,541.2405395507812,512.7320556640625,1909.478515625,400.897705078125,491.4402160644531,2029.6251220703125,201.26394653320312,514.73291015625,2118.27978515625,43.44160842895508,185.5933837890625,1363.028076171875,622.126220703125,170.86302185058594,1463.022216796875,549.2416381835938,195.36402893066406,1353.0701904296875,289.5323181152344,219.03968811035156,1447.56689453125,131.31939697265625,435.4886169433594,1312.9991455078125,642.5433959960938,478.2844543457031,1393.6036376953125,556.474365234375,439.13287353515625,1230.6337890625,273.6997985839844,418.2751159667969,1240.140625,96.10652160644531,377.4593505859375,1718.2037353515625,751.7784423828125,59.94277420768384,120.99785205209844,86.9407929535364,34.43343559713128,114.52555835443002,129.2324153596038,-53.9121215512468,-103.1417441744147,-18.380784536360352,-43.12217993213034,-106.92192827667476,-60.73554357977227
1.815,304.5409240722656,2011.64892578125,523.203857421875,296.35980224609375,1824.63525390625,413.8827209472656,318.8909912109375,1825.4027099609375,209.30068969726562,306.3817443847656,1724.3531494140625,60.479427337646484,555.3834838867188,2012.3087158203125,540.5056762695312,513.758056640625,1914.2100830078125,400.9648742675781,491.5910949707031,2030.8936767578125,201.0279998779297,514.9188232421875,2118.140869140625,43.092777252197266,184.8453826904297,1371.26123046875,622.239013671875,170.90689086914062,1471.8048095703125,549.5550537109375,195.1353302001953,1370.0626220703125,286.6285400390625,218.96376037597656,1466.673828125,129.60206604003906,434.8636169433594,1319.8463134765625,642.246337890625,477.7977600097656,1400.2987060546875,556.1436157226562,438.898193359375,1233.788330078125,274.203369140625,418.2700500488281,1240.696533203125,96.326416015625,378.2823791503906,1725.609375,751.3729858398438,59.69105491602684,120.09401033939776,85.42056012833768,35.107616491803526,114.62445514306114,129.40047129221762,-54.1364568956094,-104.70907169794626,-18.970530431385328,-43.05700396064992,-106.37742960973553,-61.09634853234061
1.82,305.15771484375,2018.6976318359375,523.0173950195312,296.6912536621094,1832.6187744140625,412.94708251953125,319.1055908203125,1837.8834228515625,208.22340393066406,305.6177062988281,1731.4918212890625,63.6577262878418,555.6320190429688,2018.753662109375,539.8482666015625,514.7787475585938,1918.699462890625,401.1986389160156,491.7552490234375,2032.0631103515625,200.94407653808594,515.0520629882812,2117.831298828125,42.801570892333984,184.13128662109375,1379.4586181640625,622.305908203125,171.0117950439453,1480.530517578125,549.822265625,195.00643920898438,1387.0316162109375,283.6150207519531,218.9320526123047,1485.411865234375,127.68016052246094,434.27093505859375,1326.7476806640625,641.885009765625,477.2899169921875,1407.065185546875,555.7288818359375,438.7038879394531,1237.0115966796875,274.6490173339844,418.2845153808594,1241.248046875,96.52429962158203,379.0722351074219,1732.9820556640625,750.9796142578125,59.39462044470167,119.13229313982845,83.91150518288629,35.815473934928434,114.67042550167838,129.61812719195996,-54.353827177737486,-106.29357265670885,-19.691669445923935,-42.99132517424766,-105.83469621045907,-61.480926973260864
1.825,305.8411560058594,2025.9154052734375,522.8829345703125,297.0211486816406,1840.9068603515625,411.9501037597656,319.3156433105469,1851.0010986328125,207.1879425048828,304.7505187988281,1739.4361572265625,66.951904296875,555.9271240234375,2025.0233154296875,539.2777709960938,515.7893676757812,1922.97509765625,401.5935363769531,491.9332580566406,2033.1673583984375,201.00123596191406,515.1390380859375,2117.39208984375,42.563575744628906,183.4525909423828,1387.618408203125,622.3170776367188,171.17776489257812,1489.194580078125,550.0358276367188,194.97779846191406,1403.9122314453125,280.52154541015625,218.94766235351562,1503.7313232421875,125.5727767944336,433.7062683105469,1333.6893310546875,641.4608154296875,476.7640686035156,1413.886962890625,555.2316284179688,438.55084228515625,1240.3035888671875,275.03436279296875,418.3182678222656,1241.7960205078125,96.70014953613281,379.8310546875,1740.3201904296875,750.6008911132812,59.05270923353606,118.12504365160515,82.4236220259786,36.544946189685646,114.67354529023424,129.8663071641405,-54.56447779428842,-107.87659919028252,-20.52220087801345,-42.92442422630603,-105.2971883522992,-61.89328216630743
1.83,306.59051513671875,2033.302001953125,522.8021850585938,297.3528747558594,1849.4998779296875,410.8935546875,319.5247497558594,1864.7083740234375,206.21487426757812,303.78082275390625,1748.1934814453125,70.33377838134766,556.2708129882812,2031.1151123046875,538.8021850585938,516.7855834960938,1927.067626953125,402.1405944824219,492.1257019042969,2034.2371826171875,201.18760681152344,515.1859130859375,2116.858642578125,42.3738899230957,182.8107147216797,1395.7371826171875,622.2633666992188,171.4038848876953,1497.7911376953125,550.1890869140625,195.04827880859375,1420.6343994140625,277.37799072265625,219.01307678222656,1521.5811767578125,123.3017807006836,433.1652526855469,1340.656005859375,640.9751586914062,476.2236328125,1420.74658203125,554.6535034179688,438.43914794921875,1243.6634521484375,275.35736083984375,418.3707580566406,1242.3411865234375,96.85420989990234,380.5603332519531,1747.6202392578125,750.2398681640625,58.66469406182998,117.08579514974349,80.96657489035636,37.2838805007147,114.64482484929113,130.12437051472529,-54.768846868346685,-109.43912989637147,-21.43849522815802,-42.855639434848996,-104.76829135010345,-62.33706377389986
1.835,307.40399169921875,2040.853515625,522.776611328125,297.68878173828125,1858.3934326171875,409.7804260253906,319.73651123046875,1878.9486083984375,205.32504272460938,302.7115478515625,1757.7601318359375,73.77255249023438,556.663818359375,2037.02880859375,538.4276123046875,517.7634887695312,1931.0078125,402.8277282714844,492.3328552246094,2035.3001708984375,201.49063110351562,515.1985473632812,2116.262939453125,42.227294921875,182.2069549560547,1403.8101806640625,622.1369018554688,171.68833923339844,1506.3128662109375,550.2760009765625,195.21514892578125,1437.1240234375,274.2138671875,219.1300811767578,1538.9093017578125,120.89147186279297,432.6434326171875,1347.631591796875,640.4299926757812,475.67236328125,1427.6246337890625,553.9967041015625,438.36822509765625,1247.089599609375,275.616455078125,418.4410400390625,1242.8846435546875,96.98701477050781,381.26104736328125,1754.8773193359375,749.8995361328125,58.23037203454436,116.02861627565778,79.54993756052033,38.020657961335786,114.59524327798823,130.37227975553157,-54.96710136833772,-110.96280626145456,-22.41693718219358,-42.78391482424922,-104.25188781563897,-62.81647269743408
1.84,308.2786560058594,2048.56103515625,522.8073120117188,298.03009033203125,1867.5772705078125,408.6150817871094,319.9544372558594,1893.65673828125,204.53880310058594,301.54791259765625,1768.1202392578125,77.23538208007812,557.1055908203125,2042.76611328125,538.1583862304688,518.7197265625,1934.826416015625,403.64031982421875,492.5547180175781,2036.3797607421875,201.89723205566406,515.1824951171875,2115.631103515625,42.11842727661133,181.64247131347656,1411.83056640625,621.9310302734375,172.0283660888672,1514.7509765625,550.2914428710938,195.47406005859375,1453.303466796875,271.05780029296875,219.29946899414062,1555.663330078125,118.36812591552734,432.1366882324219,1354.5987548828125,639.8275146484375,475.1142272949219,1434.5001220703125,553.2639770507812,438.3367919921875,1250.5787353515625,275.81060791015625,418.52801513671875,1243.42724609375,97.09937286376953,381.9335632324219,1762.0841064453125,749.5833129882812,57.750004775972826,114.96748265512463,78.1829158765994,38.74417968493373,114.53607147874038,130.58982348724794,-55.15946484582014,-112.42996398240567,-23.433452011294094,-42.708161708455066,-103.75179211174283,-63.33521348251338
1.845,309.2106018066406,2056.4111328125,522.8949584960938,298.3769226074219,1877.03515625,407.4033203125,320.1817321777344,1908.7598876953125,203.87545776367188,300.2975158691406,1779.2449951171875,80.68818664550781,557.5944213867188,2048.33056640625,537.9968872070312,519.6510620117188,1938.5521240234375,404.5617980957031,492.79083251953125,2037.4947509765625,202.39414978027344,515.142822265625,2114.986083984375,42.04193878173828,181.1181182861328,1419.7896728515625,621.6407470703125,172.4202423095703,1523.094970703125,550.2315063476562,195.81912231445312,1469.093017578125,267.93695068359375,219.5209503173828,1571.791015625,115.7594985961914,431.64105224609375,1361.539306640625,639.1705932617188,474.553466796875,1441.350830078125,552.4588623046875,438.3430480957031,1254.1263427734375,275.939453125,418.6302490234375,1243.9700927734375,97.19236755371094,382.57769775390625,1769.2314453125,749.2943725585938,57.22444620556885,113.9159175598486,76.87415129069728,39.444488319408066,114.47797881680935,130.75899187125634,-55.34603830253238,-113.82431736475502,-24.46456352374301,-42.62719791223884,-103.2718398835033,-63.89664048002878
1.85,310.1948547363281,2064.385498046875,523.03955078125,298.728271484375,1886.7440185546875,406.15240478515625,320.4211120605469,1924.17822265625,203.35238647460938,298.9701843261719,1791.091796875,84.09642028808594,558.1273803710938,2053.726806640625,537.9432983398438,520.5548706054688,1942.2113037109375,405.5741882324219,493.0403747558594,2038.6597900390625,202.96795654296875,515.0842895507812,2114.345703125,41.99262619018555,180.6344451904297,1427.6766357421875,621.2628173828125,172.85939025878906,1531.332275390625,550.0933837890625,196.2429656982422,1484.412109375,264.8769226074219,219.7930908203125,1587.2415771484375,113.09427642822266,431.1531677246094,1368.4337158203125,638.4627075195312,473.9944152832031,1448.1527099609375,551.5855712890625,438.3847351074219,1257.7261962890625,276.0033874511719,418.7462158203125,1244.514404296875,97.26730346679688,383.1929016113281,1776.3074951171875,749.0360107421875,56.655296866182795,112.8863784798728,75.63177240818123,40.11275240502687,114.43097341170125,130.86332234438237,-55.52670607182766,-115.1313971331017,-25.487898374367262,-42.53968343090932,-102.81595261743695,-64.50376332591271
1.855,311.2256774902344,2072.46044921875,523.2403564453125,299.0821838378906,1896.6737060546875,404.8710021972656,320.6747131347656,1939.825927734375,202.98443603515625,297.57794189453125,1803.603759765625,87.42596435546875,558.7003173828125,2058.9599609375,537.99560546875,521.428466796875,1945.826904296875,406.6587219238281,493.3021240234375,2039.88427734375,203.60536193847656,515.0109252929688,2113.724853515625,41.965518951416016,180.19166564941406,1435.4781494140625,620.7960205078125,173.34043884277344,1539.4481201171875,549.8759765625,196.73684692382812,1499.1817626953125,261.9010925292969,220.1131134033203,1601.966796875,110.40150451660156,430.67010498046875,1375.26123046875,637.7081298828125,473.4414367675781,1454.8809814453125,550.6492919921875,438.4591369628906,1261.3701171875,276.00360107421875,418.8741760253906,1245.060791015625,97.3257064819336,383.7781982421875,1783.2979736328125,748.81103515625,56.04489498153703,111.88997782176966,74.46315403815055,40.74147584930586,114.40424182814326,130.88917983440888,-55.7013017741059,-116.33886953720031,-26.482601373559305,-42.4445091297805,-102.38759225192096,-65.15846397984973
1.86,312.29638671875,2080.60693359375,523.4956665039062,299.43585205078125,1906.7862548828125,403.56915283203125,320.9438781738281,1955.6119384765625,202.78311157226562,296.1346130371094,1816.7100830078125,90.64401245117188,559.30810546875,2064.035400390625,538.1497192382812,522.2697143554688,1949.4173583984375,407.7962951660156,493.57440185546875,2041.173095703125,204.29330444335938,514.926513671875,2113.134521484375,41.95600128173828,179.7895050048828,1443.177978515625,620.2412719726562,173.85726928710938,1547.425537109375,549.579345703125,197.29080200195312,1513.3253173828125,259.03057861328125,220.47705078125,1615.9212646484375,107.7099838256836,430.1897277832031,1381.9998779296875,636.9119262695312,472.8989562988281,1461.509765625,549.6564331054688,438.5632019042969,1265.0482177734375,275.9421691894531,419.0122375488281,1245.610107421875,97.36927795410156,384.3324279785156,1790.1861572265625,748.6220703125,55.39650280001911,110.93600622367552,73.37534111742303,41.32473890650007,114.40552777028824,130.82612434821203,-55.86947666774802,-117.43663426651013,-27.429735429758068,-42.340744271757956,-101.9899281917093,-65.8615149473939
1.865,313.3996276855469,2088.79150390625,523.802978515625,299.7857971191406,1917.036376953125,402.2580261230469,321.2291259765625,1971.440673828125,202.75608825683594,294.6556091308594,1830.325439453125,93.719970703125,559.9446411132812,2068.957275390625,538.3994750976562,523.0763549804688,1952.99609375,408.9679870605469,493.8551940917969,2042.52685546875,205.01902770996094,514.8341674804688,2112.582763671875,41.95985794067383,179.4273223876953,1450.7576904296875,619.6016845703125,174.4031982421875,1555.2452392578125,549.20556640625,197.89385986328125,1526.771240234375,256.2839050292969,220.8797149658203,1629.064697265625,105.04771423339844,429.71051025390625,1388.626708984375,636.0799560546875,472.3712463378906,1468.0120849609375,548.6140747070312,438.6936340332031,1268.748046875,275.8221130371094,419.1584777832031,1246.16259765625,97.39983367919922,384.854248046875,1796.9525146484375,748.4710693359375,54.7143245522314,110.03197953095082,72.37468572208104,41.85802387509773,114.44116873504652,130.66690265718205,-56.0307736206194,-118.41712650284356,-28.312634814489286,-42.2273663849289,-101.62594188114718,-66.61294833535345
1.87,314.5273132324219,2096.974853515625,524.158447265625,300.1281433105469,1927.3709716796875,400.94970703125,321.53021240234375,1987.21337890625,202.90660095214844,293.1575012207031,1844.35107421875,96.62625885009766,560.603271484375,2073.728515625,538.7367553710938,523.846435546875,1956.57080078125,410.1555480957031,494.1421203613281,2043.9415283203125,205.77027893066406,514.7367553710938,2112.074951171875,41.973323822021484,179.10403442382812,1458.1956787109375,618.8824462890625,174.97108459472656,1562.88525390625,548.7581176757812,198.53433227539062,1539.454345703125,253.67698669433594,221.31480407714844,1641.362060546875,102.44132995605469,429.23187255859375,1395.1171875,635.2191162109375,471.8623352050781,1474.3607177734375,547.53076171875,438.8468933105469,1272.4552001953125,275.64727783203125,419.3109130859375,1246.7181396484375,97.41926574707031,385.3423156738281,1803.5753173828125,748.3593139648438,54.00346994530324,109.18336188171622,71.4669771657359,42.3384474768267,114.51578683365585,130.40814904737147,-56.184596116451985,-119.27536015295318,-29.117337835363458,-42.10396451456043,-101.29779813070968,-67.41084304324215
1.875,315.6707763671875,2105.114013671875,524.5574951171875,300.45880126953125,1937.7296142578125,399.65692138671875,321.8458557128906,2002.828125,203.23316955566406,291.6575012207031,1858.6751708984375,99.33912658691406,561.2765502929688,2078.349853515625,539.1516723632812,524.5781860351562,1960.1434326171875,411.3415832519531,494.4326171875,2045.40966796875,206.5353546142578,514.6366577148438,2111.614013671875,41.99311447143555,178.81813049316406,1465.467529296875,618.091064453125,175.553466796875,1570.321533203125,548.2422485351562,199.2000732421875,1551.3179931640625,251.222900390625,221.77516174316406,1652.7852783203125,99.91561126708984,428.75390625,1401.445556640625,634.3369750976562,471.3759460449219,1480.52783203125,546.4158325195312,439.0193176269531,1276.1527099609375,275.4225158691406,419.46746826171875,1247.2762451171875,97.42951202392578,385.79541015625,1810.03076171875,748.2874145507812,53.270066154443185,108.3937703898452,70.6573753800028,42.7644979595637,114.63225201874184,130.04986701082265,-56.33031004714684,-120.00884909994743,-29.832572637763093,-41.970375120239055,-101.00710961354844,-68.25175517599426
1.88,316.8207702636719,2113.160888671875,524.9943237304688,300.7738037109375,1948.0452880859375,398.39263916015625,322.17413330078125,2018.1817626953125,203.72933959960938,290.1730651855469,1873.1746826171875,101.83921813964844,561.956787109375,2082.8193359375,539.6327514648438,525.2698364257812,1963.70947265625,412.51007080078125,494.7239074707031,2046.9202880859375,207.30322265625,514.5359497070312,2111.201416015625,42.01644515991211,178.5677947998047,1472.54638671875,617.2371215820312,176.1427764892578,1577.527587890625,547.6648559570312,199.8787841796875,1562.31591796875,248.9320068359375,222.25291442871094,1663.31396484375,97.49301147460938,428.2776184082031,1407.58544921875,633.4420166015625,470.9154052734375,1486.4857177734375,545.27978515625,439.2071228027344,1279.821533203125,275.1535339355469,419.62615966796875,1247.8358154296875,97.43245697021484,386.2124938964844,1816.2926025390625,748.2548828125,52.520966880404444,107.66512710879397,69.94987222910441,43.136157564017964,114.7914228303598,129.59612449041077,-56.4670996665334,-120.61787990149048,-30.45057288496622,-41.826764279179514,-100.75489192919349,-69.13082851311896
1.885,317.96759033203125,2121.064453125,525.46240234375,301.0694274902344,1958.2447509765625,397.169677734375,322.51220703125,2033.1697998046875,204.3837432861328,288.7214660644531,1887.71630859375,104.11215209960938,562.6360473632812,2087.1318359375,540.1673583984375,525.9198608398438,1967.2586669921875,413.6463928222656,495.0130615234375,2048.459228515625,208.0635223388672,514.4363403320312,2110.83642578125,42.041011810302734,178.35081481933594,1479.40283203125,616.33203125,176.73143005371094,1584.4754638671875,547.0344848632812,200.55841064453125,1572.4129638671875,246.81192016601562,222.73976135253906,1672.9366455078125,95.19331359863281,427.8047790527344,1413.509033203125,632.5432739257812,470.48358154296875,1492.206787109375,544.1338500976562,439.4064636230469,1283.4400634765625,274.84674072265625,419.7849426269531,1248.3948974609375,97.42991638183594,386.5928649902344,1822.3336181640625,748.2604370117188,51.76388753225535,106.9978082034176,69.34737871748519,43.45451552886135,114.99259098063908,129.05389217952597,-56.5943333631044,-121.10484424390222,-30.965989532505034,-41.67391602690989,-100.54120032990181,-70.04108132439293
1.89,319.1011962890625,2128.770751953125,525.9542236328125,301.3423767089844,1968.2501220703125,396.0003356933594,322.856689453125,2047.6883544921875,205.18023681640625,287.31903076171875,1902.1590576171875,106.14875030517578,563.3063354492188,2091.27880859375,540.7421264648438,526.5269775390625,1970.774658203125,414.7376403808594,495.29718017578125,2050.010498046875,208.80677795410156,514.3392944335938,2110.517822265625,42.06499481201172,178.16482543945312,1486.005126953125,615.3887939453125,177.31202697753906,1591.1348876953125,546.3610229492188,201.22740173339844,1581.5870361328125,244.86761474609375,223.22731018066406,1681.6510009765625,93.03334045410156,427.337890625,1419.1884765625,631.6502075195312,470.082763671875,1497.6639404296875,542.9900512695312,439.6134948730469,1286.9849853515625,274.50933837890625,419.9419250488281,1248.9510498046875,97.4235610961914,386.9361572265625,1828.1248779296875,748.3018798828125,51.00714811741821,106.39093467566425,68.8511777428015,43.721774048578766,115.23304127638949,128.43357477159998,-56.711261049689455,-121.4748723299796,-31.37736680745897,-41.51289646555807,-100.3655439154767,-70.97430953744808
1.895,320.21124267578125,2136.2236328125,526.461669921875,301.590087890625,1977.9798583984375,394.8959045410156,323.20361328125,2061.634765625,206.09829711914062,285.9810485839844,1916.3563232421875,107.94525146484375,563.9599609375,2095.248779296875,541.3431396484375,527.0900268554688,1974.235595703125,415.7726135253906,495.5733337402344,2051.55615234375,209.52427673339844,514.2460327148438,2110.2431640625,42.0870246887207,178.0072021484375,1492.320068359375,614.421875,177.8774871826172,1597.47509765625,545.6558227539062,201.87510681152344,1589.8294677734375,243.10145568847656,223.707275390625,1689.46435546875,91.0267105102539,426.8800964355469,1424.59521484375,630.7727661132812,469.7146911621094,1502.8310546875,541.8609619140625,439.8243408203125,1290.43115234375,274.14898681640625,420.09521484375,1249.5009765625,97.4149169921875,387.242431640625,1833.637451171875,748.3759765625,50.25945973082298,105.84274120525089,68.46047232337708,43.94118403748078,115.50826779514301,127.74855766160562,-56.81735070634005,-121.73507768172878,-31.686092400997182,-41.345399140199675,-100.22648164235186,-71.92044244228458
1.9,321.2872314453125,2143.366455078125,526.9761352539062,301.81072998046875,1987.3507080078125,393.8663635253906,323.548583984375,2074.909423828125,207.11363220214844,284.7210693359375,1930.1593017578125,109.50322723388672,564.5894165039062,2099.027099609375,541.9563598632812,527.6080322265625,1977.6153564453125,416.7420349121094,495.8387145996094,2053.0771484375,210.20828247070312,514.1575927734375,2110.009033203125,42.10614776611328,177.875244140625,1498.313232421875,613.4466552734375,178.42117309570312,1603.4647216796875,544.93115234375,202.4919891357422,1597.145263671875,241.513427734375,224.17184448242188,1696.3941650390625,89.18376922607422,426.4349670410156,1429.701416015625,629.9208374023438,469.3804626464844,1507.683349609375,540.75927734375,440.03533935546875,1293.752197265625,273.7737731933594,420.2430114746094,1250.0406494140625,97.4052734375,387.51226806640625,1838.84228515625,748.4785766601562,49.52979790524921,105.3507459833395,68.17230852520834,44.11666018487517,115.8124169246484,127.01416640847094,-56.91219623557657,-121.89464363626067,-31.896585599438566,-41.17339130032633,-100.12197801987979,-72.86840812905527
1.905,322.31878662109375,2150.142578125,527.4888305664062,302.0032653808594,1996.2794189453125,392.91998291015625,323.8869934082031,2087.4169921875,208.19894409179688,283.5506896972656,1943.4195556640625,110.82933807373047,565.1878051757812,2102.595947265625,542.5680541992188,528.0803833007812,1980.8837890625,417.638427734375,496.0906982421875,2054.55419921875,210.85198974609375,514.07470703125,2109.81201171875,42.121795654296875,177.76625061035156,1503.9501953125,612.4791870117188,178.93701171875,1609.07275390625,544.2001342773438,203.0698699951172,1603.5531005859375,240.1012420654297,224.6138916015625,1702.4676513671875,87.51155090332031,426.0065612792969,1434.4798583984375,629.1041870117188,469.0805969238281,1512.1978759765625,539.69775390625,440.2428283691406,1296.9208984375,273.3919982910156,420.38372802734375,1250.5657958984375,97.39569854736328,387.7466735839844,1843.7110595703125,748.6048583984375,48.82703054920839,104.91218267244972,67.98100674743847,44.252612867934744,116.13827177358996,126.24755585011496,-56.99552831683219,-121.96461877871597,-32.016220005209505,-40.99933967836665,-100.04918393637146,-73.80567237473001
1.91,323.295654296875,2156.497314453125,527.9907836914062,302.1676330566406,2004.6851806640625,392.06304931640625,324.21405029296875,2099.069091796875,209.32476806640625,282.4792785644531,1955.993408203125,111.9349136352539,565.7489013671875,2105.936279296875,543.1653442382812,528.5067749023438,1984.0086669921875,418.45611572265625,496.3268127441406,2055.9677734375,211.44961547851562,513.9981079101562,2109.648681640625,42.133731842041016,177.677490234375,1509.1973876953125,611.5355834960938,179.4196319580078,1614.26953125,543.4761962890625,203.6021728515625,1609.0849609375,238.8604736328125,225.0271759033203,1707.7210693359375,86.01380157470703,425.5990905761719,1438.905029296875,628.33203125,468.81500244140625,1516.354248046875,538.688720703125,440.443359375,1299.91015625,273.011962890625,420.515869140625,1251.071044921875,97.38699340820312,387.9471435546875,1848.2174072265625,748.749267578125,48.15975059241066,104.52399764397023,67.87838908258993,44.3538349269447,116.4778130395402,125.46702713544607,-57.06727180487597,-121.95764615997065,-32.05512267538194,-40.82606343469729,-100.00459049309143,-74.71911212327473
1.915,324.20819091796875,2162.3798828125,528.473388671875,302.3045349121094,2012.4920654296875,391.2997131347656,324.525146484375,2109.78564453125,210.46060180664062,281.51373291015625,1967.7451171875,112.83534240722656,566.2671508789062,2109.028076171875,543.7362060546875,528.88720703125,1986.956298828125,419.1912841796875,496.544921875,2057.2998046875,211.9964141845703,513.9283447265625,2109.514892578125,42.14200210571289,177.60635375976562,1514.0230712890625,610.6315307617188,179.86444091796875,1619.028076171875,542.77294921875,204.08387756347656,1613.784423828125,237.78480529785156,225.40658569335938,1712.1995849609375,84.69114685058594,425.21673583984375,1442.953857421875,627.613037109375,468.5830993652344,1520.1348876953125,537.743896484375,440.6338195800781,1302.6939697265625,272.6417541503906,420.63812255859375,1251.551025390625,97.37971496582031,388.1156921386719,1852.3377685546875,748.9058227539062,47.53601026444494,104.18321310728174,67.85375866135394,44.425440392404965,116.82199951536461,124.69143665177671,-57.12778222233868,-121.88723014233243,-32.02480178767328,-40.65650237499966,-99.98435873047774,-75.59554757756624
1.92,325.0474548339844,2167.744140625,528.9283447265625,302.4154052734375,2019.6314697265625,390.63189697265625,324.8158264160156,2119.49755859375,211.57594299316406,280.65838623046875,1978.5518798828125,113.54939270019531,566.7379760742188,2111.851318359375,544.2700805664062,529.2221069335938,1989.6934814453125,419.8418273925781,496.7431945800781,2058.533203125,212.48873901367188,513.8656616210938,2109.4072265625,42.146881103515625,177.55035400390625,1518.3988037109375,609.7819213867188,180.26766967773438,1623.3245849609375,542.1035766601562,204.51173400878906,1617.7061767578125,236.8662109375,225.7482147216797,1715.955322265625,83.54125213623047,424.86358642578125,1446.6068115234375,626.95458984375,468.3837585449219,1523.526123046875,536.873779296875,440.8112487792969,1305.24755859375,272.28900146484375,420.7493591308594,1252.0001220703125,97.37419128417969,388.2546691894531,1856.0521240234375,749.0684204101562,46.96295457538588,103.88703060659242,67.8942167996525,44.472469864301274,117.16173797028944,123.93942797826935,-57.177515070870186,-121.76797861367689,-31.939109025578034,-40.49375869572782,-99.98410962434343,-76.42160964092878
1.925,325.8055725097656,2172.5517578125,529.34814453125,302.5024719238281,2026.044921875,390.0591735839844,325.08203125,2128.14990234375,212.6415252685547,279.9150695800781,1988.307373046875,114.09833526611328,567.1578979492188,2114.38720703125,544.7579956054688,529.51220703125,1992.1893310546875,420.4072570800781,496.92022705078125,2059.6533203125,212.924072265625,513.8104248046875,2109.322021484375,42.148826599121094,177.50714111328125,1522.3011474609375,609.0001831054688,180.6265106201172,1627.1405029296875,541.4803466796875,204.88406372070312,1620.9134521484375,236.0951385498047,226.0493927001953,1719.047119140625,82.55903625488281,424.5433349609375,1449.848388671875,626.3630981445312,468.21539306640625,1526.5185546875,536.0875854492188,440.9731750488281,1307.5494384765625,271.96063232421875,420.8487548828125,1252.4129638671875,97.37049865722656,388.36669921875,1859.3450927734375,749.2308349609375,46.44671579844311,103.63258472209776,67.98543277035162,44.4997059575561,117.48815175338177,123.22823070564442,-57.21719327836924,-121.61466143176888,-31.81250547877937,-40.34093942234679,-99.99931693153746,-77.18476597786933
1.93,326.4761962890625,2176.7724609375,529.7263793945312,302.56829833984375,2031.6871337890625,389.5791015625,325.32037353515625,2135.704345703125,213.6305389404297,279.2829895019531,1996.9268798828125,114.50505828857422,567.5245361328125,2116.62109375,545.1928100585938,529.7589111328125,1994.4166259765625,420.8887634277344,497.0749816894531,2060.64794921875,213.3010711669922,513.7626953125,2109.255615234375,42.14841079711914,177.47457885742188,1525.712890625,608.2977905273438,180.93911743164062,1630.463623046875,540.9142456054688,205.20079040527344,1623.4764404296875,235.46075439453125,226.3087615966797,1721.5382080078125,81.73696899414062,424.25909423828125,1452.6690673828125,625.8432006835938,468.0760803222656,1529.108154296875,535.3924560546875,441.1175537109375,1309.58203125,271.6627502441406,420.9356689453125,1252.784423828125,97.36854553222656,388.45477294921875,1862.2073974609375,749.3871459960938,45.99182603488288,103.4174579940173,68.11169572661248,44.51200834272635,117.7925908857519,122.57406006647011,-57.247829647225444,-121.4417703015936,-31.65977575930404,-40.200843071337175,-100.02547875581533,-77.87397643389784
1.935,327.0546569824219,2180.38818359375,530.0579223632812,302.615966796875,2036.5283203125,389.1871032714844,325.5281066894531,2142.14208984375,214.51976013183594,278.759033203125,2004.3511962890625,114.79315185546875,567.836669921875,2118.54150390625,545.569580078125,529.9638671875,1996.3538818359375,421.2889709472656,497.2069396972656,2061.50830078125,213.61959838867188,513.722412109375,2109.20556640625,42.14628219604492,177.4507293701172,1528.6248779296875,607.683837890625,181.20474243164062,1633.2894287109375,540.4144287109375,205.46327209472656,1625.4697265625,234.95111083984375,226.52622985839844,1723.4951171875,81.06531524658203,424.01312255859375,1455.065673828125,625.3978881835938,467.9635009765625,1531.2969970703125,534.7935180664062,441.2428894042969,1311.3328857421875,271.4001770019531,421.0097961425781,1253.1102294921875,97.36807250976562,388.5219421386719,1864.636474609375,749.5320434570312,45.601457225035375,103.23900829250749,68.25771093833117,44.51346085408204,118.06775372909453,121.99022400229256,-57.27056295205894,-121.26301515226463,-31.49527900084294,-40.076074173042684,-100.05811353050163,-78.47976800602224
1.94,327.5386047363281,2183.393310546875,530.339111328125,302.648681640625,2040.5576171875,388.8769226074219,325.7034912109375,2147.466796875,215.29071044921875,278.3377380371094,2010.5513916015625,114.98596954345703,568.0944213867188,2120.14404296875,545.8853759765625,530.12939453125,1997.98681640625,421.6119384765625,497.3160705566406,2062.2294921875,213.88076782226562,513.6893920898438,2109.16845703125,42.14309310913086,177.43385314941406,1531.0377197265625,607.1644897460938,181.42367553710938,1635.622314453125,539.9876708984375,205.67416381835938,1626.970458984375,234.55345153808594,226.702880859375,1724.986083984375,80.53237915039062,423.8068542480469,1457.0428466796875,625.0281982421875,467.87518310546875,1533.09375,534.2932739257812,441.3482360839844,1312.795654296875,271.17645263671875,421.07110595703125,1253.3870849609375,97.36872100830078,388.5713806152344,1866.63818359375,749.6608276367188,45.27680616576586,103.09489283283386,68.40855862756558,44.50798746830509,118.30733298602189,121.48726121774263,-57.28653930740447,-121.09091072638343,-31.332592573578438,-39.968585143548836,-100.09320801970074,-78.99537176131665
1.945,327.9281311035156,2185.7978515625,530.568115234375,302.66961669921875,2043.7847900390625,388.6407775878906,325.8457336425781,2151.707763671875,215.93072509765625,278.0116271972656,2015.5323486328125,115.10575103759766,568.2992553710938,2121.431396484375,546.1394653320312,530.25830078125,1999.3101806640625,421.863037109375,497.4029846191406,2062.810546875,214.08697509765625,513.663330078125,2109.142333984375,42.139461517333984,177.4224395751953,1532.962890625,606.7424926757812,181.59738159179688,1637.4776611328125,539.637939453125,205.83724975585938,1628.0560302734375,234.25436401367188,226.84088134765625,1726.07958984375,80.12482452392578,423.6404724121094,1458.614013671875,624.73291015625,467.80841064453125,1534.514892578125,533.8915405273438,441.4333190917969,1313.9718017578125,270.9935607910156,421.1199035644531,1253.61328125,97.3700942993164,388.606201171875,1868.2269287109375,749.7701416015625,45.017298053457864,102.98228321352258,68.55145142415091,44.4988530590652,118.50698541876176,121.07223172126942,-57.29718051325622,-120.93570248122188,-31.182910008027847,-39.879839091704525,-100.12713263000605,-79.41680698017363
1.95,328.22625732421875,2187.6279296875,530.7452392578125,302.68182373046875,2046.2431640625,388.46978759765625,325.9553527832031,2154.922119140625,216.43382263183594,277.7713317871094,2019.337158203125,115.17282104492188,568.4542236328125,2122.4150390625,546.333740234375,530.35400390625,2000.329345703125,422.0490417480469,497.46881103515625,2063.25537109375,214.24195861816406,513.643798828125,2109.124755859375,42.135929107666016,177.4151153564453,1534.4246826171875,606.4169921875,181.72854614257812,1638.882080078125,539.3660278320312,205.95726013183594,1628.8018798828125,234.0399932861328,226.94342041015625,1726.8428955078125,79.82783508300781,423.512939453125,1459.802490234375,624.5086669921875,467.76025390625,1535.585205078125,533.584716796875,441.4986267089844,1314.87109375,270.8517150878906,421.1568603515625,1253.7889404296875,97.37178039550781,388.62939453125,1869.4273681640625,749.8576049804688,44.82009326701649,102.89839145869087,68.67574645802193,44.48861400798111,118.66455822285445,120.74752952757035,-57.30368742161528,-120.8054052758024,-31.05538899866687,-39.81031475041246,-100.157074748107,-79.74388757866278
1.955,328.439208984375,2188.928466796875,530.8728637695312,302.68804931640625,2047.991455078125,388.35406494140625,326.03411865234375,2157.197998046875,216.80157470703125,277.6058349609375,2022.0494384765625,115.20487976074219,568.5636596679688,2123.116943359375,546.47216796875,530.42041015625,2001.0614013671875,422.1778564453125,497.515380859375,2063.573486328125,214.35081481933594,513.6300048828125,2109.113525390625,42.13291549682617,177.41079711914062,1535.46142578125,606.182861328125,181.821044921875,1639.875244140625,539.1690673828125,206.03982543945312,1629.280029296875,233.89622497558594,227.01458740234375,1727.3408203125,79.62535858154297,423.42169189453125,1460.642578125,624.3497314453125,467.727783203125,1536.338623046875,533.3661499023438,441.54534912109375,1315.512939453125,270.7492370605469,421.1829833984375,1253.9158935546875,97.37342071533203,388.6437072753906,1870.274658203125,749.922607421875,44.680271910648116,102.83979422207159,68.77415827420214,44.479323764287386,118.77996805359373,120.5112058501004,-57.307261692637226,-120.70495089277026,-30.956002069013607,-39.75960228079833,-100.18105307614924,-79.98058436246376
1.96,328.57666015625,2189.76416015625,530.9559326171875,302.6906433105469,2049.115234375,388.28314208984375,326.085205078125,2158.655029296875,217.043701171875,277.5025939941406,2023.796630859375,115.21646118164062,568.633544921875,2123.5693359375,546.5612182617188,530.4622192382812,2001.5361328125,422.2586669921875,497.545166015625,2063.778564453125,214.4199676513672,513.6212768554688,2109.10693359375,42.130680084228516,177.4084930419922,1536.126220703125,606.0309448242188,181.8800506591797,1640.510498046875,539.0404052734375,206.0912628173828,1629.55712890625,233.8087921142578,227.0592803955078,1727.63525390625,79.50025177001953,423.36273193359375,1461.1795654296875,624.2478637695312,467.7079162597656,1536.8184814453125,533.225341796875,441.5755310058594,1315.9268798828125,270.6824645996094,421.19970703125,1253.998779296875,97.3747329711914,388.65167236328125,1870.8157958984375,749.9659423828125,44.590723445177304,102.80272197455753,68.84328175471353,44.472182212803716,118.85619002899682,120.35615957470054,-57.30893131073364,-120.6358666341606,-30.886997100734987,-39.72628361206736,-100.19798987421487,-80.13505361957965
1.965,328.65191650390625,2190.219970703125,531.0016479492188,302.6913757324219,2049.728515625,388.2461242675781,326.11328125,2159.447265625,217.1785430908203,277.44781494140625,2024.7518310546875,115.21846008300781,568.6714477539062,2123.81689453125,546.6099243164062,530.4845581054688,2001.7972412109375,422.30181884765625,497.5613708496094,2063.890869140625,214.45733642578125,513.6165771484375,2109.10400390625,42.12932205200195,177.407470703125,1536.4884033203125,605.9473876953125,181.9120330810547,1640.8555908203125,538.96923828125,206.1185302734375,1629.6939697265625,233.76345825195312,227.08316040039062,1727.7835693359375,79.43440246582031,423.3304443359375,1461.47119140625,624.1924438476562,467.69757080078125,1537.0782470703125,533.1484375,441.59210205078125,1316.1534423828125,270.6455993652344,421.2087707519531,1254.044677734375,97.37557983398438,388.6553955078125,1871.109375,749.9903564453125,44.54202931502971,102.78280662596995,68.88376487433447,44.467721874645605,118.89874016984584,120.2701409114411,-57.30948439781045,-120.59609619315205,-30.847087397371894,-39.707772323780546,-100.20795365003332,-80.22043645293988
1.97,328.68212890625,2190.40234375,531.0201416015625,302.6914367675781,2049.97412109375,388.2318420410156,326.1246032714844,2159.763671875,217.23342895507812,277.4263610839844,2025.1348876953125,115.21785736083984,568.6865844726562,2123.916259765625,546.62939453125,530.493408203125,2001.9024658203125,422.31878662109375,497.56781005859375,2063.93603515625,214.47216796875,513.6146850585938,2109.102783203125,42.12873077392578,177.40713500976562,1536.6331787109375,605.9136352539062,181.92477416992188,1640.993408203125,538.9404296875,206.1291961669922,1629.7440185546875,233.74607849121094,227.09255981445312,1727.8389892578125,79.40880584716797,423.31744384765625,1461.5875244140625,624.1703491210938,467.6935729980469,1537.181640625,533.1176147460938,441.5987548828125,1316.244384765625,270.63067626953125,421.21240234375,1254.063232421875,97.37596130371094,388.6567077636719,1871.2264404296875,750.0004272460938,44.522558518032326,102.77494527633706,68.90080740892358,44.46576980653634,118.91605438436488,120.23518675805963,-57.3096704750797,-120.57937667354007,-30.830142517652746,-39.70025319174343,-100.21217217259633,-80.25499167922356
1.975,328.6883850097656,2190.43994140625,531.0239868164062,302.69140625,2050.024658203125,388.2289733886719,326.126953125,2159.828857421875,217.244873046875,277.4220275878906,2025.2139892578125,115.217529296875,568.689697265625,2123.936767578125,546.6334228515625,530.4951782226562,2001.9241943359375,422.3222351074219,497.56915283203125,2063.9453125,214.47520446777344,513.6143188476562,2109.1025390625,42.12860107421875,177.40707397460938,1536.6629638671875,605.9066772460938,181.92738342285156,1641.021728515625,538.9344482421875,206.13134765625,1629.753662109375,233.74261474609375,227.09446716308594,1727.849853515625,79.40364837646484,423.31475830078125,1461.6114501953125,624.165771484375,467.6927795410156,1537.202880859375,533.1112670898438,441.6001281738281,1316.26318359375,270.6275939941406,421.213134765625,1254.067138671875,97.37604522705078,388.6569519042969,1871.25048828125,750.0025024414062,44.518572272859814,102.77327560343076,68.90452441041214,44.46534964181916,118.91965731942804,120.22794354749493,-57.309684668392066,-120.57584352959957,-30.826557053975023,-39.69870541339475,-100.21305686856495,-80.26212002926687
